省份,流域,断面名称,监测时间,水质类别,水温(℃),pH(无量纲),溶解氧(mg/L),电导率(μS/cm),浊度(NTU),高锰酸盐指数(mg/L),氨氮(mg/L),总磷(mg/L),总氮(mg/L),叶绿素α(mg/L),藻密度(cells/L)
北京市,海河流域,鼓楼外大街,02-25 09:00,2,8.4,7.91,9.72,477.8,12.5,2.06,0.007,0.012,3.33,--,--
北京市,海河流域,广北滨河路（桥）,02-25 09:00,1,11.5,7.91,9.69,1132.0,3.6,1.06,--,0.018,10.26,--,--
北京市,海河流域,沙窝,02-25 09:00,2,9.9,7.76,10.59,755.6,18.6,3.25,0.037,0.028,5.70,--,--
北京市,海河流域,新八里桥,02-25 09:00,2,10.2,7.81,9.26,850.0,8.2,3.30,0.076,0.039,9.81,--,--
北京市,海河流域,大红门闸上,02-25 09:00,2,13.3,7.63,8.46,1260.4,4.0,2.94,0.035,0.033,9.63,--,--
北京市,海河流域,南大荒桥,02-25 09:00,2,4.8,8.45,12.17,982.7,6.7,3.52,--,0.028,5.14,--,--
北京市,海河流域,清河闸,02-25 09:00,2,12.7,7.53,6.60,793.4,10.7,2.37,0.108,0.064,8.10,--,--
北京市,海河流域,花园路,02-25 09:00,2,11.1,7.48,8.84,800.5,4.9,2.50,0.041,0.038,8.81,--,--
北京市,海河流域,白石桥,02-25 09:00,2,8.6,7.95,12.64,464.0,7.4,2.70,--,0.011,3.77,--,--
北京市,海河流域,八间房漫水桥,02-25 09:00,2,6.3,8.19,10.89,1050.6,18.2,3.01,0.126,0.096,5.81,--,--
北京市,海河流域,码头,02-25 09:00,2,8.4,7.76,12.34,1020.5,24.5,1.88,0.099,0.030,11.92,--,--
北京市,海河流域,罗庄,02-25 09:00,2,7.2,8.05,8.60,1308.7,7.8,3.74,0.117,0.066,8.12,--,--
北京市,海河流域,小屯桥,02-25 09:00,2,6.8,8.18,9.38,1279.7,1.0,3.92,0.074,0.059,7.24,--,--
北京市,海河流域,东店,02-25 09:00,2,4.5,8.01,13.09,753.4,5.0,1.91,0.116,0.029,13.15,--,--
北京市,海河流域,密云水库,02-25 09:00,2,2.0,8.02,14.31,442.2,0.3,2.82,0.024,0.010,3.97,--,--
北京市,海河流域,大关桥,02-25 09:00,1,2.1,8.03,11.36,479.3,3.8,1.07,--,0.011,6.86,--,--
北京市,海河流域,谷家营,02-25 09:00,2,6.8,7.65,12.07,660.7,6.4,1.56,--,0.022,7.56,--,--
北京市,海河流域,后城,02-25 09:00,1,3.8,8.38,10.56,650.5,12.3,1.06,0.018,0.012,12.33,--,--
天津市,海河流域,三岔口,02-25 08:00,2,6.6,8.16,12.76,996.7,1.3,3.45,0.237,0.038,3.65,--,--
天津市,海河流域,北洋桥,02-25 09:00,3,7.2,8.39,15.19,1042.6,1.9,4.20,0.101,0.043,3.43,--,--
天津市,海河流域,大红桥,02-25 09:00,3,6.7,8.01,14.30,1137.3,5.0,4.26,0.120,0.043,3.55,--,--
天津市,海河流域,曹庄子泵站,02-25 09:00,2,7.6,8.22,11.44,280.4,2.0,2.42,--,0.007,1.13,--,--
天津市,海河流域,生产圈闸,02-25 09:00,3,6.6,8.13,24.38,1692.6,0.2,5.14,0.105,0.038,4.17,--,--
天津市,海河流域,土门楼,02-25 09:00,3,5.5,8.30,13.29,1103.0,6.0,4.57,0.024,0.032,7.40,--,--
天津市,海河流域,尔王庄泵站,02-25 09:00,2,6.4,8.17,11.14,595.5,1.2,2.82,0.007,0.011,2.89,--,--
天津市,海河流域,塘汉公路桥,02-25 09:00,3,28.5,6.81,6.26,--,--,4.57,0.812,0.168,4.95,--,--
天津市,海河流域,海河大闸,02-25 09:00,4,7.8,8.88,16.31,6478.0,6.1,6.33,0.195,0.075,4.68,--,--
天津市,海河流域,北排水河防潮闸,02-25 09:00,2,11.7,8.03,9.73,3081.3,8.3,3.61,0.101,0.041,0.98,--,--
天津市,海河流域,沧浪渠出境,02-25 09:00,-1,--,--,--,--,--,--,--,--,--,--,--
天津市,海河流域,万家码头,02-25 09:00,3,6.9,8.38,10.92,2523.2,10.9,5.76,0.086,0.055,2.29,--,--
天津市,海河流域,蓟运河防潮闸,02-25 09:00,4,5.9,8.52,15.40,1890.2,3.4,6.55,0.157,0.095,3.47,--,--
天津市,海河流域,青静黄防潮闸,02-25 09:00,5,6.2,8.68,16.13,7518.1,9.4,11.86,--,0.165,2.65,--,--
天津市,海河流域,阎辛庄,02-25 09:00,4,6.9,8.58,15.57,1407.0,16.3,6.07,0.079,0.049,4.81,--,--
天津市,海河流域,于桥水库出口,02-25 09:00,1,6.2,8.09,8.62,486.2,4.5,1.44,0.012,--,2.94,--,--
天津市,海河流域,沙河桥,02-25 09:00,2,6.4,7.96,13.20,834.3,4.4,1.28,--,0.023,13.96,--,--
天津市,海河流域,果河桥,02-25 08:00,2,6.2,8.17,14.60,680.2,3.4,1.45,0.016,0.032,12.77,--,--
天津市,海河流域,西屯桥,02-25 09:00,2,6.1,7.90,16.79,681.7,5.0,3.53,--,0.047,2.07,--,--
河北省,海河流域,地都,02-25 09:00,2,14.6,7.72,6.76,1285.7,16.6,0.99,0.058,0.055,5.41,--,--
河北省,海河流域,平山桥,02-25 09:00,1,11.0,8.17,9.19,1032.2,13.2,0.63,0.017,0.011,6.66,--,--
河北省,海河流域,兆通,02-25 09:00,2,9.8,8.64,10.82,254.4,3.4,2.04,--,0.010,1.04,--,--
河北省,海河流域,大石桥,02-25 09:00,4,9.4,7.96,10.92,1567.8,5.6,7.08,0.024,0.120,11.66,--,--
河北省,海河流域,涧河口,02-25 09:00,6,5.4,9.70,16.89,8593.4,21.5,14.74,0.108,0.228,2.18,--,--
河北省,海河流域,丰北闸,02-25 09:00,3,7.2,8.46,14.95,1310.6,1.9,5.52,--,0.067,4.46,--,--
河北省,海河流域,滦县大桥,02-25 09:00,2,6.1,8.04,10.53,683.9,3.7,2.61,0.131,0.046,6.84,--,--
河北省,海河流域,新开河口,02-25 09:00,2,6.4,6.79,6.58,49494.1,2.6,2.27,0.018,0.018,1.09,--,--
河北省,海河流域,曲周,02-25 09:00,2,10.0,8.28,10.34,851.1,7.2,2.22,--,0.079,3.29,--,--
河北省,海河流域,沙阳,02-25 09:00,4,10.9,8.38,9.09,1329.5,6.6,4.26,1.257,0.037,8.51,--,--
河北省,海河流域,艾辛庄,02-25 09:00,4,10.9,8.21,11.59,1231.7,20.1,8.98,0.165,0.096,8.81,--,--
河北省,海河流域,后西吴桥,02-25 09:00,3,10.9,8.34,9.71,1118.5,12.2,4.01,0.124,0.084,11.00,--,--
河北省,海河流域,北河店,02-25 09:00,1,7.6,8.32,10.56,561.4,7.2,1.16,--,0.015,7.43,--,--
河北省,海河流域,白合,02-25 09:00,1,6.9,8.09,10.43,471.1,7.0,0.86,0.020,0.015,6.81,--,--
河北省,海河流域,杜里村,02-25 09:00,1,3.0,8.28,12.53,465.2,3.6,--,--,--,4.67,--,--
河北省,海河流域,八号桥,02-25 09:00,3,0.8,8.50,9.69,1112.0,145.2,3.75,0.617,--,6.92,--,--
河北省,海河流域,左卫桥,02-25 09:00,2,0.2,7.92,9.55,891.7,28.0,1.77,0.353,0.047,8.82,--,--
河北省,海河流域,四道甸,02-25 09:00,1,1.9,8.28,12.49,487.4,5.2,1.15,--,0.008,7.30,--,--
河北省,海河流域,上二道河子,02-25 09:00,1,4.3,8.09,10.29,600.0,3.0,1.35,0.007,--,--,--,--
河北省,辽河流域,甸子,02-25 09:00,2,2.3,7.95,10.34,512.1,5.7,0.85,0.041,0.032,9.62,--,--
河北省,海河流域,何老营,02-25 09:00,3,5.1,8.25,12.25,3732.8,0.4,5.83,0.113,0.076,1.66,--,--
河北省,海河流域,四埝村桥,02-25 09:00,3,7.0,8.64,10.30,2261.3,11.1,4.80,0.096,0.054,1.83,--,--
河北省,海河流域,大王务,02-25 09:00,2,6.2,8.35,11.64,1065.7,3.2,2.50,--,0.017,2.37,--,--
河北省,海河流域,杨洼闸（王家摆）,02-25 09:00,2,6.6,8.32,12.00,1146.2,9.6,2.97,0.030,0.040,--,--,--
河北省,海河流域,吴村,02-25 09:00,2,6.1,8.54,11.60,776.4,10.6,2.96,0.046,0.051,7.44,--,--
河北省,海河流域,桑梓红旗闸,02-25 09:00,3,6.3,8.02,12.67,861.5,11.8,2.66,0.580,0.074,13.47,--,--
河北省,海河流域,三小营,02-25 09:00,2,6.7,8.25,18.73,1020.0,3.6,3.48,0.063,0.045,5.71,--,--
河北省,海河流域,小范桥,02-25 09:00,2,8.6,7.71,8.08,1665.4,4.8,3.83,0.079,0.036,2.44,--,--
河北省,海河流域,南张村,02-25 09:00,2,8.3,8.47,11.66,310.3,3.6,2.18,0.018,0.009,0.94,--,--
河北省,海河流域,安州,02-25 09:00,3,7.7,7.83,11.51,1818.3,14.7,5.10,0.044,0.040,7.37,--,--
河北省,海河流域,膳马庙村北,02-25 09:00,3,9.2,8.15,13.32,1352.9,21.2,4.51,0.018,0.046,7.34,--,--
河北省,海河流域,采蒲台,02-25 09:00,2,7.0,8.22,12.76,657.1,14.2,1.88,0.001,0.016,4.20,0.004,3471408
山西省,黄河流域,韩武村,02-25 09:00,3,8.0,8.12,11.97,1343.9,11.9,4.87,0.061,0.055,7.50,--,--
山西省,黄河流域,汾河水库出口,02-25 09:00,1,3.9,8.14,11.57,593.9,1.2,1.52,0.019,--,2.74,0.011,277739
山西省,海河流域,下北泉村,02-25 09:00,3,5.7,8.31,10.88,571.8,14.9,1.45,0.805,--,7.23,--,--
山西省,海河流域,册田水库出口,02-25 09:00,4,5.1,8.29,12.02,1436.7,3.0,4.20,1.096,0.039,4.53,--,--
山西省,海河流域,古家坡,02-25 09:00,4,1.2,8.42,10.49,1137.7,24.6,3.23,1.335,0.117,4.05,--,--
山西省,海河流域,利仁皂,02-25 09:00,2,4.5,8.12,11.60,1478.1,29.9,3.66,0.185,0.078,6.50,--,--
山西省,海河流域,闫家庄大桥,02-25 08:00,-1,--,--,--,--,--,--,--,--,--,--,--
山西省,海河流域,白羊墅,02-25 00:00,5,11.0,7.82,9.25,2595.2,10.2,10.21,0.195,0.269,7.29,--,--
山西省,海河流域,刘家庄,02-25 09:00,1,8.7,8.19,11.06,576.2,5.7,0.46,0.030,0.010,5.94,--,--
山西省,海河流域,王家庄,02-25 09:00,2,9.5,8.34,10.57,720.2,8.5,1.83,0.042,0.021,5.60,--,--
山西省,海河流域,司徒桥,02-25 09:00,2,6.3,7.73,6.34,713.5,14.5,2.74,0.066,0.034,5.21,--,--
山西省,海河流域,关河水库出口,02-25 09:00,2,5.2,7.66,8.43,790.5,2.8,2.21,0.058,0.019,3.06,--,--
山西省,海河流域,北寨,02-25 09:00,2,5.9,7.94,8.78,977.1,7.9,2.93,0.362,0.052,8.44,--,--
山西省,海河流域,后湾水库出口,02-25 09:00,1,5.0,8.25,9.04,664.9,2.8,1.84,--,0.010,4.60,--,--
山西省,黄河流域,龙头,02-25 09:00,1,6.5,8.02,10.48,739.8,1.8,1.31,--,0.011,5.80,--,--
山西省,黄河流域,拴驴泉,02-25 09:00,1,11.0,8.21,9.31,750.0,14.4,1.57,0.023,--,5.25,--,--
山西省,黄河流域,张峰水库出口,02-25 07:00,2,6.4,8.44,11.61,604.3,5.0,2.75,0.007,0.008,3.99,--,--
山西省,海河流域,东榆林水库出口,02-25 09:00,2,4.7,8.31,15.78,880.2,25.1,2.08,0.315,0.057,4.30,--,--
山西省,黄河流域,杀虎口,02-25 09:00,2,1.9,8.06,11.69,771.8,5.3,1.66,0.286,0.016,4.61,--,--
山西省,海河流域,王寨村,02-25 09:00,2,5.9,8.29,11.27,606.1,50.4,0.99,--,0.029,4.60,--,--
山西省,黄河流域,安固桥（桑柳树）,02-25 09:00,3,4.9,8.00,10.91,2127.3,3.2,5.04,0.322,0.040,13.33,--,--
山西省,黄河流域,王庄桥南,02-25 09:00,3,7.9,8.45,10.75,1486.1,17.8,5.82,0.171,0.056,6.79,--,--
山西省,黄河流域,郝村,02-25 09:00,3,5.4,8.09,11.15,1186.2,8.2,4.63,0.115,0.060,3.41,--,--
山西省,黄河流域,张留庄,02-25 09:00,6,10.2,8.03,8.09,3556.5,32.1,6.13,3.450,0.185,10.06,--,--
山西省,黄河流域,上亳城,02-25 09:00,3,11.6,8.25,9.33,761.8,18.7,1.60,0.888,0.053,8.73,--,--
山西省,黄河流域,小韩村（西曲村）,02-25 09:00,4,10.1,7.84,6.48,1702.5,5.1,6.39,0.308,0.176,7.48,--,--
山西省,海河流域,梵王寺,02-25 09:00,5,4.0,8.40,11.24,1227.3,67.6,5.31,0.683,0.309,6.51,--,--
山西省,海河流域,代县桥,02-25 09:00,2,3.4,8.24,10.36,611.8,59.6,0.83,0.015,0.032,5.65,--,--
山西省,海河流域,定襄桥,02-25 09:00,3,3.1,8.08,9.24,733.6,458.6,--,0.475,0.191,4.68,--,--
山西省,海河流域,南庄,02-25 09:00,2,5.8,8.32,10.30,675.4,108.1,2.41,0.244,0.080,6.45,--,--
山西省,海河流域,坪上桥,02-25 09:00,1,7.9,8.20,9.19,538.1,7.4,1.12,0.014,--,5.34,--,--
山西省,黄河流域,河西村,02-25 09:00,2,2.4,8.22,9.71,588.3,18.9,1.86,0.391,0.080,4.80,--,--
山西省,黄河流域,上平望,02-25 09:00,2,9.5,8.14,8.28,1381.2,23.5,3.72,0.145,0.046,6.10,--,--
山西省,黄河流域,黑城村,02-25 09:00,1,5.4,8.42,10.07,855.4,5.7,1.99,0.059,0.016,6.67,--,--
山西省,黄河流域,曲立,02-25 09:00,2,3.7,8.16,10.19,579.5,16.0,1.68,0.011,0.041,5.84,--,--
山西省,黄河流域,裴家川口,02-25 09:00,2,0.4,8.54,12.10,544.8,43.1,1.49,0.399,0.072,5.31,--,--
山西省,黄河流域,碛口,02-25 09:00,5,2.9,8.66,11.91,1211.7,21.1,4.23,1.829,0.112,13.22,--,--
山西省,黄河流域,裴沟,02-25 09:00,3,3.8,8.59,11.30,893.6,24.6,2.37,0.794,0.158,8.10,--,--
山西省,黄河流域,三川河两河口桥,02-25 09:00,3,5.8,8.57,11.35,1075.3,12.5,4.58,0.603,0.165,7.63,--,--
山西省,黄河流域,碧村,02-25 09:00,2,6.3,8.60,13.18,760.0,30.5,2.83,0.246,0.092,8.24,--,--
山西省,黄河流域,北峪口,02-25 09:00,2,2.9,8.34,9.63,521.9,8.4,2.38,0.016,--,3.39,--,--
山西省,黄河流域,南姚,02-25 09:00,3,6.2,8.14,10.85,1562.9,23.5,5.77,0.314,0.067,5.64,--,--
内蒙古自治区,黄河流域,磴口,02-25 08:00,2,1.2,8.45,10.91,912.1,125.7,1.45,0.098,0.026,2.59,--,--
内蒙古自治区,松花江流域,李屯,02-25 09:00,1,2.8,6.49,7.65,102.9,0.9,1.46,--,0.013,0.52,--,--
内蒙古自治区,松花江流域,陶海,02-25 09:00,3,4.8,6.66,5.10,250.7,17.5,2.37,0.057,0.048,1.03,--,--
内蒙古自治区,松花江流域,嵯岗,02-25 09:00,3,20.4,7.00,5.22,308.4,6.6,2.08,--,0.074,0.95,--,--
内蒙古自治区,松花江流域,成吉思汗,02-25 09:00,1,4.7,7.21,8.95,425.6,6.2,1.43,0.010,0.014,4.15,--,--
内蒙古自治区,松花江流域,讷尔克气,02-25 09:00,2,2.0,6.70,9.66,100.1,1.2,3.21,0.200,0.009,1.15,--,--
内蒙古自治区,黄河流域,总排干入黄口,02-25 09:00,2,12.0,8.10,7.24,1494.6,0.3,2.66,0.046,0.022,3.30,--,--
内蒙古自治区,松花江流域,大山矿,02-25 09:00,2,5.5,7.13,8.38,232.9,6.0,1.03,0.059,0.030,0.51,--,--
内蒙古自治区,松花江流域,出口(察尔森水库),02-25 09:00,2,6.7,8.29,14.61,191.8,1.9,--,0.016,0.020,1.21,0.024,466201
辽宁省,辽河流域,蒲河沿,02-25 09:00,4,14.3,8.42,10.19,1187.6,10.8,7.52,--,--,5.93,--,--
辽宁省,辽河流域,于台,02-25 09:00,2,9.9,7.79,10.69,955.0,2.0,3.84,0.077,0.055,9.02,--,--
辽宁省,辽河流域,砂山,02-25 09:00,2,2.9,8.15,13.94,730.7,3.6,3.11,0.156,0.049,4.96,--,--
辽宁省,辽河流域,巨流河大桥,02-25 09:00,2,3.1,7.41,11.46,686.9,6.3,2.18,0.344,0.041,5.17,--,--
辽宁省,辽河流域,兴国桥,02-25 07:00,-1,--,--,--,--,--,--,--,--,--,--,--
辽宁省,辽河流域,城子坦,02-25 08:00,2,5.2,7.53,9.88,265.4,8.3,1.73,0.007,0.023,--,--,--
辽宁省,辽河流域,麦家,02-25 09:00,2,3.5,8.10,15.33,576.1,7.4,2.35,0.447,0.048,8.73,--,--
辽宁省,辽河流域,复州湾大桥,02-25 09:00,2,2.8,7.86,11.77,832.5,7.7,2.40,0.099,0.036,9.28,--,--
辽宁省,辽河流域,三台子,02-25 08:00,2,4.5,8.27,16.03,886.6,5.5,2.58,0.068,0.081,7.56,--,--
辽宁省,辽河流域,万泰,02-25 09:00,1,5.7,7.74,10.42,153.9,4.6,1.84,0.061,0.012,2.23,--,--
辽宁省,辽河流域,登化,02-25 09:00,2,3.7,7.98,12.23,670.6,3.7,2.90,0.058,0.077,9.54,--,--
辽宁省,辽河流域,口子街,02-25 09:00,2,1.6,7.76,10.41,384.5,3.3,1.66,0.188,0.026,4.80,--,--
辽宁省,辽河流域,大伙房水库,02-25 09:00,2,4.4,7.38,12.27,237.4,5.1,2.21,--,0.007,3.17,0.025,--
辽宁省,辽河流域,戈布桥,02-25 09:00,2,2.3,7.95,14.25,525.4,9.3,2.19,0.146,0.046,3.76,--,--
辽宁省,辽河流域,北杂木,02-25 09:00,2,1.6,7.53,12.02,436.6,0.8,1.81,0.187,0.045,6.51,--,--
辽宁省,辽河流域,台沟,02-25 09:00,1,1.4,7.70,13.02,263.4,5.3,0.25,0.004,0.017,3.77,--,--
辽宁省,辽河流域,古楼,02-25 09:00,1,2.5,8.01,15.58,300.4,3.5,1.78,--,0.011,4.96,--,--
辽宁省,辽河流域,北太子河入观音阁水库口,02-25 09:00,2,5.1,8.15,13.63,287.6,27.4,1.58,0.034,0.038,5.57,--,--
辽宁省,辽河流域,老官砬子,02-25 09:00,1,2.5,8.05,12.47,304.7,9.9,1.22,--,0.006,3.25,--,--
辽宁省,辽河流域,兴安,02-25 09:00,2,3.4,8.24,10.20,481.5,2.9,1.77,0.465,0.021,4.68,--,--
辽宁省,辽河流域,南太子河入库口,02-25 09:00,1,1.3,7.38,11.66,122.2,1.3,0.73,0.006,0.004,4.11,--,--
辽宁省,辽河流域,江桥,02-25 09:00,1,5.9,7.54,9.56,143.3,1.6,1.53,--,0.011,2.34,--,--
辽宁省,辽河流域,爱河大桥,02-25 09:00,2,3.5,8.46,18.73,333.3,1.9,2.09,0.058,0.014,5.36,--,--
辽宁省,辽河流域,王家沟,02-25 09:00,1,4.0,8.27,10.96,683.0,4.7,1.83,0.020,0.013,5.74,--,--
辽宁省,辽河流域,张家堡,02-25 09:00,-1,--,--,--,--,--,--,--,--,--,--,--
辽宁省,辽河流域,女儿河入河口,02-25 09:00,2,5.3,7.71,11.31,930.3,4.2,1.53,--,0.022,23.06,--,--
辽宁省,辽河流域,何家信子,02-25 09:00,1,4.9,7.84,10.35,462.5,7.8,1.95,0.097,0.012,2.17,--,--
辽宁省,辽河流域,西树林,02-25 09:00,3,4.0,8.47,14.27,1165.1,4.4,4.58,0.060,0.062,10.28,--,--
辽宁省,辽河流域,高台子,02-25 09:00,3,3.5,8.00,9.00,1171.4,28.1,4.55,0.258,0.094,7.71,--,--
辽宁省,辽河流域,茧场,02-25 08:00,2,2.0,7.50,11.66,283.2,10.8,0.76,0.155,0.015,7.24,--,--
辽宁省,辽河流域,大清河口,02-25 09:00,2,3.9,8.53,20.94,737.0,5.9,2.44,0.012,0.020,15.83,--,--
辽宁省,辽河流域,东羊角,02-25 09:00,3,9.5,7.75,9.73,665.3,4.6,2.71,0.702,0.088,6.81,--,--
辽宁省,辽河流域,河洪桥,02-25 09:00,2,3.6,7.95,11.64,736.5,17.6,2.66,--,0.093,7.80,--,--
辽宁省,辽河流域,二道河水库口,02-25 09:00,1,3.6,8.18,9.75,442.7,3.4,0.63,0.010,0.007,3.84,--,--
辽宁省,辽河流域,下王家,02-25 09:00,2,4.0,7.40,11.02,743.1,4.1,1.44,0.162,0.039,7.81,--,--
辽宁省,辽河流域,汤河桥,02-25 09:00,2,3.8,7.92,10.57,823.0,2.8,1.66,0.384,0.041,6.32,--,--
辽宁省,辽河流域,丁家柳河桥,02-25 09:00,4,2.9,8.05,17.14,805.6,12.5,7.02,--,0.071,2.52,--,--
辽宁省,辽河流域,盘锦兴安(兴安),02-25 09:00,1,4.1,7.90,13.11,763.4,8.7,--,--,--,--,--,--
辽宁省,辽河流域,曙光大桥,02-25 09:00,2,3.6,7.88,10.50,700.2,22.1,3.28,0.358,0.043,5.39,--,--
辽宁省,辽河流域,胜利塘,02-25 09:00,4,0.9,8.48,14.05,1589.1,18.9,6.33,0.814,0.097,11.80,--,--
辽宁省,辽河流域,鲜峰桥,02-25 09:00,2,4.2,7.84,12.07,495.5,6.4,3.76,0.363,0.086,18.88,--,--
辽宁省,辽河流域,清辽,02-25 09:00,3,2.6,7.39,12.64,618.0,4.6,2.34,0.898,0.115,7.30,--,--
辽宁省,辽河流域,通江口,02-25 09:00,3,2.0,7.50,11.60,849.3,6.4,3.50,0.601,0.066,8.45,--,--
辽宁省,辽河流域,珠尔山,02-25 09:00,3,1.1,8.38,12.67,725.1,2.1,2.11,0.705,0.070,5.74,--,--
辽宁省,辽河流域,柴河水库入库口,02-25 09:00,4,5.0,7.34,4.57,480.2,5.0,1.58,0.083,0.049,5.76,--,--
辽宁省,辽河流域,松树水文站,02-25 09:00,3,1.3,7.23,8.27,507.1,7.2,4.70,0.976,0.092,8.19,--,--
辽宁省,辽河流域,亮子河入河口,02-25 09:00,3,1.6,7.68,10.15,727.4,5.5,3.50,0.802,0.106,8.51,--,--
辽宁省,辽河流域,清河水库入库口,02-25 09:00,3,2.1,7.28,10.22,322.9,4.9,1.84,0.258,0.139,--,--,--
辽宁省,辽河流域,凌鸿大桥（南大桥）,02-25 09:00,2,2.2,8.19,12.70,856.9,1.8,1.24,--,0.021,12.36,--,--
辽宁省,辽河流域,章吉营,02-25 09:00,2,3.2,7.96,11.74,886.5,77.6,2.04,0.399,0.099,10.06,--,--
辽宁省,辽河流域,大凌河西支入河口,02-25 09:00,2,2.5,8.09,8.86,1008.3,5.2,--,0.191,0.072,20.58,--,--
辽宁省,辽河流域,李家湾大桥,02-25 09:00,1,4.3,8.06,11.28,486.2,4.7,0.57,--,0.012,5.10,--,--
辽宁省,辽河流域,王家窝棚,02-25 09:00,3,3.5,7.65,10.30,559.3,1.5,2.13,0.657,0.041,4.52,--,--
辽宁省,辽河流域,红石碑入海前,02-25 09:00,2,6.3,8.15,15.94,1049.0,8.2,2.33,--,0.030,10.11,--,--
辽宁省,辽河流域,小渔场,02-25 09:00,2,6.1,8.40,16.03,28483.5,11.0,2.95,--,0.031,9.96,--,--
吉林省,松花江流域,新立城大坝,02-25 09:00,2,4.0,7.40,7.36,414.9,11.3,3.21,0.063,0.019,0.99,--,--
吉林省,松花江流域,松花江村,02-25 09:00,2,1.5,7.17,11.56,284.1,11.6,3.28,0.107,0.020,3.23,--,--
吉林省,松花江流域,靠山南楼(南楼),02-25 09:00,3,2.5,7.31,10.56,658.3,20.1,3.45,0.441,0.145,6.50,--,--
吉林省,松花江流域,砖瓦窑桥,02-25 09:00,2,2.4,7.48,10.16,635.0,5.4,3.46,0.214,0.074,6.14,--,--
吉林省,松花江流域,镇江口,02-25 09:00,2,1.8,7.22,9.90,307.0,6.1,3.10,0.180,0.028,3.21,--,--
吉林省,松花江流域,靠山大桥,02-25 09:00,3,5.1,7.65,8.01,651.8,11.5,4.36,0.334,0.138,6.27,--,--
吉林省,松花江流域,饮马河大桥,02-25 09:00,2,2.8,7.65,9.29,335.5,7.0,3.34,0.155,0.022,1.12,--,--
吉林省,松花江流域,刘珍屯,02-25 09:00,2,1.9,7.39,10.98,507.7,9.5,3.72,0.379,0.071,3.14,--,--
吉林省,松花江流域,周家河口,02-25 09:00,2,0.5,7.01,11.28,593.9,25.9,2.22,--,0.059,4.92,--,--
吉林省,松花江流域,白旗,02-25 09:00,2,0.8,7.43,10.09,331.3,4.6,3.28,0.170,0.025,3.77,--,--
吉林省,松花江流域,白山大桥,02-25 09:00,3,4.0,7.26,10.90,131.1,16.7,4.52,0.004,0.020,1.45,--,--
吉林省,松花江流域,桦树林,02-25 09:00,2,3.5,6.93,6.73,189.4,3.4,3.96,--,0.024,1.75,0.008,7438340
吉林省,松花江流域,蛟河口,02-25 09:00,4,0.9,7.14,9.50,552.8,14.4,6.62,1.316,0.202,6.74,--,--
吉林省,松花江流域,肖家船口,02-25 09:00,4,0.9,6.81,8.90,339.7,15.0,8.43,1.139,0.147,6.50,--,--
吉林省,松花江流域,烟筒山,02-25 09:00,6,1.2,7.19,7.38,490.6,16.6,15.12,1.270,0.325,9.42,--,--
吉林省,辽河流域,四双大桥,02-25 08:00,-1,--,--,--,--,--,--,--,--,--,--,--
吉林省,辽河流域,城子上,02-25 09:00,3,2.1,7.67,10.33,729.2,7.6,4.07,0.618,0.060,5.54,--,--
吉林省,辽河流域,六家子,02-25 09:00,4,2.3,7.36,8.49,923.2,10.2,4.00,1.182,0.103,14.65,--,--
吉林省,辽河流域,林家,02-25 09:00,3,2.6,7.65,10.12,845.3,8.7,5.96,0.917,0.101,11.42,--,--
吉林省,辽河流域,河清,02-25 09:00,4,8.4,7.30,4.68,1463.8,5.3,--,0.638,0.069,10.44,--,--
吉林省,辽河流域,民主,02-25 09:00,3,0.8,7.73,7.29,444.4,2.7,1.52,0.692,0.048,4.64,--,--
吉林省,松花江流域,兴隆,02-25 09:00,3,6.0,7.51,9.21,418.3,11.3,5.49,0.711,0.065,4.90,--,--
吉林省,松花江流域,高集岗桥,02-25 09:00,3,0.8,7.47,9.67,413.1,19.6,5.43,0.305,0.069,4.63,--,--
吉林省,辽河流域,云峰,02-25 09:00,1,4.1,7.58,10.22,144.2,1.5,1.86,0.007,0.007,1.69,--,--
吉林省,辽河流域,老虎哨,02-25 09:00,1,2.5,7.55,11.88,126.8,1.8,1.32,0.018,0.007,2.15,--,--
吉林省,辽河流域,鸠谷,02-25 09:00,2,0.8,7.25,12.09,139.1,12.2,3.74,0.222,0.087,1.91,--,--
吉林省,辽河流域,葫芦套,02-25 09:00,2,2.3,7.64,10.64,143.4,5.9,1.10,0.016,0.029,1.68,--,--
吉林省,辽河流域,大阳岔,02-25 09:00,1,8.7,8.17,8.04,279.3,5.0,0.17,--,0.016,1.12,--,--
吉林省,松花江流域,松林,02-25 09:00,2,4.7,7.10,13.76,306.5,4.1,2.96,0.132,0.029,3.26,--,--
吉林省,松花江流域,白沙滩,02-25 09:00,2,10.2,6.46,11.06,--,0.02,--,--,0.025,--,--,--
吉林省,松花江流域,月亮湖下,02-25 09:00,-1,--,--,--,--,--,--,--,--,--,--,--
吉林省,松花江流域,圈河,02-25 09:00,2,1.0,7.70,11.68,266.8,4.2,2.25,0.101,0.021,2.32,--,--
吉林省,松花江流域,大山(新甸),02-25 09:00,2,1.4,7.35,9.69,258.2,2.4,3.32,0.110,0.030,2.22,--,--
吉林省,松花江流域,崇善,02-25 09:00,3,4.8,7.50,12.57,110.7,2.2,0.60,0.006,0.109,0.71,--,--
吉林省,松花江流域,榆树川,02-25 09:00,2,4.0,8.31,10.91,325.0,4.4,2.37,0.060,0.025,2.08,--,--
吉林省,松花江流域,磨盘大桥（延吉下）,02-25 09:00,3,5.7,8.30,12.42,435.4,4.6,2.94,0.790,0.050,4.40,--,--
吉林省,松花江流域,西崴子,02-25 09:00,2,3.5,6.04,6.68,276.7,1.8,1.75,0.202,0.034,3.98,--,--
吉林省,松花江流域,石井（小河龙）,02-25 09:00,3,3.2,7.88,10.23,315.2,5.7,3.14,0.756,0.078,3.51,--,--
吉林省,松花江流域,三家子,02-25 09:00,2,6.8,6.87,9.68,162.4,2.1,1.72,0.024,0.032,1.44,--,--
吉林省,松花江流域,建封路大桥,02-25 09:00,2,2.9,7.50,11.49,157.0,2.3,0.54,0.033,0.084,0.93,--,--
黑龙江省,松花江流域,摆渡镇,02-25 09:00,3,2.2,7.35,8.60,327.6,2.5,4.18,0.205,0.043,3.17,--,--
黑龙江省,松花江流域,苗家,02-25 09:00,3,1.6,6.87,8.74,483.3,6.3,2.09,0.660,0.049,3.16,--,--
黑龙江省,松花江流域,磨盘山水库出口,02-25 09:00,3,3.5,7.02,10.76,103.0,1.5,4.76,0.033,0.020,2.30,--,21120
黑龙江省,松花江流域,朱顺屯,02-25 09:00,2,1.5,7.19,9.52,242.2,5.2,3.86,0.137,0.030,2.09,--,--
黑龙江省,松花江流域,阿什河口内,02-25 09:00,4,3.0,6.99,10.36,550.4,9.8,4.14,1.066,0.183,4.89,--,--
黑龙江省,松花江流域,呼兰河口内(铁路桥),02-25 09:00,3,2.0,7.14,9.24,928.4,16.4,4.46,0.834,0.089,5.32,--,--
黑龙江省,松花江流域,大顶子山,02-25 09:00,3,1.9,7.12,10.97,297.1,4.2,4.90,0.179,0.019,2.73,--,--
黑龙江省,松花江流域,拉哈,02-25 09:00,-1,--,--,--,--,--,--,--,--,--,--,--
黑龙江省,松花江流域,查哈阳乡,02-25 09:00,2,1.2,6.82,9.74,145.7,2.7,0.46,--,0.022,1.18,--,--
黑龙江省,松花江流域,音河水库,02-25 09:00,2,6.3,7.42,8.28,244.8,6.1,2.82,0.025,0.026,2.75,--,--
黑龙江省,松花江流域,浏园,02-25 09:00,2,2.7,7.18,6.34,156.9,7.3,3.49,0.056,0.030,0.84,--,--
黑龙江省,松花江流域,江桥,02-25 09:00,2,3.3,7.10,11.48,210.3,4.3,1.88,0.020,0.030,1.00,--,--
黑龙江省,松花江流域,富源村,02-25 09:00,4,3.9,7.52,12.34,119.4,2.0,6.03,0.004,0.017,0.32,--,--
黑龙江省,松花江流域,泄洪1闸(小兴凯湖一闸),02-25 09:00,3,3.5,7.47,10.28,531.3,8.2,5.85,0.035,0.050,0.60,0.02,30080.00
黑龙江省,松花江流域,858九队,02-25 09:00,3,1.4,7.32,13.61,201.9,78.2,3.81,0.074,0.125,1.10,--,--
黑龙江省,松花江流域,虎头上,02-25 09:00,3,3.0,7.12,10.35,177.9,29.0,2.84,0.198,0.105,0.60,--,--
黑龙江省,松花江流域,名山,02-25 09:00,4,0.8,6.57,7.69,99.2,5.6,7.39,0.011,0.007,0.50,--,--
黑龙江省,松花江流域,肇源,02-25 09:00,2,1.9,7.49,13.05,240.4,4.5,3.65,0.124,0.025,2.40,--,--
黑龙江省,松花江流域,嫩江口内,02-25 09:00,3,4.8,6.98,10.54,145.9,5.3,4.38,0.124,0.023,0.54,--,--
黑龙江省,松花江流域,友好,02-25 09:00,2,1.4,6.42,7.19,189.2,6.6,3.71,0.102,0.038,2.30,--,--
黑龙江省,松花江流域,嘉荫,02-25 09:00,4,4.0,6.87,9.01,89.7,2.8,7.41,0.046,0.018,0.26,--,--
黑龙江省,松花江流域,双河渠首,02-25 09:00,2,3.8,6.79,10.12,181.6,3.0,1.40,0.129,0.036,3.21,--,--
黑龙江省,松花江流域,佳木斯下,02-25 09:00,2,1.6,7.40,10.33,322.4,3.8,3.54,0.210,0.034,3.47,--,--
黑龙江省,松花江流域,汤旺河口内,02-25 09:00,2,1.4,6.66,6.08,207.5,1.7,2.61,0.294,0.016,3.44,--,--
黑龙江省,松花江流域,宏克利（佳木斯上）,02-25 09:00,2,2.8,7.16,9.32,324.9,1.9,3.09,0.131,0.028,2.80,--,--
黑龙江省,松花江流域,抚远,02-25 09:00,4,1.5,7.13,9.70,179.5,4.6,6.87,0.078,0.013,1.49,--,--
黑龙江省,松花江流域,乌苏镇,02-25 09:00,2,2.2,6.45,7.73,123.2,20.2,1.10,0.061,0.039,0.77,--,--
黑龙江省,松花江流域,同江,02-25 09:00,2,3.5,7.17,8.17,324.8,5.5,3.11,0.111,0.021,2.73,--,--
黑龙江省,松花江流域,三岔口,02-25 09:00,3,7.7,7.33,6.83,376.2,4.7,5.27,0.086,0.124,4.82,--,--
黑龙江省,松花江流域,海浪,02-25 09:00,2,3.0,7.37,10.75,179.6,4.8,3.18,0.282,0.048,2.93,--,--
黑龙江省,松花江流域,三道,02-25 09:00,4,4.4,7.62,11.45,163.0,6.4,2.60,0.003,0.052,2.15,0.030,19328
黑龙江省,松花江流域,电视塔,02-25 09:00,3,5.6,6.96,9.99,135.3,1.2,4.45,0.005,0.022,0.72,0.001,19456
黑龙江省,松花江流域,海浪河口内,02-25 09:00,3,2.1,7.07,10.70,215.5,10.0,2.32,0.804,0.046,4.50,--,--
黑龙江省,松花江流域,黑河下(黑河),02-25 09:00,3,1.3,6.60,6.77,234.7,1.3,5.97,0.121,0.045,0.76,--,--
黑龙江省,松花江流域,呼玛上,02-25 09:00,4,2.3,6.33,4.63,359.6,3.0,4.01,0.009,0.019,1.18,--,--
黑龙江省,松花江流域,呼玛河口内,02-25 09:00,2,3.0,6.70,6.26,92.5,0.6,1.86,--,0.017,0.27,--,--
黑龙江省,松花江流域,加格达奇上,02-25 09:00,1,2.6,6.74,10.15,69.3,1.2,0.78,--,0.007,0.51,--,--
上海市,长江流域,富锦路桥,02-25 09:00,2,12.4,8.13,6.93,466.7,67.8,2.31,0.021,0.078,2.94,--,--
上海市,太湖流域,明星路桥,02-25 08:00,2,11.3,7.05,10.07,538.0,15.2,3.16,0.099,0.065,2.99,--,--
上海市,太湖流域,临江,02-25 09:00,2,11.7,7.84,8.34,592.3,22.3,2.74,0.255,0.084,3.04,--,--
上海市,太湖流域,浙江路桥,02-25 09:00,2,13.0,7.06,6.37,661.2,56.8,2.93,0.072,0.076,5.82,--,--
上海市,太湖流域,闵行西界(松浦大桥),02-25 09:00,2,12.7,7.83,10.05,589.9,27.9,3.89,0.075,0.069,3.06,--,--
上海市,太湖流域,吴淞口,02-25 09:00,2,10.9,7.85,8.47,492.6,61.2,2.29,0.208,0.088,2.71,--,--
上海市,太湖流域,蕴川路桥,02-25 09:00,2,11.1,8.01,8.65,451.7,40.5,2.13,0.097,0.067,2.69,--,--
上海市,太湖流域,黄渡,02-25 09:00,2,12.3,7.86,9.42,571.8,30.6,2.73,0.071,0.072,3.05,--,--
上海市,太湖流域,三甲港,02-25 09:00,2,12.8,8.09,9.02,725.9,32.3,3.17,0.265,0.061,2.65,--,--
上海市,太湖流域,二团,02-25 09:00,2,11.6,7.60,9.32,601.0,55.9,3.68,0.101,0.051,2.09,--,--
上海市,太湖流域,横潦泾,02-25 09:00,2,12.8,8.20,9.41,631.0,34.7,3.77,0.164,0.092,3.77,--,--
上海市,太湖流域,斜塘口,02-25 09:00,2,16.5,8.45,9.53,544.9,45.9,3.66,0.114,0.045,2.89,--,--
上海市,太湖流域,急水港桥,02-25 09:00,2,12.4,7.71,8.46,668.7,25.8,2.76,0.051,0.061,2.47,0.005,1676134
上海市,太湖流域,淀峰,02-25 09:00,2,11.8,8.37,9.47,596.3,22.0,2.24,--,0.042,2.52,--,--
上海市,太湖流域,太浦河桥,02-25 09:00,2,11.7,7.67,9.99,530.8,20.4,2.85,0.036,0.037,2.00,--,--
上海市,太湖流域,钱桥,02-25 09:00,2,11.8,7.24,9.33,581.0,6.7,1.27,--,0.043,2.46,--,--
上海市,长江流域,七效港西桥,02-25 09:00,2,9.5,8.22,12.51,465.0,52.5,3.85,0.026,0.055,1.75,--,--
上海市,长江流域,五效,02-25 09:00,1,11.5,8.30,10.12,530.7,19.6,1.81,0.026,0.017,1.66,--,--
江苏省,长江流域,陈浅,02-25 09:00,3,11.2,7.87,9.62,810.6,1.8,5.24,0.048,0.067,2.11,--,--
江苏省,长江流域,七桥瓮,02-25 09:00,2,11.1,7.58,8.31,674.7,17.6,3.79,0.103,0.066,5.12,--,--
江苏省,长江流域,节制闸,02-25 09:00,2,11.3,7.84,10.22,441.0,15.7,2.82,0.143,0.063,2.75,--,--
江苏省,长江流域,钱家渡,02-25 09:00,2,12.1,7.60,10.03,344.7,14.4,--,0.146,0.039,1.46,--,--
江苏省,太湖流域,锡东水厂,02-25 09:00,3,10.4,8.29,10.70,427.6,39.4,1.84,--,0.034,1.63,0.009,1405977
江苏省,太湖流域,兰山嘴,02-25 09:00,4,10.7,7.94,10.41,455.2,159.0,3.58,0.036,0.085,--,0.002,6378279
江苏省,太湖流域,蠡桥,02-25 09:00,1,11.1,7.90,10.40,323.1,17.7,1.19,0.092,--,1.23,--,--
江苏省,太湖流域,百渎港桥,02-25 09:00,2,12.8,8.06,10.08,488.0,29.2,2.55,0.055,0.075,2.96,--,--
江苏省,太湖流域,殷村港桥,02-25 09:00,2,11.4,7.68,9.36,569.4,--,2.43,0.070,0.082,2.74,--,--
江苏省,太湖流域,大浦港桥,02-25 09:00,2,11.9,7.80,8.44,587.9,44.2,3.13,0.100,0.073,2.62,--,--
江苏省,太湖流域,五牧,02-25 08:00,2,11.8,7.91,10.23,455.5,27.8,2.42,0.205,0.075,3.11,--,--
江苏省,太湖流域,拖山,02-25 09:00,2,10.8,8.26,10.38,539.6,24.7,2.84,--,--,1.97,0.014,2093605
江苏省,太湖流域,五里湖心,02-25 09:00,3,11.3,7.92,10.63,474.7,73.9,2.28,--,0.028,0.62,0.005,1471129
江苏省,太湖流域,金潼桥,02-25 09:00,2,12.5,7.75,9.97,395.9,29.0,1.37,0.065,0.051,2.01,--,--
江苏省,太湖流域,大港桥,02-25 09:00,2,12.0,6.82,9.18,167.0,6.1,1.80,0.068,0.029,2.17,--,--
江苏省,太湖流域,潘家坝,02-25 09:00,2,12.0,7.93,10.17,582.0,38.7,3.49,0.168,0.058,3.13,--,--
江苏省,太湖流域,长济桥,02-25 09:00,2,12.9,8.08,10.31,415.3,20.1,1.97,0.110,0.057,2.10,--,--
江苏省,太湖流域,钓邾大桥,02-25 09:00,2,11.2,8.21,11.69,476.5,14.3,2.08,0.186,0.061,2.51,--,--
江苏省,淮河流域,港上桥,02-25 09:00,2,9.2,8.00,10.20,913.9,4.4,3.75,0.066,0.047,9.16,--,--
江苏省,淮河流域,李庄,02-25 09:00,2,8.2,8.22,12.78,1215.8,16.7,--,0.085,0.089,8.89,--,--
江苏省,淮河流域,蔺家坝,02-25 09:00,3,9.2,8.50,12.36,1286.7,11.9,5.18,0.006,0.042,1.20,--,--
江苏省,淮河流域,李集桥,02-25 08:00,3,9.7,8.23,9.51,1365.0,4.0,4.79,0.008,0.032,1.56,--,--
江苏省,淮河流域,华山闸,02-25 09:00,3,9.6,8.16,9.66,1221.0,4.6,4.78,0.033,0.033,1.19,--,--
江苏省,淮河流域,沙庄桥,02-25 09:00,3,9.2,8.00,13.19,1416.3,8.3,5.65,0.240,0.037,2.11,--,--
江苏省,淮河流域,张楼,02-25 08:00,2,7.9,8.19,11.35,1118.0,3.3,--,0.016,0.052,3.70,--,--
江苏省,淮河流域,沙集西闸,02-25 08:00,2,9.6,8.52,12.40,873.5,4.6,3.97,0.011,0.033,2.06,--,--
江苏省,淮河流域,艾山西大桥,02-25 09:00,5,10.6,8.27,12.30,933.3,4.2,12.14,0.064,0.057,9.56,--,--
江苏省,淮河流域,东偏泓,02-25 09:00,2,9.5,7.48,7.11,1083.0,1.2,3.24,0.148,0.018,20.82,--,--
江苏省,长江流域,魏村,02-25 09:00,2,11.2,7.93,11.19,392.6,12.4,1.29,0.050,0.046,2.26,--,--
江苏省,太湖流域,姚巷桥,02-25 08:00,2,10.2,8.20,11.33,443.7,34.0,3.46,0.032,0.072,3.22,--,--
江苏省,太湖流域,黄埝桥,02-25 09:00,2,11.8,8.16,10.00,446.5,29.9,2.10,0.103,0.059,2.14,--,--
江苏省,太湖流域,落蓬湾,02-25 09:00,2,14.8,8.33,9.61,356.7,7.6,--,0.031,0.029,1.57,--,--
江苏省,太湖流域,九号桥,02-25 09:00,2,10.4,8.10,9.99,430.9,43.1,1.49,0.057,0.047,--,--,--
江苏省,太湖流域,胥湖心,02-25 09:00,3,11.1,8.26,10.56,405.1,49.5,3.46,0.059,0.033,1.11,0.006,13000000
江苏省,太湖流域,乌龟山南,02-25 09:00,4,10.4,8.16,10.83,487.2,59.0,3.00,0.006,0.053,2.11,0.005,2708429
江苏省,太湖流域,望亭上游,02-25 09:00,2,12.0,7.41,9.72,706.7,22.3,2.29,0.213,0.083,3.02,--,--
江苏省,太湖流域,千灯浦口,02-25 09:00,2,11.8,7.77,9.89,577.0,41.9,3.11,0.051,0.072,2.04,--,--
江苏省,太湖流域,朱厍港口,02-25 09:00,3,11.1,7.41,5.35,729.6,30.4,2.90,0.041,0.044,2.30,--,--
江苏省,太湖流域,浏河闸,02-25 09:00,2,11.2,8.40,7.14,520.6,65.8,1.49,0.011,0.067,2.28,--,--
江苏省,太湖流域,江边闸,02-25 09:00,2,11.0,8.19,10.67,412.9,15.0,1.61,0.029,0.050,1.98,--,--
江苏省,太湖流域,瓜泾口西,02-25 09:00,2,10.3,7.96,10.86,453.0,6.1,2.30,0.040,0.018,0.66,--,--
江苏省,太湖流域,航管站,02-25 09:00,2,10.2,8.00,10.15,428.9,87.9,2.96,--,0.026,1.43,--,--
江苏省,太湖流域,越溪桥,02-25 09:00,2,11.6,7.85,8.46,440.7,10.6,3.36,0.339,0.058,1.11,--,--
江苏省,太湖流域,312国道桥,02-25 08:00,2,12.4,8.22,10.54,417.4,9.6,1.38,0.037,0.025,1.51,--,--
江苏省,太湖流域,赵屯(石浦大桥),02-25 09:00,3,10.9,8.15,9.30,670.5,59.0,3.72,0.121,0.151,3.33,--,--
江苏省,淮河流域,东安闸桥西,02-25 09:00,2,11.6,8.20,12.22,1470.7,16.1,3.78,0.064,0.092,2.42,--,--
江苏省,长江流域,九圩港桥,02-25 09:00,2,10.9,7.90,9.94,419.7,15.5,0.86,0.030,0.056,2.06,--,--
江苏省,长江流域,碾砣港闸,02-25 09:00,2,11.4,7.74,9.58,432.0,28.1,1.56,0.061,0.059,2.23,--,--
江苏省,长江流域,聚南大桥,02-25 09:00,2,14.3,8.38,9.80,533.5,1.5,3.59,0.018,0.032,1.71,--,--
江苏省,长江流域,大洋港桥,02-25 09:00,2,10.3,8.35,9.45,502.4,24.2,1.87,0.016,0.067,2.41,--,--
江苏省,长江流域,塘芦港闸,02-25 09:00,6,12.0,9.10,12.51,2009.3,8.1,4.27,0.047,0.054,2.05,--,--
江苏省,淮河流域,小洋口,02-25 09:00,3,10.5,8.27,9.57,923.4,8.8,3.86,0.109,0.122,2.80,--,--
江苏省,淮河流域,环东闸口,02-25 09:00,2,12.3,8.12,9.71,667.1,37.0,2.84,0.088,0.088,2.20,--,--
江苏省,淮河流域,北凌新闸,02-25 08:00,3,11.9,8.00,6.88,1394.8,12.1,4.98,0.568,0.156,3.22,--,--
江苏省,淮河流域,新浦大桥,02-25 09:00,3,9.0,8.75,12.86,1085.2,4.4,4.45,0.001,0.048,4.14,--,--
江苏省,淮河流域,柴米河桥,02-25 09:00,2,9.0,8.21,11.58,921.2,70.2,3.96,0.266,0.065,3.62,--,--
江苏省,淮河流域,善后河闸,02-25 09:00,3,9.1,8.55,12.10,988.2,3.7,4.06,--,0.075,4.18,--,--
江苏省,淮河流域,灌河大桥,02-25 09:00,5,16.1,8.28,9.40,--,35.1,6.59,0.797,0.307,4.21,--,--
江苏省,淮河流域,新村桥,02-25 09:00,3,11.7,8.30,11.18,876.5,9.7,4.83,0.033,0.039,4.08,--,--
江苏省,淮河流域,沭南闸,02-25 09:00,3,8.9,8.21,10.52,641.8,1.8,4.80,0.051,0.040,4.15,--,--
江苏省,淮河流域,袁闸,02-25 09:00,3,14.6,8.03,9.32,922.4,58.6,4.30,0.374,0.065,4.04,--,--
江苏省,淮河流域,墩尚水漫桥,02-25 09:00,3,6.2,7.93,7.08,708.5,1.7,4.36,0.022,0.040,4.76,--,--
江苏省,淮河流域,烧香北闸,02-25 09:00,3,9.1,8.34,10.54,2146.6,37.2,5.18,0.378,0.070,6.38,--,--
江苏省,淮河流域,大浦闸,02-25 09:00,3,10.8,7.73,12.36,1545.7,12.2,4.07,0.041,0.050,6.59,--,--
江苏省,淮河流域,大板跳闸,02-25 09:00,3,8.9,8.06,13.06,1906.0,478.5,4.42,0.011,0.047,6.77,--,--
江苏省,淮河流域,海头大桥,02-25 09:00,2,9.2,8.19,11.00,1142.5,3.1,3.58,0.031,0.063,6.79,--,--
江苏省,淮河流域,坝头桥,02-25 09:00,3,9.1,8.65,14.29,618.2,5.9,4.57,--,0.013,2.99,--,--
江苏省,淮河流域,郑园桥,02-25 09:00,3,9.0,8.10,11.68,991.0,8.3,4.19,0.190,0.062,4.07,--,--
江苏省,淮河流域,四队桥,02-25 09:00,3,9.4,8.16,10.80,1079.1,5.1,5.91,0.046,0.064,4.72,--,--
江苏省,淮河流域,新浦二桥,02-25 09:00,3,9.1,8.50,11.87,886.0,11.0,4.56,0.017,0.051,--,--,--
江苏省,淮河流域,淮河大桥,02-25 08:00,2,9.1,8.42,11.79,856.6,15.4,3.40,0.049,0.032,3.74,--,--
江苏省,淮河流域,五叉河口,02-25 08:00,2,9.2,8.53,11.26,875.0,33.7,2.99,0.078,0.038,2.93,--,--
江苏省,淮河流域,戴楼衡阳(塔集),02-25 08:00,2,8.9,8.40,9.92,711.1,15.9,3.27,0.090,0.048,3.09,0.019,--
江苏省,淮河流域,总渠苏嘴,02-25 09:00,2,8.8,8.31,10.96,835.0,33.7,2.58,0.040,0.031,3.24,--,--
江苏省,淮河流域,唐曹,02-25 09:00,3,10.3,7.97,7.74,831.1,31.1,3.63,0.838,0.097,3.52,--,--
江苏省,淮河流域,新洋港闸,02-25 09:00,2,9.2,7.98,10.15,854.1,7.4,3.60,0.111,0.082,2.51,--,--
江苏省,淮河流域,富民桥,02-25 09:00,2,10.3,7.80,9.21,628.8,10.6,1.39,0.070,0.050,1.96,--,--
江苏省,淮河流域,龙冈凤凰桥,02-25 09:00,2,10.7,7.91,10.07,623.7,13.8,3.21,0.082,0.056,2.14,--,--
江苏省,淮河流域,六垛闸,02-25 09:00,2,8.7,7.75,10.66,795.3,8.8,2.46,0.021,0.020,3.62,--,--
江苏省,淮河流域,泰东大桥,02-25 09:00,2,11.0,7.30,10.44,442.0,7.8,1.59,0.043,0.074,2.02,--,--
江苏省,淮河流域,城北大桥,02-25 09:00,3,10.4,8.20,10.18,866.7,9.4,5.06,0.120,0.109,3.21,--,--
江苏省,淮河流域,草堰大桥,02-25 09:00,2,10.0,8.23,9.32,573.9,88.7,2.96,0.129,0.068,2.44,--,--
江苏省,淮河流域,射阳河闸,02-25 09:00,3,8.9,8.08,10.69,905.2,18.5,4.52,0.170,0.101,2.46,--,--
江苏省,淮河流域,黄沙港闸,02-25 09:00,3,9.7,7.96,10.08,832.9,7.5,4.82,0.072,0.157,2.64,--,--
江苏省,淮河流域,斗龙港闸,02-25 09:00,2,8.5,7.69,9.76,1334.8,16.3,3.38,0.264,0.097,2.82,--,--
江苏省,淮河流域,川东闸,02-25 09:00,2,10.2,8.59,11.60,1546.1,5.8,3.94,0.096,0.059,3.46,--,--
江苏省,淮河流域,头罾闸,02-25 09:00,2,8.6,8.52,10.12,791.0,61.7,2.91,0.029,0.027,2.93,--,--
江苏省,淮河流域,王港闸,02-25 09:00,2,8.9,8.70,12.91,2209.3,28.2,3.41,0.042,0.061,2.23,--,--
江苏省,长江流域,三江营,02-25 09:00,2,11.1,8.35,10.47,452.0,35.2,1.33,0.072,0.041,1.98,--,--
江苏省,淮河流域,槐泗河口,02-25 09:00,2,9.8,8.56,9.65,633.2,33.2,3.16,0.041,0.034,2.24,--,--
江苏省,淮河流域,大运河船闸(宝应船闸),02-25 09:00,2,9.1,8.42,10.52,832.0,41.5,3.99,0.038,0.038,3.17,--,--
江苏省,淮河流域,三垛西大桥,02-25 09:00,2,9.3,7.93,9.28,944.1,26.3,3.36,0.201,0.069,2.87,--,--
江苏省,淮河流域,江都西闸,02-25 09:00,2,9.8,7.99,11.04,454.5,33.5,0.39,--,0.067,2.11,--,--
江苏省,长江流域,冻青桥,02-25 09:00,3,10.3,7.95,10.09,658.9,27.6,4.94,0.311,0.070,2.77,--,--
江苏省,长江流域,小河口上游,02-25 09:00,2,11.4,7.64,10.46,429.6,9.5,0.91,0.042,0.037,1.84,--,--
江苏省,淮河流域,曹庄桥,02-25 09:00,2,10.4,8.08,10.54,451.6,23.0,2.00,0.046,0.056,2.22,--,--
江苏省,太湖流域,辛丰镇,02-25 09:00,2,12.4,7.96,9.42,416.4,17.9,1.27,0.064,0.050,2.31,--,--
江苏省,太湖流域,林家闸,02-25 09:00,2,11.4,7.94,10.60,414.3,8.2,1.53,0.044,0.041,1.94,--,--
江苏省,长江流域,新河桥,02-25 09:00,2,18.4,8.09,9.75,324.2,2.8,1.96,0.050,0.030,1.41,--,--
江苏省,太湖流域,新港桥,02-25 09:00,2,11.8,8.09,10.28,399.8,1.7,1.95,0.025,0.029,1.53,--,--
江苏省,太湖流域,吕城,02-25 09:00,2,11.6,8.34,11.06,440.2,21.9,2.09,0.061,0.068,2.40,--,--
江苏省,淮河流域,海陵大桥,02-25 09:00,2,10.8,8.11,10.39,399.9,5.2,1.38,0.049,0.043,2.19,--,--
江苏省,长江流域,马甸闸西,02-25 09:00,2,10.9,8.67,10.96,432.1,13.6,1.65,0.052,0.039,1.97,--,--
江苏省,长江流域,祥和大桥,02-25 09:00,3,10.9,8.99,17.88,432.8,23.4,4.92,0.133,0.096,2.15,--,--
江苏省,长江流域,新十圩港大桥,02-25 09:00,1,10.7,8.08,9.88,519.4,17.9,1.61,0.054,0.0004,1.83,--,--
江苏省,长江流域,夏仕港大桥,02-25 09:00,2,10.8,8.24,10.71,429.2,16.9,1.56,0.026,0.058,1.90,--,--
江苏省,淮河流域,骆马湖乡,02-25 09:00,1,7.8,8.35,12.42,861.7,27.8,--,--,--,--,--,6144804
江苏省,淮河流域,三场,02-25 09:00,1,7.6,8.41,13.92,875.6,725.3,--,--,--,--,0.009,12544970
江苏省,淮河流域,马陵翻水站,02-25 08:00,3,9.1,8.32,10.70,1093.4,17.3,4.01,0.038,0.035,2.50,--,--
江苏省,淮河流域,临淮乡入湖口,02-25 09:00,2,10.2,8.26,10.14,854.3,19.9,3.80,0.048,0.038,2.21,--,--
江苏省,淮河流域,砖瓦厂,02-25 09:00,3,10.0,8.34,12.86,1083.1,13.6,4.47,0.011,0.037,2.88,--,--
江苏省,淮河流域,顾勒大桥,02-25 08:00,2,9.5,8.24,11.18,833.2,8.4,3.46,0.046,0.034,1.96,--,--
江苏省,淮河流域,团结闸,02-25 09:00,3,9.2,8.18,11.26,983.0,11.9,5.05,0.010,0.056,3.65,--,--
江苏省,淮河流域,大屈,02-25 09:00,3,10.9,8.34,11.53,905.1,4.3,5.16,--,0.051,1.83,--,--
浙江省,浙闽片河流,小金山,02-25 09:00,1,12.8,7.60,10.34,141.9,2.0,0.86,--,0.007,0.74,--,--
浙江省,浙闽片河流,三潭岛,02-25 09:00,1,12.8,7.56,9.24,124.3,1.8,1.31,--,0.006,0.65,--,--
浙江省,浙闽片河流,千岛湖大坝前,02-25 09:00,1,13.7,7.51,10.04,122.0,2.8,0.88,--,0.003,0.70,--,--
浙江省,太湖流域,奉口,02-25 09:00,2,13.3,7.82,7.39,407.5,4.6,2.52,0.038,0.030,2.59,--,--
浙江省,浙闽片河流,桐君山,02-25 09:00,2,12.6,7.87,10.84,275.1,10.3,1.09,0.089,0.042,1.29,--,--
浙江省,浙闽片河流,洋溪渡,02-25 09:00,1,13.1,7.44,8.65,159.2,2.9,1.08,--,0.009,0.81,--,--
浙江省,浙闽片河流,桐庐,02-25 09:00,2,12.8,7.57,9.81,449.3,9.9,2.05,0.063,0.027,--,--,--
浙江省,浙闽片河流,街口(鸠坑口),02-25 09:00,2,13.0,7.52,10.12,161.0,5.6,0.99,0.006,0.022,0.71,--,--
浙江省,浙闽片河流,溪口,02-25 09:00,1,13.8,6.68,8.32,101.6,7.4,0.74,0.004,0.008,1.06,--,--
浙江省,浙闽片河流,清林渡,02-25 09:00,3,12.6,7.68,9.57,515.6,13.5,4.06,0.594,0.102,3.55,--,--
浙江省,浙闽片河流,水车,02-25 09:00,3,14.1,8.68,11.51,4463.0,5.9,4.25,0.066,0.017,1.93,--,--
浙江省,浙闽片河流,大嵩,02-25 09:00,2,13.5,8.60,12.96,1603.5,5.8,3.83,0.020,0.045,1.24,--,--
浙江省,浙闽片河流,北湖中心,02-25 09:00,3,12.7,6.89,9.17,104.2,36.0,2.92,0.040,0.039,1.27,0.008,123138
浙江省,浙闽片河流,长汀,02-25 09:00,6,14.2,9.11,10.40,164.0,4.0,1.07,0.030,0.015,1.56,--,--
浙江省,浙闽片河流,菁江渡（浦口闸）,02-25 09:00,2,13.5,7.86,10.59,410.1,6.8,3.99,0.015,0.064,2.84,--,--
浙江省,浙闽片河流,梁桥,02-25 09:00,2,16.8,7.17,9.18,99.1,3.0,1.08,0.039,0.048,1.70,--,--
浙江省,浙闽片河流,四灶浦闸,02-25 09:00,3,12.1,8.47,11.03,3950.5,10.0,5.83,0.013,0.047,2.00,--,--
浙江省,浙闽片河流,赵山渡,02-25 09:00,1,16.4,7.32,10.12,48.2,2.2,0.65,0.003,0.010,0.57,--,--
浙江省,浙闽片河流,小旦,02-25 09:00,2,14.6,6.96,10.14,103.4,27.5,1.47,--,0.025,0.96,--,--
浙江省,浙闽片河流,大荆,02-25 09:00,1,14.8,7.31,9.68,554.9,20.9,0.96,0.004,0.009,0.98,--,--
浙江省,浙闽片河流,蒲岐,02-25 09:00,2,14.4,7.89,9.95,770.0,11.4,2.10,0.060,0.050,0.91,--,--
浙江省,浙闽片河流,沙头,02-25 09:00,1,15.3,7.28,10.41,57.4,7.4,0.98,0.017,0.005,0.46,--,--
浙江省,太湖流域,王江泾,02-25 09:00,2,14.2,7.57,8.22,572.0,12.6,3.47,0.076,0.061,2.67,--,--
浙江省,太湖流域,湘家荡,02-25 09:00,2,12.0,7.55,7.19,512.9,13.2,2.39,0.034,0.046,0.58,--,--
浙江省,太湖流域,池家浜水文站,02-25 09:00,2,12.3,7.68,8.94,539.4,18.5,2.84,0.050,0.041,1.91,--,--
浙江省,太湖流域,长山闸一号桥,02-25 09:00,2,12.1,8.66,12.00,960.5,10.2,3.56,0.036,0.031,3.03,--,--
浙江省,太湖流域,南台头闸一号桥,02-25 09:00,2,11.8,7.76,9.00,960.0,20.0,3.18,0.187,0.078,3.74,--,--
浙江省,太湖流域,上塘河排涝闸,02-25 09:00,2,13.0,8.24,7.84,879.5,10.8,2.70,0.022,0.050,3.02,--,--
浙江省,太湖流域,盐官排涝枢纽,02-25 09:00,2,12.5,8.32,11.27,627.0,13.5,3.02,0.281,0.025,3.22,--,--
浙江省,太湖流域,卫八路桥（嘉兴金桥）,02-25 08:00,2,11.9,7.57,7.46,705.4,18.2,3.05,0.124,0.076,3.29,--,--
浙江省,太湖流域,漕廊公路桥,02-25 08:00,2,11.9,7.62,8.20,626.5,24.1,3.23,0.088,0.057,2.24,--,--
浙江省,太湖流域,朱枫公路桥（清凉大桥）,02-25 09:00,2,11.6,7.76,9.69,581.0,18.8,3.53,0.115,0.049,3.11,--,--
浙江省,太湖流域,红旗塘大坝,02-25 09:00,3,12.3,8.03,9.71,477.2,18.6,5.07,0.127,0.046,2.90,--,--
浙江省,太湖流域,枫南大桥,02-25 09:00,2,11.9,7.38,8.64,586.1,30.5,3.72,0.074,0.076,3.06,--,--
浙江省,太湖流域,青阳汇,02-25 09:00,2,11.9,7.73,10.68,585.8,29.4,3.33,0.151,0.063,3.74,--,--
浙江省,太湖流域,小新村,02-25 09:00,2,12.3,7.76,8.19,651.4,39.3,2.98,0.110,0.077,3.53,--,--
浙江省,太湖流域,乌镇北,02-25 09:00,2,11.6,7.78,8.46,525.1,40.8,3.88,0.143,0.057,2.82,--,--
浙江省,太湖流域,新港口(新塘港),02-25 08:00,2,11.1,8.73,10.02,446.9,123.0,3.09,0.206,0.042,1.33,0.065,--
浙江省,太湖流域,大钱,02-25 08:00,2,10.8,8.39,10.68,481.4,140.1,3.79,0.201,0.059,1.78,--,--
浙江省,太湖流域,南浔,02-25 09:00,2,12.9,7.87,8.51,480.6,34.5,2.44,0.255,0.053,2.96,--,--
浙江省,太湖流域,城西大桥,02-25 09:00,2,12.0,7.49,8.74,571.5,16.7,3.14,0.412,0.047,4.68,--,--
浙江省,太湖流域,汤溇,02-25 08:00,2,11.6,8.77,10.06,383.1,87.2,3.02,0.138,0.034,1.07,--,--
浙江省,太湖流域,塘浦,02-25 09:00,2,12.6,7.28,10.13,172.4,4.2,2.28,0.027,0.026,2.24,--,--
浙江省,太湖流域,荆湾,02-25 09:00,2,11.4,6.93,9.24,424.4,1.6,1.90,0.472,0.051,4.57,--,--
浙江省,太湖流域,铁路桥,02-25 09:00,2,12.0,7.21,8.66,453.5,2.8,3.27,0.449,0.034,5.02,--,--
浙江省,太湖流域,小梅口,02-25 09:00,2,10.8,7.19,9.63,389.8,44.9,3.18,0.040,0.042,1.49,--,--
浙江省,太湖流域,杨家浦,02-25 09:00,1,11.9,8.08,9.36,470.6,74.1,--,--,--,--,--,--
浙江省,太湖流域,新塘,02-25 09:00,2,11.8,8.06,9.90,489.1,41.9,2.38,0.049,0.039,1.62,--,--
浙江省,太湖流域,合溪,02-25 09:00,2,11.7,8.04,9.36,494.4,61.2,2.93,0.072,0.044,1.74,--,--
浙江省,浙闽片河流,曹娥江大闸闸前,02-25 09:00,2,12.8,7.93,9.51,678.0,11.6,3.21,0.014,0.021,1.74,--,--
浙江省,浙闽片河流,屠家埠,02-25 09:00,2,13.5,8.00,11.53,264.2,8.1,3.29,0.168,0.066,2.42,--,--
浙江省,浙闽片河流,葛山头,02-25 09:00,2,12.3,7.63,8.88,549.4,13.6,3.83,0.080,0.037,2.62,--,--
浙江省,浙闽片河流,湄池,02-25 09:00,3,13.6,7.51,9.13,560.3,19.4,4.52,0.227,0.059,3.56,--,--
浙江省,浙闽片河流,王家泾,02-25 09:00,3,13.9,7.06,6.68,289.7,10.4,4.50,0.092,0.057,3.04,--,--
浙江省,浙闽片河流,汤曹汇合口,02-25 09:00,2,12.2,8.01,10.90,604.9,16.2,2.77,0.096,0.027,3.02,--,--
浙江省,浙闽片河流,义东桥,02-25 09:00,3,14.4,7.36,8.37,368.1,9.4,4.20,0.273,0.127,4.19,--,--
浙江省,浙闽片河流,塔下洲,02-25 09:00,2,14.3,7.72,7.90,540.7,15.9,3.27,0.096,0.097,4.22,--,--
浙江省,浙闽片河流,东关桥,02-25 09:00,3,14.8,7.97,9.16,544.0,5.8,4.17,0.140,0.109,4.05,--,--
浙江省,浙闽片河流,费垅,02-25 09:00,3,15.3,7.50,7.65,458.6,3.2,--,0.194,0.119,4.23,--,--
浙江省,浙闽片河流,台口,02-25 09:00,2,13.6,8.68,9.34,327.4,9.1,3.99,0.053,0.060,4.02,--,--
浙江省,浙闽片河流,南江桥,02-25 09:00,3,14.8,8.21,8.00,387.0,29.0,5.07,0.029,0.088,2.90,--,--
浙江省,浙闽片河流,横山,02-25 09:00,2,14.9,7.53,8.42,497.1,3.8,2.60,0.251,0.077,2.17,--,--
浙江省,浙闽片河流,洪坞桥,02-25 09:00,3,14.3,7.28,8.58,315.6,2.9,3.37,0.111,0.116,4.21,--,--
浙江省,浙闽片河流,章店,02-25 09:00,3,15.0,7.45,7.25,291.7,7.3,3.51,0.171,0.137,3.89,--,--
浙江省,浙闽片河流,将军岩,02-25 09:00,3,13.3,7.44,11.88,484.4,1.2,3.76,0.441,0.103,3.73,--,--
浙江省,浙闽片河流,浮石渡,02-25 09:00,2,15.5,7.77,9.32,294.9,2.6,2.39,0.117,0.050,2.46,--,--
浙江省,浙闽片河流,双港口,02-25 09:00,2,15.6,7.64,8.41,314.4,1.2,2.40,0.052,0.044,2.06,--,--
浙江省,浙闽片河流,郑家,02-25 09:00,2,14.2,6.76,8.22,153.2,8.9,1.81,0.068,0.040,2.44,--,--
浙江省,浙闽片河流,下界首,02-25 09:00,1,15.4,8.30,9.67,254.7,0.7,1.89,0.050,0.018,0.93,--,--
浙江省,浙闽片河流,下童,02-25 09:00,2,13.6,7.52,10.41,531.0,10.7,2.77,0.213,0.054,2.61,--,--
浙江省,浙闽片河流,东迹渡,02-25 09:00,2,14.0,6.85,10.09,59.4,3.8,1.43,0.015,0.063,1.34,--,--
浙江省,长江流域,苏庄,02-25 08:00,2,13.9,6.86,7.96,87.1,2.0,2.46,0.008,0.015,1.48,--,--
浙江省,浙闽片河流,临城,02-25 09:00,6,13.6,9.12,13.39,2326.0,17.0,5.54,0.054,0.101,1.78,--,--
浙江省,浙闽片河流,长潭水库坝口,02-25 09:00,2,13.7,7.49,10.62,46.9,1.6,1.52,--,0.016,0.37,--,--
浙江省,浙闽片河流,老鼠屿,02-25 09:00,3,13.2,7.69,9.30,31899.3,1301.0,4.67,0.069,0.097,2.50,--,--
浙江省,浙闽片河流,金清新闸,02-25 09:00,3,12.8,8.38,8.18,4329.7,10.2,5.84,0.123,0.098,4.59,--,--
浙江省,浙闽片河流,里石门水库,02-25 09:00,1,13.7,7.45,10.05,80.4,1.3,1.90,0.008,0.006,0.61,0.003,3961166
浙江省,浙闽片河流,温峤,02-25 09:00,3,13.5,7.80,7.59,1596.8,8.9,4.68,0.526,0.108,3.40,--,--
浙江省,浙闽片河流,永宁江口,02-25 09:00,2,13.9,7.59,8.57,344.5,4.0,2.99,0.189,0.026,2.04,--,--
浙江省,浙闽片河流,沙段,02-25 09:00,2,13.2,7.94,11.81,402.4,2.7,3.05,0.026,0.028,2.43,--,--
浙江省,浙闽片河流,柏枝岙,02-25 09:00,2,14.5,6.96,9.02,168.5,3.4,0.94,0.098,0.043,2.00,--,--
浙江省,浙闽片河流,均溪,02-25 09:00,1,14.5,7.49,10.09,64.8,0.4,0.92,0.011,0.007,0.82,--,--
浙江省,浙闽片河流,风化,02-25 09:00,2,14.7,7.84,10.95,188.2,2.1,1.75,0.058,0.037,1.78,--,--
浙江省,浙闽片河流,临江,02-25 09:00,2,16.3,7.44,7.16,121.8,6.6,2.56,0.199,0.081,1.63,--,--
浙江省,浙闽片河流,松阳二中,02-25 09:00,1,16.4,6.49,8.07,254.5,18.7,--,--,--,--,--,--
浙江省,浙闽片河流,堰后,02-25 09:00,2,15.8,7.55,9.55,237.6,3.3,2.24,0.113,0.042,2.58,--,--
浙江省,浙闽片河流,沙湾上,02-25 09:00,1,16.0,7.30,9.28,49.3,1.4,0.48,0.034,0.007,0.35,--,--
浙江省,浙闽片河流,外舍,02-25 09:00,6,17.1,7.08,7.26,75.8,67.8,0.35,0.644,0.443,0.17,--,--
浙江省,浙闽片河流,小溪口,02-25 09:00,1,13.8,6.35,8.01,40.8,1.5,0.72,0.051,0.004,0.35,--,--
浙江省,浙闽片河流,石溪（石门洞）,02-25 09:00,1,14.9,7.24,10.48,57.5,16.3,--,--,--,0.48,--,--
安徽省,巢湖流域,三胜大队渡口,02-25 09:00,2,12.3,7.36,7.80,410.9,8.1,3.14,0.046,0.062,2.09,--,--
安徽省,巢湖流域,入湖口渡口,02-25 09:00,2,10.9,8.03,9.59,462.6,13.3,3.64,0.114,0.028,1.18,--,--
安徽省,巢湖流域,牛角大圩,02-25 09:00,2,11.8,7.95,10.24,628.3,46.1,--,0.094,0.038,2.45,--,--
安徽省,巢湖流域,北闸渡口(杭埠河),02-25 09:00,3,11.3,7.28,10.00,306.0,25.7,3.22,0.576,0.084,4.09,--,--
安徽省,巢湖流域,希望桥,02-25 09:00,2,13.0,7.42,8.63,460.0,6.5,3.82,0.219,0.046,5.00,--,--
安徽省,巢湖流域,石堆渡口,02-25 09:00,2,13.9,7.99,9.66,--,9.0,3.81,0.048,0.055,2.21,--,--
安徽省,巢湖流域,柘皋大桥,02-25 09:00,2,11.5,7.78,8.89,359.1,42.3,3.32,--,0.070,0.92,--,--
安徽省,巢湖流域,黄麓,02-25 09:00,3,9.7,8.18,11.08,389.5,40.7,4.47,--,0.039,--,0.023,2040845
安徽省,巢湖流域,三河镇大桥,02-25 09:00,6,12.6,9.23,0.14,1396.0,209.0,5.40,--,0.122,4.16,--,--
安徽省,巢湖流域,三河镇新大桥,02-25 09:00,3,11.8,7.64,10.31,228.3,3.6,4.60,0.136,0.041,3.13,--,--
安徽省,巢湖流域,施口,02-25 09:00,3,24.9,7.59,8.13,127.7,6.6,4.08,0.201,0.079,3.86,--,--
安徽省,巢湖流域,靠近大坝,02-25 09:00,2,9.2,6.71,11.05,122.0,4.7,1.50,0.004,0.010,0.83,0.002,625691
安徽省,巢湖流域,新河入湖区,02-25 09:00,4,9.5,7.71,10.45,434.3,77.5,3.97,0.022,0.072,1.79,0.010,37270260
安徽省,巢湖流域,西半湖湖心,02-25 09:00,4,9.9,7.82,10.22,518.5,40.8,3.90,0.039,0.064,2.68,0.068,9075864
安徽省,巢湖流域,龟山,02-25 09:00,3,10.0,7.65,10.85,405.4,30.2,3.41,--,0.035,0.57,0.015,1643310
安徽省,巢湖流域,忠庙,02-25 09:00,4,10.9,8.20,10.26,465.4,52.1,3.32,0.003,0.058,1.80,0.007,3088193
安徽省,巢湖流域,兆河入湖区,02-25 09:00,4,9.2,8.16,10.76,418.0,98.4,3.34,--,0.061,1.02,0.013,2235603
安徽省,巢湖流域,双桥河入湖口,02-25 09:00,2,11.8,7.65,9.07,401.4,51.7,2.79,0.108,0.039,1.43,--,--
安徽省,巢湖流域,繁华大道桥,02-25 09:00,4,12.4,7.67,9.48,565.9,17.8,6.88,0.549,0.117,4.83,--,--
安徽省,长江流域,东西梁山,02-25 09:00,2,12.4,7.88,9.89,399.5,1.9,1.29,0.041,0.056,2.01,--,--
安徽省,长江流域,宝塔根,02-25 09:00,2,12.0,8.05,10.19,256.7,17.6,2.26,0.085,0.053,1.83,--,--
安徽省,巢湖流域,裕溪口,02-25 09:00,2,10.8,7.99,10.33,426.6,36.6,2.05,0.152,0.046,1.93,--,--
安徽省,长江流域,荻港,02-25 09:00,2,11.8,7.61,9.24,349.1,21.9,2.06,0.100,0.042,1.85,--,--
安徽省,长江流域,澛港桥,02-25 09:00,2,11.0,7.97,10.01,279.9,8.1,3.63,0.224,0.049,2.18,--,--
安徽省,长江流域,西河入裕溪河口,02-25 09:00,2,12.2,8.03,10.14,618.4,12.2,3.66,0.041,0.037,1.30,--,--
安徽省,淮河流域,沫河口,02-25 09:00,2,10.5,8.03,10.10,803.9,8.9,2.66,0.027,0.042,4.00,--,--
安徽省,淮河流域,关咀,02-25 08:00,2,11.0,7.94,8.44,1163.2,1.7,2.60,0.017,0.031,2.02,--,--
安徽省,淮河流域,五河,02-25 08:00,2,8.8,8.22,9.15,1141.7,0.7,3.42,0.031,0.032,2.71,--,--
安徽省,淮河流域,蚌埠固镇,02-25 09:00,2,9.9,8.39,11.82,1584.6,21.4,3.01,0.116,0.066,5.73,--,--
安徽省,淮河流域,蚌埠闸上(蚌埠闸),02-25 09:00,2,10.4,8.08,9.76,794.7,10.4,2.84,0.022,--,4.10,--,--
安徽省,淮河流域,湖沟,02-25 08:00,3,10.4,8.18,11.09,1832.4,12.9,5.29,0.114,0.048,6.74,--,--
安徽省,淮河流域,石头埠,02-25 08:00,2,9.2,8.20,12.48,632.4,4.1,2.91,0.095,0.032,3.88,--,--
安徽省,淮河流域,鲁台孜,02-25 08:00,2,10.1,8.13,10.62,655.3,7.4,2.78,0.069,0.036,3.57,--,--
安徽省,淮河流域,西淝河闸下,02-25 08:00,2,10.3,8.42,10.96,900.5,17.6,2.28,0.029,0.027,3.52,--,--
安徽省,淮河流域,新城口,02-25 08:00,2,10.0,8.03,11.94,637.4,3.7,2.40,0.041,0.023,3.20,--,--
安徽省,淮河流域,焦岗湖,02-25 09:00,3,10.6,8.28,10.22,807.6,40.9,5.36,0.032,0.028,0.91,--,2032972
安徽省,淮河流域,大店岗,02-25 08:00,1,11.7,7.32,10.66,284.4,9.2,--,--,--,--,--,--
安徽省,淮河流域,五里闸,02-25 08:00,2,10.3,8.65,12.97,464.2,7.3,3.64,0.018,0.054,0.74,--,--
安徽省,淮河流域,白洋淀渡口,02-25 08:00,3,10.3,7.69,11.71,385.5,15.6,4.50,0.164,0.034,1.99,--,--
安徽省,长江流域,三兴村,02-25 08:00,2,12.1,8.12,9.73,401.3,13.0,1.74,--,0.046,2.20,--,--
安徽省,长江流域,得胜河入江口,02-25 09:00,2,11.6,8.03,8.00,862.0,39.4,3.95,0.159,0.066,3.08,--,--
安徽省,长江流域,姑溪河大桥,02-25 09:00,2,11.6,7.52,10.79,301.1,39.5,2.63,0.102,0.058,2.13,--,--
安徽省,长江流域,当涂查湾,02-25 09:00,2,12.2,7.59,10.61,227.5,44.1,3.06,0.015,0.038,1.88,--,--
安徽省,长江流域,乌江,02-25 08:00,2,10.1,8.27,11.54,426.1,24.6,1.66,0.201,0.047,2.34,--,--
安徽省,长江流域,雨山河下游,02-25 09:00,3,14.1,7.27,8.03,781.6,14.6,2.93,0.419,0.184,6.60,--,--
安徽省,淮河流域,小王桥,02-25 09:00,3,10.5,8.08,7.36,2248.4,1.9,4.15,0.078,0.066,4.18,--,--
安徽省,淮河流域,后常桥,02-25 08:00,2,10.0,8.35,11.45,1503.7,22.7,3.20,0.014,0.053,1.16,--,--
安徽省,淮河流域,李大桥闸,02-25 09:00,3,10.5,8.41,14.65,1032.3,5.7,4.44,0.024,0.032,0.76,--,--
安徽省,长江流域,顺安河入江口,02-25 08:00,2,12.0,7.79,13.58,551.1,10.1,2.34,0.070,0.065,2.23,--,--
安徽省,长江流域,陈家墩,02-25 08:00,2,12.2,8.24,10.53,395.6,8.3,1.58,0.056,0.047,1.89,--,--
安徽省,长江流域,枞阳大闸,02-25 08:00,1,10.4,7.58,9.51,261.8,60.0,--,--,--,--,--,--
安徽省,长江流域,武昌湖,02-25 08:00,4,11.9,7.36,8.72,202.2,26.8,5.09,0.089,0.071,1.55,0.012,9817063
安徽省,长江流域,前江口,02-25 08:00,2,11.7,8.06,10.68,397.1,16.6,1.59,0.029,0.046,2.20,--,--
安徽省,长江流域,花亭湖坝前,02-25 08:00,1,9.6,7.32,9.86,104.0,0.8,1.55,0.010,0.006,0.48,0.001,139947
安徽省,长江流域,华阳河入江口,02-25 08:00,2,11.7,8.17,9.90,467.8,25.1,2.79,0.191,0.042,1.71,--,--
安徽省,长江流域,水厂取水口,02-25 08:00,2,11.9,8.04,10.73,148.1,15.0,2.80,0.019,0.031,1.31,--,--
安徽省,长江流域,皖河大桥,02-25 08:00,2,11.0,7.45,11.04,151.3,69.2,2.68,0.068,0.052,1.47,--,--
安徽省,长江流域,车轴寺大桥,02-25 08:00,2,11.7,8.04,9.36,154.4,13.6,3.56,0.017,0.031,1.55,--,--
安徽省,浙闽片河流,篁墩,02-25 08:00,2,11.8,7.13,9.17,260.7,14.2,--,0.403,--,--,--,--
安徽省,浙闽片河流,率水大桥,02-25 08:00,2,14.1,6.79,7.22,91.4,41.8,2.32,0.042,0.041,1.92,--,--
安徽省,浙闽片河流,横江大桥,02-25 08:00,2,14.2,7.71,10.02,372.6,56.6,2.59,0.012,0.028,1.69,--,--
安徽省,浙闽片河流,浦口,02-25 08:00,4,14.2,6.63,8.68,521.5,593.7,7.76,0.012,0.106,4.79,--,--
安徽省,长江流域,太平湖湖心,02-25 09:00,1,10.5,7.62,10.98,107.3,2.4,1.37,--,0.009,0.49,0.002,127970
安徽省,浙闽片河流,新管,02-25 08:00,2,12.2,7.03,14.13,402.9,14.0,1.57,0.011,0.042,2.07,--,--
安徽省,淮河流域,天长化工厂,02-25 09:00,4,10.6,7.96,7.64,1261.1,32.5,6.02,0.005,0.100,--,--,--
安徽省,淮河流域,公路桥,02-25 09:00,3,10.6,7.54,8.04,731.3,15.5,5.62,0.108,0.081,2.12,--,--
安徽省,淮河流域,小柳巷,02-25 09:00,2,10.1,7.62,10.08,873.4,9.7,2.12,0.119,0.052,4.51,--,--
安徽省,长江流域,水口,02-25 09:00,3,11.3,8.02,7.28,1424.2,23.6,--,0.342,0.129,11.24,--,--
安徽省,长江流域,乌衣下,02-25 09:00,3,12.1,7.90,10.45,1277.5,14.1,4.29,0.122,0.072,8.42,--,--
安徽省,长江流域,襄河大桥,02-25 09:00,6,11.8,7.93,9.21,493.8,13.9,16.29,0.254,0.048,2.62,--,--
安徽省,长江流域,清流河口,02-25 08:00,3,10.5,7.88,12.41,1368.6,48.3,4.21,0.121,0.085,7.58,--,--
安徽省,淮河流域,阜阳段下,02-25 08:00,2,10.4,7.98,9.05,1048.0,9.8,3.52,0.168,0.098,7.68,--,--
安徽省,淮河流域,杨湖,02-25 08:00,2,10.0,8.07,10.92,993.6,7.0,3.63,0.113,0.063,5.45,--,--
安徽省,淮河流域,张大桥,02-25 09:00,2,11.5,8.19,11.56,1644.1,5.3,3.00,0.338,0.061,13.97,--,--
安徽省,淮河流域,王家坝,02-25 09:00,3,11.5,8.23,10.17,508.2,7.3,4.66,0.102,0.066,2.70,--,--
安徽省,淮河流域,界首七渡口(七渡口),02-25 09:00,3,10.1,7.73,8.89,971.5,12.0,3.08,0.599,0.083,8.45,--,--
安徽省,淮河流域,阜南,02-25 08:00,2,11.5,8.15,12.12,623.5,4.2,3.10,0.014,0.024,0.29,--,--
安徽省,淮河流域,阜阳段上游,02-25 08:00,2,10.6,7.77,8.80,1021.9,9.8,3.35,0.089,0.058,8.13,--,--
安徽省,淮河流域,奎河苏皖省界（黄桥）,02-25 09:00,3,11.4,7.38,10.95,1163.9,12.5,5.64,0.115,0.112,5.93,--,--
安徽省,淮河流域,东坪集,02-25 08:00,3,10.0,8.30,11.27,1919.9,12.5,4.11,0.045,0.045,7.13,--,--
安徽省,淮河流域,符离闸,02-25 08:00,3,12.7,8.12,9.74,1275.3,3.7,4.30,0.017,0.046,2.80,--,--
安徽省,淮河流域,芦岭桥,02-25 09:00,2,9.6,8.23,10.96,1221.6,9.1,3.68,0.066,0.037,3.64,--,--
安徽省,淮河流域,下楼公路桥,02-25 09:00,2,11.0,7.85,11.20,828.0,4.2,2.47,0.063,0.060,1.50,--,--
安徽省,淮河流域,工农兵大桥,02-25 08:00,2,11.7,8.16,13.11,480.1,15.5,3.65,0.061,0.062,2.69,--,--
安徽省,淮河流域,陶洪集,02-25 08:00,2,11.4,7.73,11.11,170.8,37.4,2.02,0.025,0.030,1.41,--,--
安徽省,淮河流域,东湖闸,02-25 08:00,2,11.1,7.43,10.95,232.1,21.7,2.69,0.032,0.053,1.23,--,--
安徽省,淮河流域,新安渡口,02-25 08:00,2,11.3,7.45,9.27,332.3,5.1,2.86,0.042,0.015,2.69,--,--
安徽省,淮河流域,响洪甸水库出水口,02-25 08:00,1,9.4,7.27,11.03,90.9,2.6,1.28,0.012,0.009,1.01,--,--
安徽省,淮河流域,丁埠大桥,02-25 08:00,2,10.2,7.68,9.65,124.1,2.7,1.74,0.008,0.024,0.99,--,--
安徽省,巢湖流域,将军宕大桥,02-25 08:00,2,11.0,7.14,8.40,214.3,8.3,2.42,0.043,0.029,2.65,--,--
安徽省,淮河流域,固始李畈,02-25 08:00,2,9.8,7.42,10.78,234.9,2.5,2.28,0.014,0.023,2.60,--,--
安徽省,淮河流域,龙亢,02-25 07:00,2,9.8,7.99,8.60,1645.0,17.8,3.69,0.036,0.057,5.11,--,--
安徽省,淮河流域,刘寨村后,02-25 09:00,1,10.0,8.11,11.45,2854.0,19.0,--,--,--,--,--,--
安徽省,淮河流域,涡阳义门大桥,02-25 08:00,3,10.8,8.00,8.33,1785.1,7.3,4.26,0.380,0.085,4.61,--,--
安徽省,淮河流域,利辛段,02-25 09:00,2,11.5,8.21,12.97,1167.3,5.0,2.00,0.040,0.020,6.83,--,--
安徽省,长江流域,五步沟,02-25 08:00,2,12.1,7.96,9.96,394.8,8.1,1.77,0.044,0.047,1.92,--,--
安徽省,长江流域,青通河河口,02-25 08:00,2,12.7,7.85,8.92,297.2,31.2,2.69,0.136,0.048,2.57,--,--
安徽省,长江流域,秋浦河入江口,02-25 08:00,2,11.4,7.92,10.54,288.9,59.7,1.48,0.046,0.032,1.28,--,--
安徽省,长江流域,东流,02-25 08:00,2,11.2,7.53,7.03,223.8,85.4,2.90,0.190,0.084,--,--,--
安徽省,长江流域,南漪湖西湖湖心,02-25 09:00,4,10.6,7.76,10.58,287.0,70.6,2.71,0.035,0.062,1.16,0.004,36323480
安徽省,太湖流域,殷桥,02-25 08:00,4,12.1,7.48,7.86,363.0,13.1,6.56,0.093,0.068,--,--,--
安徽省,长江流域,泾南交界,02-25 09:00,2,12.2,7.66,9.45,148.5,12.1,1.42,0.004,0.029,1.04,--,--
安徽省,长江流域,汪溪,02-25 09:00,2,14.0,8.12,9.46,194.2,5.5,0.95,0.033,0.042,1.12,--,--
安徽省,长江流域,狮子口,02-25 09:00,3,12.1,7.66,8.88,418.4,25.6,4.18,0.206,0.111,4.92,--,--
安徽省,长江流域,东村桥,02-25 08:00,2,11.0,7.86,7.66,533.5,3.5,2.25,0.062,0.023,1.23,--,--
安徽省,长江流域,旌泾交界,02-25 08:00,2,12.3,7.46,8.94,205.9,9.1,2.16,0.062,0.097,2.04,--,--
安徽省,长江流域,水碧桥,02-25 08:00,2,11.0,7.64,10.23,277.3,8.8,1.82,0.198,0.046,2.53,--,--
福建省,浙闽片河流,闽侯竹岐,02-25 08:00,2,16.8,7.23,10.40,256.8,19.3,2.16,0.033,0.081,1.60,--,--
福建省,浙闽片河流,闽安,02-25 09:00,3,15.3,7.70,8.31,16547.2,130.3,3.59,0.365,0.123,3.42,--,--
福建省,浙闽片河流,连江荷山渡口,02-25 09:00,5,16.8,8.07,6.97,201.2,388.1,5.24,0.803,0.312,3.32,--,--
福建省,浙闽片河流,永泰横龙,02-25 09:00,1,18.0,8.19,9.90,82.4,6.6,1.33,0.005,0.006,0.61,--,--
福建省,浙闽片河流,闽清雄江,02-25 09:00,2,16.6,7.45,7.09,225.5,3.0,1.95,0.022,0.040,1.43,--,--
福建省,浙闽片河流,梅溪口,02-25 09:00,2,18.8,7.47,8.38,179.5,5.6,2.50,0.070,0.058,2.47,--,--
福建省,浙闽片河流,隘头潭,02-25 09:00,4,20.8,6.32,4.96,197.4,3.3,1.24,0.029,0.039,0.48,--,--
福建省,浙闽片河流,园头桥,02-25 09:00,3,19.2,7.31,7.68,258.8,14.4,2.30,0.056,0.137,5.02,--,--
福建省,浙闽片河流,江口桥,02-25 09:00,3,17.8,7.73,8.41,31266.6,9.4,1.93,0.778,0.073,4.48,--,--
福建省,浙闽片河流,将乐万全,02-25 09:00,1,13.8,7.04,9.19,93.9,1.7,1.49,0.022,0.019,1.03,--,--
福建省,浙闽片河流,宁化肖家,02-25 09:00,2,16.5,7.11,6.83,153.8,4.9,2.98,0.245,0.096,2.52,--,--
福建省,浙闽片河流,永安安砂水库下游,02-25 09:00,1,16.4,7.10,7.82,149.3,0.8,1.24,0.006,0.020,--,--,--
福建省,浙闽片河流,永安贡川桥,02-25 07:00,2,18.0,6.98,7.15,203.8,3.9,1.62,0.043,0.033,1.28,--,--
福建省,浙闽片河流,斑竹溪渡口,02-25 09:00,2,17.7,7.27,8.15,440.0,1.6,1.89,0.020,0.063,1.49,--,--
福建省,浙闽片河流,建宁袁庄,02-25 09:00,2,14.9,7.06,9.33,109.7,1.7,0.90,0.068,0.056,1.63,--,--
福建省,浙闽片河流,尤溪拥口大桥,02-25 09:00,2,18.1,7.53,8.08,130.7,2.4,2.06,0.196,0.023,1.14,--,--
福建省,浙闽片河流,南安康美桥,02-25 09:00,2,18.8,7.35,8.10,152.6,4.2,2.32,0.012,0.066,2.08,--,--
福建省,浙闽片河流,永春东关桥,02-25 09:00,3,21.1,7.54,7.62,252.8,2.9,2.90,0.167,0.113,5.05,--,--
福建省,浙闽片河流,安溪罗内桥,02-25 09:00,3,19.8,6.94,6.21,200.9,8.0,1.43,0.266,0.117,4.20,--,--
福建省,浙闽片河流,南安霞东桥,02-25 09:00,3,20.4,7.24,7.06,268.9,3.8,0.82,0.261,0.112,3.57,--,--
福建省,浙闽片河流,华安西陂,02-25 09:00,2,19.9,7.31,9.43,410.0,19.0,1.79,0.096,0.066,1.62,--,--
福建省,浙闽片河流,南靖靖城桥,02-25 09:00,3,20.4,6.60,5.98,152.6,10.4,1.91,0.214,0.086,5.72,--,--
福建省,浙闽片河流,诏安澳子头,02-25 09:00,2,20.7,7.30,9.92,177.8,1.3,2.82,0.060,0.050,1.45,--,--
福建省,浙闽片河流,南靖洪濑汤坑桥,02-25 09:00,2,20.7,6.81,6.20,263.4,25.9,2.21,0.145,0.055,14.21,--,--
福建省,浙闽片河流,浦南水文站,02-25 09:00,2,19.6,6.86,7.05,407.3,34.8,0.81,0.321,0.012,3.08,--,--
福建省,浙闽片河流,南溪浮宫桥,02-25 09:00,3,19.6,7.51,5.61,17489.6,53.5,2.47,--,0.120,3.15,--,--
福建省,浙闽片河流,上坂,02-25 09:00,3,21.3,6.79,6.16,221.4,10.1,2.29,0.186,0.103,4.06,--,--
福建省,浙闽片河流,云霄高塘渡口,02-25 09:00,3,20.8,7.53,9.67,814.8,4.8,--,--,0.133,4.16,--,--
福建省,浙闽片河流,水汾桥,02-25 09:00,3,18.4,7.33,8.82,522.7,2.4,4.03,0.169,0.053,2.01,--,--
福建省,浙闽片河流,十里庵,02-25 09:00,2,17.0,7.19,7.99,359.2,8.0,2.19,0.124,0.068,2.26,--,--
福建省,浙闽片河流,邵武晒口桥,02-25 09:00,2,16.4,7.06,8.30,380.5,12.2,1.68,0.134,0.084,2.57,--,--
福建省,浙闽片河流,武夷山兴田,02-25 08:00,2,16.2,7.50,11.34,86.5,7.0,1.52,0.024,0.031,1.34,--,--
福建省,浙闽片河流,建瓯蓬墩,02-25 09:00,3,16.9,6.70,5.75,125.2,8.2,2.28,0.610,0.068,2.27,--,--
福建省,浙闽片河流,浪石,02-25 09:00,2,17.4,7.03,8.83,370.0,8.5,1.61,0.218,0.043,1.95,--,--
福建省,浙闽片河流,将乐樟应,02-25 09:00,1,17.1,7.24,9.43,106.2,10.8,1.81,0.053,0.019,0.89,--,--
福建省,浙闽片河流,建阳坪州大桥,02-25 09:00,2,17.8,7.12,9.09,231.5,3.7,2.39,0.047,0.062,1.70,--,--
福建省,浙闽片河流,政和西津,02-25 09:00,2,18.4,7.45,8.14,171.1,15.4,2.66,0.311,0.080,2.39,--,--
福建省,浙闽片河流,松溪岩下,02-25 08:00,2,16.3,7.22,8.29,143.6,5.3,2.00,0.114,0.054,1.89,--,--
福建省,浙闽片河流,雁石桥,02-25 09:00,2,20.8,7.02,10.90,421.6,7.1,1.04,0.004,0.075,2.83,--,--
福建省,珠江流域,长汀美西桥,02-25 09:00,2,16.6,6.86,9.09,565.1,0.8,1.87,0.009,0.048,1.96,--,--
福建省,浙闽片河流,福安赛岐,02-25 09:00,3,16.5,7.35,8.06,4653.6,94.6,4.87,0.306,0.181,3.24,--,--
福建省,浙闽片河流,八都,02-25 09:00,2,17.8,7.24,8.28,142.9,2.1,1.62,0.040,0.056,1.57,--,--
福建省,浙闽片河流,福安白塔,02-25 09:00,2,16.8,7.40,8.80,84.4,2.9,1.10,0.070,0.044,1.74,--,--
福建省,浙闽片河流,古田黄田,02-25 09:00,2,18.4,7.58,8.96,226.0,10.6,3.66,0.061,0.073,1.62,--,--
福建省,浙闽片河流,福安洪口,02-25 09:00,2,16.0,6.94,8.80,54.6,6.1,1.18,0.076,0.072,1.55,--,--
江西省,长江流域,周坊,02-25 08:00,2,12.0,7.52,11.12,254.7,10.6,1.63,0.037,0.024,1.73,--,--
江西省,长江流域,大港,02-25 09:00,-1,--,--,--,--,--,--,--,--,--,--,--
江西省,长江流域,新联,02-25 09:00,2,11.2,7.52,10.63,285.7,23.8,3.89,0.054,0.037,3.25,--,--
江西省,长江流域,生米,02-25 09:00,2,13.3,8.02,10.30,294.7,7.4,1.16,0.048,0.027,1.81,--,--
江西省,长江流域,滁槎,02-25 09:00,2,12.2,7.47,8.94,301.3,4.0,2.44,0.319,0.053,2.83,--,--
江西省,长江流域,塔城,02-25 09:00,2,12.8,7.74,9.89,176.7,12.3,2.10,0.048,0.028,1.40,--,--
江西省,长江流域,昌邑,02-25 09:00,2,11.9,7.54,11.27,297.7,14.3,1.65,0.077,0.047,1.35,--,--
江西省,长江流域,八一桥,02-25 09:00,2,12.8,7.72,9.63,288.5,8.5,1.98,0.106,0.031,--,--,--
江西省,长江流域,焦石坝,02-25 09:00,2,13.0,8.20,9.31,176.7,9.4,3.80,0.099,0.032,2.03,--,--
江西省,长江流域,鲇鱼山,02-25 09:00,2,14.8,6.81,6.36,245.1,13.7,1.71,0.126,0.024,1.83,--,--
江西省,长江流域,戴村,02-25 09:00,2,16.0,7.46,7.55,497.0,4.7,2.98,0.284,0.048,1.70,--,--
江西省,长江流域,南河河口,02-25 09:00,4,16.4,6.91,4.23,299.2,3.5,3.22,0.900,0.171,3.39,--,--
江西省,长江流域,镇埠,02-25 09:00,1,21.1,7.37,7.50,145.7,5.4,1.65,0.060,0.013,0.75,--,--
江西省,长江流域,龙山口,02-25 09:00,2,16.4,7.92,8.67,329.9,8.4,2.12,0.048,0.040,0.82,--,--
江西省,长江流域,桐车湾,02-25 09:00,4,14.4,7.19,5.04,413.5,4.5,3.42,0.687,0.202,4.22,--,--
江西省,长江流域,金鱼石,02-25 09:00,3,13.8,7.61,6.41,541.4,2.1,--,0.174,0.105,3.40,--,--
江西省,长江流域,吴城修河,02-25 09:00,2,12.7,7.35,9.59,134.0,20.7,1.48,0.071,0.022,0.82,--,--
江西省,长江流域,姚港(河西水厂),02-25 09:00,2,12.8,8.47,10.99,453.4,11.4,1.34,0.073,0.054,1.98,--,--
江西省,长江流域,湖口,02-25 09:00,2,12.1,6.62,10.00,392.5,13.3,1.25,0.022,0.053,2.32,--,--
江西省,长江流域,蛤蟆石,02-25 09:00,2,11.6,7.27,10.22,299.0,38.6,1.73,0.044,0.024,1.45,0.0002,328144
江西省,长江流域,都昌,02-25 09:00,3,10.8,7.35,9.64,428.2,48.4,2.35,0.138,0.028,2.18,0.005,7420000
江西省,长江流域,潦河河口,02-25 09:00,2,12.8,6.65,9.59,106.7,12.0,1.78,0.228,0.054,1.74,--,--
江西省,长江流域,三都,02-25 09:00,2,17.1,7.57,9.52,226.0,23.4,0.97,0.032,0.058,1.34,--,--
江西省,长江流域,柘林湖坝上,02-25 09:00,1,12.0,7.14,9.21,118.3,0.6,0.98,0.026,0.007,0.31,--,--
江西省,长江流域,洋港镇,02-25 08:00,1,13.9,7.47,8.06,310.4,5.7,1.11,0.010,0.011,2.14,--,--
江西省,长江流域,修水界上桥,02-25 08:00,3,11.8,7.03,9.36,83.1,27.3,--,0.251,0.162,5.30,--,--
江西省,长江流域,共青城寨下,02-25 09:00,-1,--,--,--,--,--,--,--,--,--,--,--
江西省,长江流域,罗坊,02-25 09:00,2,15.1,7.19,6.55,357.8,16.9,3.72,0.151,0.062,2.38,--,--
江西省,长江流域,孔目江江口,02-25 09:00,4,15.1,7.73,7.22,354.0,11.3,3.17,1.166,0.146,2.92,--,--
江西省,长江流域,浮桥,02-25 09:00,2,13.7,8.46,10.09,337.6,8.8,3.07,0.081,0.038,1.85,--,--
江西省,长江流域,傣家村,02-25 09:00,2,12.5,8.52,10.66,287.1,23.0,3.17,0.058,0.024,1.08,0.021,11806550
江西省,长江流域,炭埠周家（梅港）,02-25 09:00,2,14.6,7.13,9.70,301.2,3.0,2.72,0.061,0.035,2.47,--,--
江西省,长江流域,白塔河河口,02-25 09:00,2,14.4,6.95,6.06,146.4,4.0,2.48,0.072,0.041,1.67,--,--
江西省,长江流域,土桥,02-25 09:00,2,14.4,7.48,8.75,294.5,2.2,2.60,0.281,0.050,2.17,--,--
江西省,长江流域,流口村,02-25 09:00,2,15.5,7.24,7.88,267.1,9.2,2.70,0.167,0.066,2.25,--,--
江西省,长江流域,市自来水厂,02-25 09:00,1,16.9,7.44,10.60,165.0,2.9,1.55,0.038,--,0.69,--,--
江西省,长江流域,新庙前,02-25 09:00,2,16.7,7.90,10.78,327.0,8.2,2.15,0.107,--,--,--,--
江西省,长江流域,赣县梅林,02-25 09:00,2,16.3,7.41,7.94,414.8,17.3,1.60,0.079,0.040,2.30,--,--
江西省,长江流域,梓坑,02-25 09:00,2,16.4,7.40,7.63,282.7,6.4,2.06,0.057,0.033,2.13,--,--
江西省,长江流域,峡山,02-25 09:00,2,16.4,7.68,7.95,226.2,6.8,1.70,0.044,0.033,1.51,--,--
江西省,长江流域,梅江江口,02-25 09:00,2,18.0,7.60,8.99,164.4,10.3,2.22,0.035,0.044,1.35,--,--
江西省,长江流域,平江江口,02-25 09:00,2,18.2,7.56,8.08,173.9,8.0,1.52,0.088,0.037,1.45,--,--
江西省,长江流域,上犹江江口,02-25 09:00,1,17.9,7.48,7.98,117.0,4.7,1.87,--,0.015,0.52,--,--
江西省,长江流域,龙南自来水厂,02-25 09:00,2,20.8,7.47,7.61,283.5,15.3,1.76,0.056,0.050,1.11,--,--
江西省,长江流域,桃江江口,02-25 09:00,2,16.1,7.25,8.72,520.4,5.1,1.67,0.020,0.027,3.49,--,--
江西省,长江流域,大余城郊,02-25 09:00,2,17.8,7.35,8.02,143.9,1.3,1.77,0.019,0.028,1.60,--,--
江西省,长江流域,汝城多发电站,02-25 09:00,2,16.8,7.36,9.05,99.0,0.9,0.78,0.008,0.047,0.79,--,--
江西省,珠江流域,兴宁电站,02-25 09:00,2,19.3,8.10,11.19,179.2,1.3,1.58,0.162,0.010,3.15,--,--
江西省,长江流域,通津,02-25 09:00,2,14.2,7.56,9.62,278.9,3.1,0.82,0.041,0.024,1.51,--,--
江西省,长江流域,金滩,02-25 09:00,2,14.6,7.81,10.53,267.3,6.9,1.62,0.018,0.028,1.25,--,--
江西省,长江流域,孤江江口,02-25 09:00,1,16.7,7.43,9.79,185.5,21.8,1.89,0.002,0.020,0.85,--,--
江西省,长江流域,禾水河口,02-25 09:00,1,15.4,7.81,9.19,271.1,7.3,1.31,0.035,0.015,1.03,--,--
江西省,长江流域,蜀水河口,02-25 09:00,2,15.1,7.04,9.23,194.9,6.4,1.64,0.067,0.038,1.23,--,--
江西省,长江流域,遂川江江口,02-25 09:00,2,16.2,7.27,9.09,111.5,10.8,1.16,0.110,0.084,1.30,--,--
江西省,长江流域,乌江江口,02-25 09:00,2,14.8,7.40,9.20,229.6,7.8,2.79,0.050,0.031,1.79,--,--
江西省,长江流域,大洋洲,02-25 09:00,2,12.9,7.55,10.37,270.9,8.2,1.65,0.031,0.026,1.26,--,--
江西省,长江流域,棚下(杨村),02-25 09:00,3,15.3,7.58,7.01,264.9,3.6,1.92,--,0.104,1.99,--,--
江西省,长江流域,丰城小港口,02-25 09:00,2,12.8,7.30,10.89,287.8,13.9,1.77,0.101,0.028,1.43,--,--
江西省,长江流域,良田村,02-25 09:00,3,14.2,7.21,7.09,228.2,15.2,3.72,0.154,0.112,2.87,--,--
江西省,长江流域,三洪村,02-25 09:00,3,14.0,7.41,8.74,103.9,49.0,3.19,0.326,0.114,2.46,--,--
江西省,长江流域,肖江江口,02-25 09:00,3,14.4,7.18,8.37,396.2,23.0,4.58,0.277,0.069,3.09,--,--
江西省,长江流域,超坊,02-25 09:00,2,15.1,7.45,8.85,147.0,9.6,2.26,0.284,0.081,2.10,--,--
江西省,长江流域,钟岭水厂,02-25 09:00,2,15.8,7.37,8.97,145.3,13.8,2.42,0.007,0.042,1.67,--,--
江西省,长江流域,临水河口,02-25 09:00,2,15.1,7.27,8.36,123.9,12.9,2.54,0.138,0.053,1.70,--,--
江西省,长江流域,鄱阳石门街,02-25 08:00,1,17.4,8.29,9.28,131.6,15.8,--,--,--,--,--,--
江西省,长江流域,赵家湾,02-25 09:00,2,13.1,7.36,9.83,778.8,10.1,--,0.265,0.028,1.99,--,--
江西省,长江流域,康山,02-25 09:00,4,12.2,7.25,10.63,257.6,52.1,2.58,0.145,0.090,2.38,0.010,740000
江西省,长江流域,野鸡山村,02-25 09:00,2,14.3,6.93,9.99,1896.1,9.0,3.13,0.477,0.032,2.01,--,--
江西省,长江流域,瑞洪大桥,02-25 09:16,2,16.1,7.15,7.76,321.4,23.0,2.18,--,0.025,2.28,--,--
江西省,长江流域,弋阳,02-25 09:00,2,15.0,7.22,6.84,268.1,6.6,2.54,0.074,0.084,2.24,--,--
江西省,长江流域,鄱阳花园,02-25 09:00,2,12.3,7.32,8.85,295.9,6.1,2.92,0.109,0.021,2.18,--,--
江西省,长江流域,洎水河河口,02-25 09:00,3,15.8,6.96,6.90,278.8,8.3,3.79,0.905,--,3.44,--,--
江西省,长江流域,旗山,02-25 09:00,2,15.9,7.68,8.32,253.8,5.8,2.60,0.098,0.091,2.14,--,--
江西省,长江流域,应家坊,02-25 09:00,2,14.3,7.62,9.03,271.9,4.4,2.80,0.115,0.081,2.11,--,--
山东省,淮河流域,辛丰庄,02-25 09:00,3,11.3,8.16,13.55,1217.6,16.3,2.42,0.074,0.100,7.51,--,--
山东省,黄河流域,泺口,02-25 09:00,2,10.7,8.38,10.64,992.4,279.6,1.90,0.374,0.063,3.71,--,--
山东省,淮河流域,睦里庄,02-25 09:00,1,10.6,7.94,8.40,756.0,7.1,1.35,0.018,0.019,2.66,--,--
山东省,黄河流域,卧虎山水库,02-25 09:00,1,6.2,8.18,14.20,611.9,5.2,1.76,--,0.008,7.56,--,--
山东省,淮河流域,斜拉桥,02-25 09:00,3,6.9,8.34,13.79,1461.4,2.5,5.97,0.022,0.046,12.26,--,--
山东省,淮河流域,马连庄,02-25 09:00,2,7.2,8.04,11.39,1037.1,1.8,1.64,0.023,0.021,28.78,--,--
山东省,淮河流域,吉利河水库出口,02-25 09:00,2,7.7,7.98,10.72,388.3,0.9,2.88,0.004,0.013,1.75,--,--
山东省,淮河流域,墨水河入海口,02-25 09:00,3,9.3,7.47,9.73,1537.1,9.0,--,0.139,0.161,11.24,--,--
山东省,淮河流域,韩旺大桥,02-25 09:00,2,8.5,8.10,9.71,1013.0,8.5,2.32,0.182,0.022,27.00,--,--
山东省,淮河流域,台儿庄大桥,02-25 09:00,2,8.5,8.88,10.04,1321.0,5.5,3.44,0.156,0.043,7.58,--,--
山东省,淮河流域,群乐桥,02-25 09:00,2,14.5,7.82,6.29,1831.8,3.3,3.47,0.005,0.064,--,--,--
山东省,淮河流域,王晁桥,02-25 09:00,2,9.6,7.70,9.10,939.3,6.3,2.93,0.063,0.079,--,--,--
山东省,淮河流域,十字河大桥,02-25 09:00,2,9.5,8.61,12.18,1306.3,8.7,2.16,0.008,0.019,2.64,--,--
山东省,淮河流域,贾庄闸,02-25 09:00,2,9.8,8.05,9.69,1460.5,10.4,2.85,0.132,--,9.06,--,--
山东省,淮河流域,支脉河陈桥,02-25 09:00,2,8.2,8.64,15.58,6755.1,22.4,--,0.099,0.088,6.55,--,--
山东省,淮河流域,新夹河大桥,02-25 08:00,2,8.1,7.54,10.21,816.6,44.8,3.61,0.043,0.035,8.28,--,--
山东省,淮河流域,桥头,02-25 09:00,4,5.7,8.62,13.41,1427.2,14.9,6.61,0.129,0.100,22.30,--,--
山东省,淮河流域,东村河入海口,02-25 09:00,4,5.7,8.61,20.33,636.0,17.4,6.57,0.026,0.076,1.35,--,--
山东省,淮河流域,羊口,02-25 09:00,3,8.7,8.15,11.02,3912.4,56.0,5.56,0.207,0.098,8.67,--,--
山东省,淮河流域,柳疃桥,02-25 09:00,3,8.8,7.99,11.97,1674.8,24.5,4.56,0.201,0.110,9.47,--,--
山东省,淮河流域,张建桥,02-25 09:00,5,9.6,8.66,11.92,1859.3,26.6,10.77,0.091,0.102,21.82,--,--
山东省,淮河流域,兖州南大桥,02-25 09:00,4,9.3,8.22,12.62,1164.7,22.8,6.27,0.082,0.072,3.60,--,--
山东省,淮河流域,105公路桥,02-25 09:00,3,9.6,8.34,12.52,3096.3,10.6,4.90,0.021,0.086,4.07,--,--
山东省,淮河流域,高河桥（老万福河口）,02-25 09:00,3,9.3,8.40,11.05,1956.9,13.6,5.34,0.025,0.052,3.21,--,--
山东省,淮河流域,西石佛,02-25 09:00,3,10.6,8.15,12.67,1544.5,10.1,4.52,0.089,0.043,6.20,--,--
山东省,淮河流域,李集,02-25 09:00,3,10.8,8.21,10.30,1569.0,4.5,4.10,0.016,0.030,2.65,--,--
山东省,淮河流域,尹沟(入湖口),02-25 09:00,2,10.2,8.09,9.63,1186.0,10.6,--,0.066,0.051,3.95,--,--
山东省,淮河流域,西支河入湖口,02-25 09:00,3,9.6,8.39,10.80,1936.1,12.3,5.13,0.024,0.071,3.13,--,--
山东省,淮河流域,东石佛,02-25 09:00,3,9.2,8.25,10.05,1745.9,--,4.59,0.025,0.057,3.92,--,--
山东省,淮河流域,西姚,02-25 09:00,3,10.0,8.55,8.55,1881.0,4.4,5.09,0.071,0.081,3.60,--,--
山东省,淮河流域,鲁桥（马楼）,02-25 09:00,3,9.1,8.11,11.50,2185.2,22.4,5.02,0.059,0.043,5.55,--,--
山东省,淮河流域,牛庄闸,02-25 09:00,2,9.6,8.21,11.20,1642.8,3.1,3.58,--,0.003,4.07,--,--
山东省,淮河流域,湘子庙,02-25 09:00,4,8.5,8.21,10.68,2862.8,38.6,7.14,0.146,0.128,4.27,--,--
山东省,黄河流域,戴村坝（王台大桥）,02-25 09:00,2,9.5,8.11,10.82,1286.6,17.6,3.62,0.114,0.033,12.88,--,--
山东省,黄河流域,徐家汶,02-25 09:00,2,10.1,7.79,10.73,1136.0,3.1,2.54,0.115,0.056,40.84,--,--
山东省,淮河流域,南桥,02-25 09:00,6,7.4,8.49,10.63,2221.4,12.3,9.18,2.894,0.104,8.89,--,--
山东省,淮河流域,大古镇,02-25 09:00,4,10.5,6.97,9.35,732.5,35.2,7.53,0.196,0.186,6.53,--,--
山东省,淮河流域,夏庄（道口）,02-25 09:00,5,8.9,8.69,12.35,1538.5,15.7,11.92,0.064,0.234,7.87,--,--
山东省,黄河流域,贺小庄,02-25 09:00,2,7.9,8.15,12.04,1189.4,3.1,3.93,0.039,0.031,7.87,--,--
山东省,淮河流域,临沂北大桥,02-25 09:00,3,10.0,8.10,9.60,822.7,9.1,4.30,0.025,0.044,16.03,--,--
山东省,淮河流域,捷庄(涝沟桥),02-25 09:00,3,10.0,8.14,10.75,978.5,7.7,4.86,0.035,0.071,4.27,--,--
山东省,淮河流域,临沭大兴桥,02-25 09:00,3,9.2,7.47,11.92,718.0,2.4,4.34,0.121,--,5.21,--,--
山东省,淮河流域,310公路桥,02-25 09:00,3,10.4,7.90,13.39,938.7,3.6,4.31,0.030,0.057,20.00,--,--
山东省,淮河流域,沙沟桥(赵楼),02-25 09:00,2,9.5,7.43,8.67,987.3,49.7,3.08,0.141,0.087,17.99,--,--
山东省,淮河流域,云蒙湖湖心,02-25 09:00,2,5.4,8.11,13.40,516.0,0.7,2.61,0.007,0.019,5.67,0.013,256010
山东省,海河流域,第三店,02-25 09:00,2,9.0,8.19,12.02,1441.0,9.4,3.59,--,0.031,5.67,--,--
山东省,海河流域,董姑桥,02-25 09:00,3,9.3,8.00,6.56,3290.5,7.3,5.74,0.081,0.075,4.21,--,--
山东省,海河流域,油坊桥,02-25 09:00,4,9.3,8.70,13.05,1741.5,18.5,6.79,0.106,0.062,7.68,--,--
山东省,海河流域,秤勾湾(秤钩湾),02-25 09:00,3,22.9,8.53,8.37,--,3.5,5.77,0.130,0.086,8.22,--,--
山东省,海河流域,小泊头桥,02-25 09:00,3,6.7,8.12,7.50,1521.3,25.0,5.05,0.041,0.105,8.34,--,--
山东省,海河流域,胜利桥,02-25 09:00,3,3.7,8.33,12.06,3084.6,5.2,5.26,0.161,0.045,4.66,--,--
山东省,海河流域,富国,02-25 09:00,3,9.0,8.26,9.75,3290.0,7.0,5.01,0.030,0.031,3.42,--,--
山东省,海河流域,芦家河子水库,02-25 09:00,1,16.6,8.00,8.78,--,2.4,1.94,0.009,0.013,3.18,--,--
山东省,海河流域,三角洼水库,02-25 09:00,1,6.1,8.50,11.30,1141.2,10.2,1.88,0.018,0.008,2.03,--,--
山东省,淮河流域,西闸,02-25 09:00,3,9.0,8.33,11.59,2127.0,10.5,4.76,0.225,0.109,9.07,--,--
山东省,淮河流域,范李,02-25 09:00,3,9.5,8.24,11.34,2046.8,15.4,4.03,0.206,0.092,8.67,--,--
山东省,海河流域,大山,02-25 09:00,3,7.4,8.22,10.82,3710.8,1.9,5.81,0.166,0.060,--,--,--
山东省,海河流域,邵家,02-25 09:00,6,7.7,8.34,9.05,10329.6,25.9,12.74,1.912,0.502,5.22,--,--
山东省,淮河流域,于楼,02-25 09:00,3,9.8,8.12,8.22,2988.9,5.5,5.52,0.143,0.107,3.12,--,--
山东省,淮河流域,徐寨,02-25 09:00,3,9.8,8.47,9.15,2683.4,8.5,4.21,0.064,0.081,2.37,--,--
河南省,黄河流域,七里铺,02-25 09:00,3,10.7,8.28,10.60,755.2,14.3,4.05,0.071,0.093,5.56,--,--
河南省,淮河流域,新郑黄甫寨,02-25 09:00,2,10.2,8.25,10.41,1211.7,11.0,3.58,0.087,0.059,4.62,--,--
河南省,淮河流域,口子,02-25 08:00,1,24.9,7.19,8.23,--,--,--,--,--,--,--,--
河南省,淮河流域,通许邸阁,02-25 09:00,3,13.0,8.08,8.11,1148.6,26.6,4.33,0.056,0.088,1.20,--,--
河南省,黄河流域,高崖寨,02-25 09:00,3,11.3,8.15,9.41,627.4,3.1,4.64,0.136,0.045,4.73,--,--
河南省,黄河流域,龙门大桥,02-25 09:00,2,11.6,8.21,11.78,752.8,16.8,2.17,0.081,0.024,7.16,--,--
河南省,淮河流域,紫罗山,02-25 08:00,1,23.3,7.08,9.43,--,134.0,--,--,--,--,--,--
河南省,黄河流域,白马寺,02-25 09:00,3,12.9,8.06,12.12,709.4,17.2,4.62,0.028,0.084,6.04,--,--
河南省,黄河流域,潭头,02-25 09:00,1,9.9,8.30,10.67,573.1,1.9,0.68,--,0.007,2.86,--,--
河南省,淮河流域,大陈闸,02-25 08:00,2,9.6,7.97,10.74,964.1,3.5,2.49,0.069,0.024,13.65,--,--
河南省,淮河流域,白龟山水库,02-25 09:00,3,10.4,8.45,10.29,597.3,10.9,1.83,--,0.032,3.26,0.008,633000
河南省,淮河流域,杨寨中村,02-25 09:00,3,10.3,8.31,11.67,954.1,15.7,5.85,0.190,0.119,13.65,--,--
河南省,淮河流域,舞钢石庄桥,02-25 08:00,3,11.2,7.93,9.19,879.4,2.4,3.28,0.054,0.119,6.83,--,--
河南省,海河流域,彰武水库,02-25 09:00,1,9.3,8.14,9.89,649.9,3.5,0.74,0.020,0.006,5.34,--,--
河南省,海河流域,五陵,02-25 09:00,4,10.3,8.03,10.41,1828.8,23.8,6.10,0.349,0.140,10.07,--,--
河南省,海河流域,石辛庄,02-25 09:00,3,9.6,8.15,18.78,1302.0,3.7,5.84,0.044,0.151,14.69,--,--
河南省,海河流域,黄花营,02-25 09:00,1,8.6,8.23,10.91,467.5,5.4,0.96,0.006,0.010,5.43,--,--
河南省,海河流域,前枋城,02-25 09:00,1,11.9,8.11,9.72,744.2,4.5,1.05,--,0.008,9.64,--,--
河南省,海河流域,卫河小河口,02-25 09:00,3,10.2,7.92,10.51,1324.4,25.9,2.28,0.256,0.101,9.96,--,--
河南省,海河流域,修武水文站,02-25 09:00,6,12.2,7.66,5.73,2538.3,11.7,6.29,2.459,0.206,10.52,--,--
河南省,海河流域,获嘉东碑村,02-25 09:00,4,10.0,7.89,9.83,2497.0,9.8,6.55,0.912,0.160,5.75,--,--
河南省,黄河流域,封丘陶北,02-25 09:00,2,9.0,8.47,14.75,970.8,3.2,3.21,0.056,0.050,4.30,--,--
河南省,黄河流域,封丘王堤,02-25 09:00,2,9.0,8.13,10.37,1008.2,19.1,1.78,0.009,0.061,4.50,--,--
河南省,海河流域,新乡贾太湖,02-25 09:00,4,9.3,7.96,10.93,969.7,344.7,2.23,--,0.208,8.53,--,--
河南省,黄河流域,武陟渠首,02-25 09:00,2,10.1,8.23,11.01,907.8,8.9,1.49,0.202,0.033,4.87,--,--
河南省,黄河流域,孟州石井,02-25 08:00,3,11.3,8.10,6.85,1463.4,3.6,3.86,0.155,0.128,9.60,--,--
河南省,黄河流域,孟州还封村,02-25 08:00,3,13.5,7.78,7.97,1481.0,8.4,3.60,0.458,0.167,12.28,--,--
河南省,黄河流域,贾垓桥（张秋）,02-25 09:00,6,14.7,7.61,1.11,1888.6,26.0,6.03,0.061,0.050,1.57,--,--
河南省,海河流域,南乐元村集,02-25 09:00,3,8.4,7.84,12.28,1534.1,13.4,4.06,0.230,0.078,8.79,--,--
河南省,海河流域,南乐水文站,02-25 09:00,3,9.0,8.28,9.24,975.0,20.9,2.18,0.195,0.128,2.93,--,--
河南省,海河流域,濮阳西水坡,02-25 09:00,1,9.4,8.35,10.53,810.9,6.7,1.96,--,0.010,2.83,--,--
河南省,黄河流域,濮阳大韩桥,02-25 08:00,-1,--,--,--,--,--,--,--,--,--,--,--
河南省,淮河流域,白沙水库,02-25 09:00,2,7.2,8.54,11.02,951.8,6.0,2.30,0.071,0.022,6.15,--,--
河南省,淮河流域,临颍吴刘闸,02-25 09:00,3,11.0,8.05,10.52,1091.2,39.2,4.17,0.048,0.093,13.03,--,--
河南省,淮河流域,召陵武湾（西华程湾）,02-25 09:00,2,9.7,7.93,10.34,750.6,4.5,2.45,0.022,0.028,6.12,--,--
河南省,淮河流域,郾城漯邓桥,02-25 09:00,3,14.7,7.66,7.78,1420.3,3.8,3.87,0.248,0.117,--,--,--
河南省,淮河流域,叶舞公路桥,02-25 09:00,2,11.8,8.15,11.78,489.4,4.4,2.32,0.003,0.015,3.53,--,--
河南省,淮河流域,临颍高村桥,02-25 09:00,2,12.6,7.84,8.96,1098.8,5.8,3.68,0.278,0.086,10.22,--,--
河南省,淮河流域,舞阳马湾,02-25 09:00,2,9.0,8.11,10.01,1095.0,9.0,2.41,0.086,0.035,--,--,--
河南省,黄河流域,洛河大桥,02-25 09:00,1,9.9,8.28,8.71,481.5,12.4,0.41,0.003,0.016,1.74,--,--
河南省,黄河流域,三门峡水库,02-25 08:00,1,8.0,8.52,10.99,1224.9,20.3,1.01,0.003,0.008,4.71,0.011,1269063
河南省,长江流域,淅川荆紫关(荆紫关),02-25 09:00,1,9.7,8.36,11.56,511.5,0.9,1.34,0.007,0.007,2.87,--,--
河南省,长江流域,淅川史家湾(史家湾),02-25 09:00,1,12.4,7.92,9.64,536.6,10.5,1.00,--,0.010,2.61,0.002,--
河南省,长江流域,淅川高湾,02-25 09:00,1,12.7,7.84,11.30,462.3,60.7,1.00,0.079,0.010,2.44,0.003,--
河南省,长江流域,淅川张营(张营),02-25 09:00,2,11.2,8.16,10.92,385.1,2.8,2.28,--,0.018,2.02,0.002,--
河南省,长江流域,五龙泉,02-25 09:00,3,10.8,8.15,10.54,284.8,3.4,1.88,0.059,0.026,1.32,0.001,707826
河南省,长江流域,宋岗,02-25 09:00,2,11.2,8.25,10.40,294.7,7.3,1.98,--,0.013,1.11,0.005,720514
河南省,长江流域,陶岔,02-25 09:00,2,11.6,8.40,10.67,292.8,7.7,1.91,0.034,0.017,1.19,0.005,651874
河南省,长江流域,三道河,02-25 09:00,1,10.4,7.77,10.95,400.2,11.4,1.33,0.041,0.003,2.81,--,--
河南省,长江流域,上河,02-25 08:00,1,9.2,8.03,11.82,249.4,15.5,1.54,0.007,0.009,0.83,--,--
河南省,长江流域,方城夏河,02-25 09:00,2,11.3,7.53,7.20,430.1,3.0,2.61,0.041,0.040,2.98,--,--
河南省,长江流域,内乡怀乡桥,02-25 08:00,1,11.6,8.20,12.03,549.1,1.7,1.21,0.005,0.011,5.75,--,--
河南省,淮河流域,新野溧河桥,02-25 08:00,4,11.0,8.60,11.55,477.1,62.8,7.84,0.005,0.087,5.41,--,--
河南省,淮河流域,吕楼桥（颜集）,02-25 09:00,2,10.2,7.50,8.38,1661.0,62.7,3.44,0.124,0.046,1.25,--,--
河南省,淮河流域,黄口,02-25 09:00,2,10.2,8.26,11.73,1556.9,19.9,--,0.168,--,--,--,--
河南省,淮河流域,睢县板桥,02-25 09:00,5,9.6,8.27,10.31,4091.3,27.1,11.30,0.060,0.119,4.86,--,--
河南省,淮河流域,永城张板桥,02-25 09:00,4,12.4,8.67,12.93,2064.0,13.6,9.12,0.014,0.121,2.01,--,--
河南省,淮河流域,长台关甘岸桥,02-25 09:00,2,9.3,7.74,9.82,362.0,2.5,2.95,0.018,0.016,1.71,--,--
河南省,淮河流域,息县大埠口,02-25 08:00,2,10.4,7.62,9.20,352.9,8.8,2.71,0.020,0.031,2.11,--,--
河南省,淮河流域,信阳琵琶山桥,02-25 09:00,4,11.8,7.92,7.26,364.3,24.9,6.24,0.015,0.114,3.17,--,--
河南省,淮河流域,潢川水文站,02-25 09:00,2,10.1,7.07,6.58,390.6,4.3,3.93,0.006,0.058,3.65,--,--
河南省,淮河流域,淮滨北庙,02-25 08:00,2,10.4,7.71,10.02,264.4,8.8,2.53,0.045,0.033,1.89,--,--
河南省,淮河流域,饮用水源地取水口,02-25 09:00,2,8.9,7.30,10.81,172.1,2.5,2.67,0.056,0.012,0.90,0.009,144000
河南省,淮河流域,竹竿铺,02-25 09:00,2,10.3,7.70,9.04,275.1,5.0,2.29,0.010,0.029,1.45,--,--
河南省,淮河流域,固始马罡,02-25 09:00,2,10.8,7.81,9.34,322.2,2.9,2.06,0.036,0.017,2.78,--,--
河南省,淮河流域,老沈丘泉河桥（许庄）,02-25 09:00,2,11.4,8.15,10.59,1014.4,22.0,--,0.045,0.072,5.17,--,--
河南省,淮河流域,西华大王庄,02-25 09:00,4,11.3,8.44,11.31,877.7,43.0,7.31,0.084,0.091,6.94,--,--
河南省,淮河流域,周口康店,02-25 09:00,3,11.9,8.13,10.26,1077.6,17.6,4.53,0.331,0.061,7.46,--,--
河南省,淮河流域,商水双桥,02-25 09:00,2,10.9,8.25,11.07,884.5,2.0,--,0.071,0.031,6.44,--,--
河南省,淮河流域,鄢陵陶城闸,02-25 09:00,2,10.6,7.94,9.55,1024.5,2.5,2.98,0.322,0.084,8.32,--,--
河南省,淮河流域,鹿邑付桥(鹿邑付桥闸),02-25 09:00,3,9.6,8.14,9.69,1772.5,8.4,4.47,0.041,0.034,4.21,--,--
河南省,淮河流域,西华址坊,02-25 09:00,3,9.3,8.10,10.25,1088.9,11.9,4.95,0.046,0.080,9.33,--,--
河南省,淮河流域,冯塘邱屯,02-25 08:00,3,11.0,8.01,8.69,1490.2,11.6,3.62,0.046,0.129,11.49,--,--
河南省,淮河流域,鹿邑宋河桥,02-25 09:00,2,12.2,8.11,11.40,1733.0,28.1,2.49,0.018,0.057,1.64,--,--
河南省,淮河流域,新蔡班台(班台),02-25 09:00,3,13.5,8.45,10.11,645.5,16.0,5.27,0.189,0.135,3.36,--,--
河南省,淮河流域,汝南沙口,02-25 08:00,3,10.0,8.23,11.01,641.1,20.0,4.19,0.149,0.093,2.43,--,--
河南省,淮河流域,西平杨庄,02-25 08:00,2,12.1,7.91,9.13,779.0,3.5,2.46,0.080,0.067,6.45,--,--
河南省,淮河流域,板桥水库,02-25 09:00,3,8.5,8.05,10.78,268.7,4.4,4.11,0.018,0.012,1.38,--,--
河南省,淮河流域,西平王孟寺,02-25 08:00,3,12.7,7.48,7.13,933.5,2.0,4.80,0.173,0.132,5.33,--,--
河南省,淮河流域,新蔡李桥,02-25 09:00,3,11.8,8.17,9.67,801.6,9.0,3.48,0.002,0.116,4.50,--,--
河南省,黄河流域,小浪底水库(小浪底),02-25 09:00,2,5.8,8.23,10.70,929.1,0.3,1.53,0.084,0.021,4.56,--,--
河南省,黄河流域,南山,02-25 08:00,3,5.3,8.30,11.16,1109.3,12.8,2.10,0.077,0.045,4.02,0.001,639205
湖北省,长江流域,朱家河口,02-25 09:00,3,12.8,7.58,7.93,688.2,44.8,3.95,0.269,0.144,4.77,--,--
湖北省,长江流域,沐家泾,02-25 09:00,3,11.4,7.87,11.59,262.3,77.6,5.65,0.026,0.122,2.62,--,--
湖北省,长江流域,牛山湖湖心,02-25 09:00,2,9.3,7.76,10.59,163.8,18.9,2.05,0.100,0.014,0.60,0.002,649838
湖北省,长江流域,西梁子湖湖北,02-25 09:00,2,10.2,7.91,11.12,179.6,14.2,2.43,--,0.008,0.74,0.003,909210
湖北省,长江流域,宗关,02-25 09:00,2,13.5,8.44,10.62,299.7,8.7,3.13,0.032,0.052,1.56,0.013,--
湖北省,长江流域,杨泗港,02-25 09:00,2,13.6,7.98,9.59,389.2,12.3,1.23,--,0.031,1.90,--,--
湖北省,长江流域,冯集,02-25 09:00,4,11.2,7.92,9.42,269.4,20.1,7.12,0.315,0.120,2.49,--,--
湖北省,长江流域,龙口,02-25 09:00,2,12.7,7.88,9.77,276.2,16.7,--,--,0.031,1.80,--,--
湖北省,长江流域,金水闸,02-25 09:00,2,15.2,7.98,8.20,338.5,75.0,3.53,0.302,0.056,1.42,--,--
湖北省,长江流域,郭玉,02-25 09:00,3,12.3,7.58,10.61,230.0,59.8,4.74,--,0.106,2.64,--,--
湖北省,长江流域,滠口,02-25 09:00,2,11.8,7.71,8.59,288.8,28.1,3.49,0.063,0.047,1.21,--,--
湖北省,长江流域,黄陵大桥,02-25 09:00,3,13.3,7.71,7.97,530.1,44.7,--,0.219,0.188,3.46,--,--
湖北省,长江流域,太平沙,02-25 09:00,3,11.5,7.91,8.64,687.7,28.8,4.99,0.188,0.107,3.68,--,--
湖北省,长江流域,白浒山,02-25 09:00,2,13.4,8.09,10.12,433.6,12.8,1.52,0.007,0.051,2.06,--,--
湖北省,长江流域,挖沟泵站,02-25 09:00,1,12.1,7.59,10.72,627.1,22.7,--,--,--,--,--,--
湖北省,长江流域,富池闸,02-25 09:00,2,13.1,7.70,8.42,343.0,16.8,1.84,0.097,0.053,1.93,--,--
湖北省,长江流域,大冶湖闸,02-25 09:00,2,12.4,7.84,8.92,606.0,9.2,2.44,0.042,0.037,1.02,--,--
湖北省,长江流域,夹河口,02-25 09:00,1,10.5,8.26,10.48,370.7,1.3,0.77,--,0.002,1.65,--,--
湖北省,长江流域,天河口,02-25 09:00,2,13.0,8.27,10.66,431.8,8.6,1.54,0.259,0.038,1.90,--,--
湖北省,长江流域,焦家院,02-25 09:00,2,12.0,7.92,9.59,251.2,13.8,2.57,0.061,0.058,1.19,--,--
湖北省,长江流域,孙家湾,02-25 08:00,2,14.2,7.66,10.90,435.5,2.8,2.65,0.012,0.021,2.72,--,--
湖北省,长江流域,浪河口,02-25 09:00,1,11.7,7.77,12.46,192.8,13.6,1.76,0.038,0.001,2.04,--,--
湖北省,长江流域,丹江口水库坝上中,02-25 09:00,2,10.6,7.94,8.11,269.5,12.9,2.05,0.064,0.023,1.27,0.003,3027000
湖北省,长江流域,陈家坡,02-25 09:00,1,11.1,8.32,12.99,330.8,11.8,1.34,0.019,0.020,1.29,--,--
湖北省,长江流域,潘口水库坝上,02-25 09:00,1,11.8,8.52,13.19,240.4,14.6,1.52,0.032,0.015,0.88,--,--
湖北省,长江流域,剑河口,02-25 09:00,2,11.8,8.52,11.75,240.3,2.2,2.14,0.014,0.026,--,--,--
湖北省,长江流域,东湾桥,02-25 09:00,2,10.6,7.60,6.84,544.3,6.7,3.40,0.057,0.067,3.66,--,--
湖北省,长江流域,玉皇滩,02-25 09:00,1,11.3,8.42,11.74,420.7,5.6,1.54,0.004,0.017,2.29,--,--
湖北省,长江流域,神定河口,02-25 09:00,3,13.3,7.78,9.89,602.8,6.3,4.50,0.414,0.114,11.63,--,--
湖北省,长江流域,泗河口,02-25 09:00,3,12.4,7.62,8.53,745.6,3.1,4.37,0.051,0.085,6.36,--,--
湖北省,长江流域,王河电站,02-25 09:00,2,12.3,8.04,10.02,444.7,13.7,1.28,0.057,0.027,1.68,--,--
湖北省,长江流域,隔河岩水库坝上,02-25 09:00,2,12.1,8.03,10.37,266.4,1.8,0.65,0.008,0.018,2.68,0.043,2103979
湖北省,长江流域,长沙坝,02-25 09:00,2,11.5,8.46,12.94,443.9,1.2,1.66,0.010,0.048,1.76,--,--
湖北省,长江流域,清江大桥,02-25 09:00,2,13.7,7.89,10.02,290.1,1.6,1.36,--,0.022,2.57,--,--
湖北省,长江流域,马渡河,02-25 09:00,2,10.5,7.63,9.62,398.6,4.0,0.69,0.033,0.022,2.22,--,--
湖北省,长江流域,铁路大桥（小桂林）,02-25 09:00,2,13.1,8.32,10.05,442.5,9.6,1.64,0.028,0.033,2.00,--,--
湖北省,长江流域,两河口（草埠湖水厂）,02-25 09:00,2,12.6,7.76,11.51,507.1,7.5,2.24,0.074,0.051,2.84,--,--
湖北省,长江流域,桅杆坪,02-25 09:00,1,13.5,7.85,8.51,310.9,3.9,--,--,--,--,--,--
湖北省,长江流域,白石港,02-25 09:00,1,10.6,7.85,10.29,328.6,1.8,1.78,0.010,0.006,1.28,--,--
湖北省,长江流域,云池（白洋）,02-25 09:00,2,14.5,8.07,10.97,400.0,5.1,1.13,--,0.028,1.96,--,--
湖北省,长江流域,翟湾,02-25 09:00,4,11.6,8.28,10.20,559.2,22.7,6.02,0.097,0.093,5.40,--,--
湖北省,长江流域,埠口,02-25 08:00,3,12.0,7.67,9.86,532.2,39.4,--,0.115,0.128,3.49,--,--
湖北省,长江流域,张湾,02-25 09:00,3,10.1,7.99,10.24,609.6,34.4,4.60,0.176,--,5.08,--,--
湖北省,长江流域,余家湖,02-25 09:00,2,13.9,7.81,9.76,291.9,3.2,1.98,0.099,0.038,1.69,--,--
湖北省,长江流域,聂家滩,02-25 09:00,2,12.4,8.38,10.20,338.4,25.8,1.27,0.013,0.035,0.93,--,--
湖北省,长江流域,汤店,02-25 08:00,4,13.0,8.16,10.34,709.8,14.2,6.55,0.314,0.077,2.92,--,--
湖北省,长江流域,沈湾,02-25 09:00,2,10.9,7.74,10.77,315.3,13.4,2.14,0.018,0.043,1.45,--,--
湖北省,长江流域,朱市,02-25 09:00,3,13.4,8.56,11.32,920.5,8.4,3.33,0.125,0.114,2.35,--,--
湖北省,长江流域,茶庵,02-25 09:00,2,13.1,8.26,8.86,366.0,15.9,1.25,0.054,0.025,1.39,--,--
湖北省,长江流域,马兰河口,02-25 09:00,2,11.8,8.15,9.37,407.9,5.3,1.62,0.051,0.037,2.02,--,--
湖北省,长江流域,燕矶,02-25 09:00,2,13.0,7.96,10.24,390.1,17.3,1.31,0.044,0.046,1.94,--,--
湖北省,长江流域,东梁子湖湖心,02-25 09:00,2,10.6,7.64,10.52,200.7,16.4,2.87,0.162,0.021,0.97,--,--
湖北省,长江流域,梁子岛水源(七星),02-25 09:00,2,11.9,7.67,10.56,192.9,19.2,2.85,0.102,0.021,1.33,0.025,186339000
湖北省,长江流域,漳河水库库心,02-25 09:00,1,10.4,8.05,10.95,305.5,1.2,1.60,0.025,0.002,0.91,0.001,--
湖北省,长江流域,转斗,02-25 09:00,2,11.2,8.42,11.84,378.9,9.6,3.24,0.034,0.036,1.73,--,--
湖北省,长江流域,罗汉闸,02-25 09:00,2,11.4,8.35,12.02,279.5,77.1,1.94,0.016,0.036,1.58,--,--
湖北省,长江流域,京山河邓李港,02-25 09:00,3,13.2,8.24,9.37,606.2,2.5,4.40,0.131,0.140,4.36,--,--
湖北省,长江流域,马良龚家湾,02-25 09:00,4,14.4,8.06,11.11,2393.2,36.8,6.19,0.054,0.248,3.46,--,--
湖北省,长江流域,应城公路桥,02-25 09:00,2,11.8,8.33,10.90,543.6,9.9,2.60,--,0.019,0.47,--,--
湖北省,长江流域,田店泵站,02-25 09:00,2,11.7,8.24,9.93,501.6,11.6,2.18,0.025,0.035,0.38,--,--
湖北省,长江流域,垌冢桥,02-25 09:00,2,11.6,7.86,10.76,428.2,6.4,2.36,0.059,0.050,1.83,--,--
湖北省,长江流域,新沟闸,02-25 09:00,3,12.0,7.95,9.04,727.7,25.2,4.56,0.236,0.110,2.45,--,--
湖北省,长江流域,小河,02-25 09:00,2,12.8,8.38,10.88,325.0,27.3,3.24,0.041,0.042,1.60,--,--
湖北省,长江流域,孝昌王店,02-25 09:00,3,11.8,8.52,11.11,427.2,12.3,--,0.106,0.104,2.79,--,--
湖北省,长江流域,孝感河口大桥,02-25 08:00,-1,--,--,--,--,--,--,--,--,--,--,--
湖北省,长江流域,大悟河口,02-25 09:00,2,11.3,7.60,9.92,271.9,8.6,3.78,0.084,0.035,0.93,--,--
湖北省,长江流域,安陆桑树,02-25 09:00,1,12.9,8.12,11.58,461.6,3.8,1.59,0.012,0.009,0.30,--,--
湖北省,长江流域,隔蒲桥（隔卜桥）,02-25 09:00,3,12.7,7.83,9.20,534.0,19.9,5.07,0.292,0.085,4.23,--,--
湖北省,长江流域,汉川新堰,02-25 09:00,3,14.1,8.08,10.60,461.0,28.0,4.46,0.014,0.076,2.38,--,--
湖北省,长江流域,杨柴湖,02-25 09:00,4,12.4,7.71,7.13,453.6,96.2,7.73,0.128,0.079,1.36,0.008,4254903
湖北省,长江流域,排水闸,02-25 09:00,4,12.7,8.05,8.09,443.1,109.8,4.50,0.024,0.069,1.61,0.001,18939670
湖北省,长江流域,观音寺,02-25 09:00,2,14.2,8.10,9.70,422.4,5.6,0.84,0.008,0.039,1.80,--,--
湖北省,长江流域,新刘家台,02-25 09:00,2,11.6,8.07,9.63,361.1,7.7,3.52,0.078,0.045,2.19,--,--
湖北省,长江流域,荆州河口,02-25 09:00,2,14.1,7.90,10.66,552.2,215.6,2.33,--,0.024,2.02,--,--
湖北省,长江流域,康家岗,02-25 09:00,2,13.3,8.06,11.22,436.0,12.5,2.29,0.002,0.019,1.27,--,--
湖北省,长江流域,新河村,02-25 09:00,3,12.6,7.68,7.75,449.8,19.4,4.30,0.360,0.101,2.56,--,--
湖北省,长江流域,新滩,02-25 09:00,3,12.8,7.94,8.92,477.3,43.2,3.80,0.279,0.125,3.06,--,--
湖北省,长江流域,淤泥湖,02-25 09:00,2,13.7,8.40,11.22,473.5,7.5,--,--,0.051,1.80,--,--
湖北省,长江流域,杨家垱,02-25 09:00,2,11.8,8.32,10.26,453.3,9.0,0.74,0.011,0.058,1.76,--,--
湖北省,长江流域,调关,02-25 09:00,2,14.7,8.23,9.90,381.6,6.0,1.29,0.085,0.043,2.26,--,--
湖北省,长江流域,砖瓦厂,02-25 09:00,2,14.5,8.23,10.21,430.9,16.6,1.12,0.0005,0.068,2.24,--,--
湖北省,长江流域,三兴公,02-25 08:00,3,14.0,7.92,12.45,703.5,9.3,4.29,0.044,0.047,1.13,--,--
湖北省,长江流域,东关桥,02-25 09:00,2,14.1,8.10,8.72,491.2,28.4,2.61,0.094,0.062,3.55,--,--
湖北省,长江流域,姚集,02-25 09:00,2,14.2,8.02,9.56,467.8,15.0,1.51,0.039,0.056,2.23,--,--
湖北省,长江流域,乌溪沟,02-25 09:00,2,14.1,8.60,11.48,361.9,5.4,1.11,0.034,0.073,2.29,--,--
湖北省,长江流域,白莲河水库坝上,02-25 09:00,2,11.0,7.57,9.44,131.6,6.6,--,0.010,0.023,0.56,0.005,46325270
湖北省,长江流域,巴河镇河口,02-25 09:00,2,11.1,7.33,12.12,309.4,50.8,3.97,0.478,0.048,2.47,--,--
湖北省,长江流域,兰溪大桥,02-25 09:00,3,12.1,7.96,11.52,247.8,22.5,5.72,0.517,0.104,3.49,--,--
湖北省,长江流域,中官铺,02-25 09:00,2,13.1,7.98,9.80,392.5,14.5,1.14,0.047,0.053,2.09,--,--
湖北省,长江流域,蕲春县八里湖,02-25 08:00,3,13.1,7.56,10.15,222.1,22.2,4.37,0.151,0.094,2.31,--,--
湖北省,长江流域,咸宁湖心,02-25 09:00,6,12.0,9.79,12.69,227.4,7.4,9.04,0.043,0.010,0.77,0.003,337562
湖北省,长江流域,富水水库,02-25 09:00,1,11.6,7.82,9.91,337.9,3.3,1.74,--,0.004,0.88,0.016,8907000
湖北省,长江流域,窑嘴大桥,02-25 09:00,4,12.4,7.05,4.24,352.2,15.9,2.36,0.287,0.140,3.96,--,--
湖北省,长江流域,陆溪口,02-25 09:00,3,11.2,7.64,8.04,384.7,14.2,2.78,0.760,0.088,2.25,--,--
湖北省,长江流域,洪下水文站,02-25 09:00,3,14.0,7.93,8.71,321.6,9.2,1.52,0.933,0.070,2.78,--,--
湖北省,长江流域,厉山,02-25 09:00,3,12.0,7.48,8.18,445.2,3.5,4.88,0.044,0.127,4.77,--,--
湖北省,长江流域,平林,02-25 09:00,4,11.2,7.55,7.18,458.5,6.2,6.78,0.239,0.078,2.25,--,--
湖北省,长江流域,涢水大桥,02-25 09:00,3,12.8,8.86,14.86,412.2,10.8,5.04,0.081,0.106,1.73,--,--
湖北省,长江流域,江口村,02-25 09:00,1,14.0,8.24,10.31,232.7,15.9,1.15,0.032,0.008,0.83,--,--
湖北省,长江流域,恩施大沙坝,02-25 09:00,3,13.6,7.33,5.60,424.7,2.4,1.63,0.385,0.176,4.15,--,--
湖北省,长江流域,雪照河（七要口）,02-25 09:00,2,12.1,8.04,10.12,461.8,1.8,1.16,0.014,0.095,4.01,--,--
湖北省,长江流域,周家坝,02-25 09:00,1,11.3,7.65,9.57,249.2,2.6,0.78,0.004,0.015,2.17,--,--
湖北省,长江流域,百福司镇,02-25 09:00,1,10.9,7.40,10.34,258.9,11.2,0.08,0.022,0.020,1.28,--,--
湖北省,长江流域,长顺乡,02-25 09:00,1,11.4,7.62,10.35,251.1,1.5,0.84,0.016,0.014,1.58,--,--
湖北省,长江流域,黄腊石,02-25 09:00,2,14.2,7.65,9.45,430.3,1.8,1.53,0.001,0.039,1.67,--,--
湖北省,长江流域,积玉口荷花村,02-25 09:00,3,11.6,7.67,8.57,383.6,21.8,4.03,0.169,0.113,2.12,--,--
湖北省,长江流域,潜江大桥,02-25 09:00,2,11.1,8.56,11.09,324.6,12.9,1.99,0.035,0.030,1.49,--,--
湖北省,长江流域,运粮湖同心队,02-25 09:00,3,13.8,8.07,8.62,492.2,33.0,4.00,0.420,0.110,2.47,--,--
湖北省,长江流域,岳口,02-25 09:00,2,11.8,8.47,10.91,314.4,7.5,2.73,0.028,0.042,1.62,--,--
湖北省,长江流域,拖市,02-25 09:00,2,13.1,7.56,11.53,752.9,10.5,3.45,--,0.030,2.20,--,--
湖北省,长江流域,阳日湾,02-25 08:00,-1,--,--,--,--,--,--,--,--,--,--,--
湖南省,长江流域,昭山,02-25 09:00,2,13.4,6.61,9.37,--,1.6,1.30,0.102,0.053,1.84,--,--
湖南省,长江流域,捞刀河口,02-25 09:00,3,13.0,7.51,8.50,247.7,24.2,3.81,0.290,0.116,2.70,--,--
湖南省,长江流域,三角洲,02-25 09:00,4,13.9,6.93,4.30,321.8,14.6,3.24,1.259,0.206,5.81,--,--
湖南省,长江流域,桔子洲,02-25 09:00,2,11.7,7.61,8.61,257.1,10.0,1.26,0.159,0.065,2.16,--,--
湖南省,长江流域,湘东沿塘,02-25 08:00,2,16.7,7.27,8.19,110.0,9.0,2.21,0.071,0.070,2.33,--,--
湖南省,长江流域,马家河（霞湾）,02-25 09:00,2,12.9,7.77,10.02,314.9,0.8,1.65,0.170,0.063,2.26,--,--
湖南省,长江流域,渌水入河口,02-25 09:00,3,13.1,7.59,7.71,366.8,2.2,2.35,0.007,0.113,3.53,--,--
湖南省,长江流域,涟水入河口,02-25 09:00,2,14.1,8.39,11.15,415.4,13.5,2.77,0.087,0.070,2.49,--,--
湖南省,长江流域,西阳渡口,02-25 09:00,2,14.6,7.62,7.30,529.7,110.8,2.54,0.295,0.049,3.15,--,--
湖南省,长江流域,归阳镇,02-25 09:00,2,13.6,8.02,10.74,206.3,1.4,1.10,--,0.022,1.15,--,--
湖南省,长江流域,舂陵水入湘江口,02-25 09:00,2,13.5,8.43,12.28,330.3,5.2,1.37,0.015,0.059,1.45,--,--
湖南省,长江流域,耒水入湘江口,02-25 09:00,2,13.3,7.67,8.97,283.6,1.9,1.55,0.093,0.078,2.16,--,--
湖南省,长江流域,熬洲,02-25 09:00,2,13.0,8.06,10.32,255.4,3.3,1.19,0.096,0.036,--,--,--
湖南省,长江流域,大河滩,02-25 09:00,2,14.4,7.16,7.51,214.2,2.2,0.89,0.152,0.055,1.72,--,--
湖南省,长江流域,草市镇,02-25 09:00,2,13.2,7.31,9.44,188.6,4.4,1.77,0.141,0.046,1.86,--,--
湖南省,长江流域,洣水入湘江口,02-25 09:00,2,12.1,7.21,10.27,194.1,3.7,--,0.149,0.044,1.83,--,--
湖南省,长江流域,城北水厂,02-25 09:00,1,12.6,7.92,10.94,246.6,6.6,0.69,0.072,--,1.36,--,--
湖南省,长江流域,蒸水入湘江口,02-25 09:00,4,14.2,7.41,4.23,505.1,7.8,4.44,0.541,0.223,4.40,--,--
湖南省,长江流域,塘渡口,02-25 09:00,2,14.2,7.97,9.11,181.5,2.6,1.21,0.087,0.038,1.66,--,--
湖南省,长江流域,窑市,02-25 09:00,2,14.5,6.94,9.29,60.0,18.9,2.26,0.005,0.071,1.20,--,--
湖南省,长江流域,渡头村,02-25 09:00,2,14.0,7.83,10.04,230.2,6.9,1.73,--,0.063,2.07,--,--
湖南省,长江流域,邵水入河口,02-25 09:00,3,15.0,7.48,7.66,613.0,6.3,3.42,0.730,0.110,5.27,--,--
湖南省,长江流域,绥宁河口镇,02-25 08:00,1,12.9,7.12,9.80,80.9,6.2,1.42,0.061,--,--,--,--
湖南省,长江流域,岳阳楼,02-25 09:00,4,12.3,8.05,9.99,299.6,46.8,1.08,0.001,0.072,1.86,0.001,322682
湖南省,长江流域,城陵矶,02-25 09:00,2,12.5,8.03,10.29,315.4,36.6,1.07,0.011,0.068,1.75,--,--
湖南省,长江流域,荆江口,02-25 09:00,2,12.7,8.21,10.28,394.5,19.0,0.81,--,0.034,1.86,--,--
湖南省,长江流域,六门闸,02-25 09:00,2,12.9,8.06,9.92,605.6,5.5,2.60,0.060,0.042,1.46,--,--
湖南省,长江流域,南渡,02-25 09:00,3,12.2,7.29,8.96,196.6,28.4,4.09,0.266,0.134,2.45,--,--
湖南省,长江流域,八仙桥,02-25 09:00,3,13.1,6.98,6.94,223.7,86.3,5.91,0.522,0.174,2.64,--,--
湖南省,长江流域,坡头,02-25 09:00,2,20.2,8.15,7.44,--,2.5,--,--,--,--,0.001,--
湖南省,长江流域,蒋家嘴,02-25 09:00,2,10.9,7.89,9.61,227.8,15.6,1.96,0.048,0.022,1.30,0.002,59878000
湖南省,长江流域,澧水三江口,02-25 08:49,1,14.2,8.25,9.46,230.3,6.3,1.00,0.001,0.016,1.14,--,--
湖南省,长江流域,窑坡渡,02-25 09:00,2,13.2,8.21,9.77,283.9,11.8,1.84,--,0.040,1.25,--,--
湖南省,长江流域,马坡湖,02-25 09:00,2,14.4,8.35,9.97,419.3,14.7,1.21,--,0.070,1.72,--,--
湖南省,长江流域,陈家河(四水厂),02-25 09:00,2,11.8,8.00,11.15,188.1,5.9,0.97,0.049,0.045,1.25,--,--
湖南省,长江流域,永定澄潭(区水厂),02-25 09:00,2,13.8,7.87,9.48,223.6,8.9,2.35,0.042,0.042,1.53,--,--
湖南省,长江流域,藕池河中支入境,02-25 08:00,2,13.1,8.02,9.73,617.4,13.0,2.53,0.008,0.022,0.26,--,--
湖南省,长江流域,万家嘴,02-25 09:00,2,13.3,7.74,9.73,221.4,23.0,2.21,0.115,0.077,2.82,0.002,134241
湖南省,长江流域,南嘴,02-25 09:00,3,13.2,8.10,9.57,269.7,59.7,1.09,--,0.045,1.35,0.015,556001
湖南省,长江流域,小河嘴,02-25 09:00,4,13.1,7.57,9.87,219.3,49.5,0.99,--,0.050,1.55,0.009,55541200
湖南省,长江流域,坪口,02-25 09:00,2,12.8,7.79,10.25,291.4,27.1,1.77,0.011,0.050,2.80,--,--
湖南省,长江流域,桃谷山,02-25 09:00,2,12.9,7.65,10.23,205.6,26.1,1.66,0.046,0.068,2.15,--,--
湖南省,长江流域,头山,02-25 09:00,2,13.8,7.39,7.88,129.5,1.6,0.85,--,0.010,0.69,0.003,4916000
湖南省,长江流域,渡口大桥,02-25 09:00,2,13.6,7.57,9.04,167.8,4.9,1.89,0.059,0.057,1.50,--,--
湖南省,长江流域,绿埠头,02-25 09:00,1,13.4,8.08,10.41,217.5,0.7,1.37,0.009,0.013,1.27,--,--
湖南省,长江流域,诸葛庙,02-25 09:00,2,13.5,7.64,10.53,153.8,2.8,0.67,0.002,0.037,0.62,--,--
湖南省,长江流域,五强溪,02-25 09:00,2,12.2,7.95,9.77,204.4,1.8,0.98,0.024,0.031,1.35,--,--
湖南省,长江流域,铜信溪电站(铜信溪),02-25 09:00,1,13.9,7.66,10.26,312.8,2.5,0.65,0.042,0.012,2.18,--,--
湖南省,长江流域,地阳坪公路大桥,02-25 09:00,2,13.8,7.04,9.06,90.9,29.5,2.37,0.106,0.058,1.40,--,--
湖南省,长江流域,托口渠水,02-25 09:00,2,14.0,7.76,9.87,184.4,29.9,0.69,0.005,0.023,1.09,--,--
湖南省,长江流域,舞水入河口(黔城二水厂),02-25 09:00,2,13.2,8.05,9.40,405.9,4.9,1.08,0.262,0.058,2.41,--,--
湖南省,长江流域,溪子口(县水厂),02-25 02:00,1,12.1,7.85,9.32,325.4,1.1,0.42,0.017,0.019,1.72,--,--
湖南省,长江流域,球溪,02-25 09:00,2,11.9,7.80,9.96,265.6,7.5,1.43,0.014,0.036,2.18,--,--
湖南省,长江流域,街埠头,02-25 09:00,2,14.2,7.63,9.00,444.4,4.5,3.17,0.071,0.066,2.49,--,--
湖南省,长江流域,浦市上游,02-25 09:00,2,14.1,8.01,9.59,241.4,9.3,1.00,0.011,0.035,1.17,--,--
湖南省,长江流域,江口,02-25 09:00,1,12.7,8.03,9.14,305.0,7.8,0.40,0.016,0.018,1.60,--,--
湖南省,长江流域,武水汇合口,02-25 09:00,2,13.6,8.04,8.99,255.0,7.9,1.32,--,0.030,1.29,--,--
广东省,珠江流域,蕉门,02-25 09:00,2,22.1,7.37,6.62,12381.5,42.3,3.76,0.260,0.040,2.30,--,--
广东省,珠江流域,洪奇沥,02-25 09:00,2,20.5,7.95,8.27,1231.5,37.1,3.08,0.005,0.050,3.00,--,--
广东省,珠江流域,莲花山,02-25 09:00,2,22.0,7.62,6.27,5806.6,67.1,3.92,0.045,0.070,3.67,--,--
广东省,珠江流域,官坦,02-25 09:00,2,21.6,7.77,8.85,411.9,9.7,--,0.012,0.041,2.75,--,--
广东省,珠江流域,大龙涌口,02-25 09:00,2,20.9,7.72,8.14,347.4,18.8,1.62,0.002,0.044,2.76,--,--
广东省,珠江流域,九龙潭,02-25 09:00,1,22.5,7.64,8.59,134.4,11.3,1.24,0.005,0.018,1.02,--,--
广东省,珠江流域,增江口,02-25 09:00,2,22.0,7.18,8.06,151.0,6.7,0.97,0.002,0.026,1.23,--,--
广东省,珠江流域,鸦岗,02-25 09:00,3,22.3,7.48,6.36,490.2,33.1,3.14,0.126,0.133,3.83,--,--
广东省,珠江流域,墩头基,02-25 09:00,2,22.0,7.61,7.45,3540.8,51.8,3.54,0.002,0.061,3.43,--,--
广东省,珠江流域,大墩,02-25 08:00,2,21.8,7.19,7.51,161.3,9.1,1.78,0.035,0.040,1.73,--,--
广东省,珠江流域,十里亭,02-25 09:00,1,17.9,8.01,9.85,308.7,2.3,1.17,0.073,0.018,1.11,--,--
广东省,珠江流域,长坝,02-25 09:00,1,19.7,8.02,11.06,170.6,0.7,1.92,0.028,0.016,0.98,--,--
广东省,珠江流域,三溪桥(乐昌三溪河),02-25 09:00,2,16.8,8.53,12.46,500.7,3.6,3.40,0.042,0.038,1.29,--,--
广东省,珠江流域,高桥,02-25 08:00,2,17.7,7.64,8.81,241.9,5.0,1.35,0.009,0.021,0.92,--,--
广东省,珠江流域,深圳河口,02-25 08:00,3,22.1,7.18,5.49,11806.8,31.4,4.33,0.461,0.162,3.90,--,--
广东省,珠江流域,小漠桥,02-25 09:00,2,22.6,8.34,7.56,47124.2,11.3,--,--,0.026,0.99,--,--
广东省,珠江流域,共和村,02-25 09:00,3,23.5,7.50,6.97,8987.2,16.1,4.12,0.378,0.130,5.40,--,--
广东省,珠江流域,珠海大桥,02-25 09:00,2,22.0,7.74,6.71,3725.7,43.6,1.30,0.055,0.051,2.38,--,--
广东省,珠江流域,石角咀水闸,02-25 09:00,2,22.5,7.67,7.76,860.2,49.1,2.05,0.022,0.078,2.93,--,--
广东省,珠江流域,鸡啼门大桥,02-25 09:00,2,21.4,8.09,8.44,1749.0,36.1,1.75,0.084,0.079,2.52,--,--
广东省,珠江流域,布洲,02-25 09:00,2,20.3,8.12,12.51,352.9,19.2,1.20,--,0.025,2.95,--,--
广东省,珠江流域,隆都,02-25 09:00,1,20.4,7.69,8.05,167.3,8.5,1.25,0.008,0.014,1.57,--,--
广东省,珠江流域,海门湾桥闸,02-25 09:00,4,21.7,7.78,7.23,11601.4,11.8,8.61,1.474,0.193,5.60,--,--
广东省,珠江流域,升平,02-25 09:00,2,20.8,7.49,7.74,31069.5,40.6,0.53,0.267,0.070,2.41,--,--
广东省,珠江流域,外砂,02-25 09:00,1,20.7,7.92,8.84,162.8,4.5,1.80,0.005,0.018,1.42,--,--
广东省,珠江流域,莲阳桥闸,02-25 09:00,2,20.6,7.96,8.90,163.8,10.8,1.56,0.001,0.026,1.51,--,--
广东省,珠江流域,大衙,02-25 08:00,3,20.4,6.88,5.97,168.8,5.0,1.27,0.005,0.022,1.41,--,--
广东省,珠江流域,平洲,02-25 09:00,2,20.8,7.74,6.71,325.7,17.5,1.78,--,0.049,2.28,--,--
广东省,珠江流域,乌洲,02-25 09:00,2,20.4,7.91,7.55,327.5,13.4,1.48,0.009,0.047,2.75,--,--
广东省,珠江流域,古劳,02-25 08:00,1,20.3,7.87,9.38,339.9,16.7,0.60,0.018,0.012,2.34,--,--
广东省,珠江流域,苍山渡口,02-25 09:00,2,21.8,7.81,6.71,12041.2,8.4,1.51,0.211,0.066,2.29,--,--
广东省,珠江流域,牛湾,02-25 09:00,2,21.6,7.03,6.12,704.2,41.9,2.99,0.024,0.071,3.40,--,--
广东省,珠江流域,渠首,02-25 09:00,3,22.1,7.21,5.18,103.0,12.2,4.08,0.020,0.018,0.93,0.006,973491
广东省,珠江流域,黄坡,02-25 09:00,2,24.1,8.23,10.00,239.6,19.4,3.98,--,0.068,2.28,--,--
广东省,珠江流域,山角,02-25 09:00,2,23.2,8.31,9.84,145.7,6.2,3.20,--,0.032,2.64,--,--
广东省,珠江流域,赤坎水厂（塘口取水口）,02-25 09:00,3,23.5,8.05,8.68,105.4,35.2,4.54,--,0.026,1.07,--,--
广东省,珠江流域,排里,02-25 09:00,3,23.8,8.23,7.55,191.1,16.0,4.59,0.105,0.073,1.73,--,--
广东省,珠江流域,南渡河桥,02-25 09:00,2,24.4,6.80,7.19,114.8,23.8,2.33,--,0.052,3.03,--,--
广东省,珠江流域,石碧,02-25 08:00,3,23.6,6.84,6.85,201.1,27.9,2.75,0.174,0.109,2.42,--,--
广东省,珠江流域,营仔,02-25 09:00,3,23.3,7.52,7.06,209.1,15.4,4.85,0.051,0.065,1.64,--,--
广东省,珠江流域,黄竹尾水闸（大山江）,02-25 09:00,3,24.8,7.25,5.96,191.1,22.1,3.57,0.040,0.060,1.52,--,--
广东省,珠江流域,塘口,02-25 09:00,6,23.6,9.21,10.35,179.5,8.6,3.95,0.007,0.040,1.56,--,--
广东省,珠江流域,石骨水库,02-25 09:00,1,22.5,8.78,8.73,60.8,6.1,0.99,0.006,0.008,0.58,--,--
广东省,珠江流域,良德水库,02-25 09:00,1,23.2,8.19,9.66,66.3,12.0,1.63,0.020,0.006,--,0.005,446919
广东省,珠江流域,江口门,02-25 07:00,3,23.6,6.98,5.94,183.8,10.1,2.28,0.089,0.069,2.29,--,--
广东省,珠江流域,米急渡,02-25 09:00,4,22.7,6.64,4.17,124.9,9.0,1.47,0.505,0.071,1.29,--,--
广东省,珠江流域,梁村,02-25 09:00,2,20.0,7.55,7.46,267.7,12.9,1.68,0.067,0.056,2.25,--,--
广东省,珠江流域,封开城上,02-25 09:00,1,19.1,8.22,9.27,350.8,15.2,0.82,0.001,0.012,2.52,--,--
广东省,珠江流域,白沙街,02-25 08:00,1,20.5,8.34,10.19,220.5,6.1,0.92,0.029,0.018,1.50,--,--
广东省,珠江流域,黄岗,02-25 09:00,1,19.9,8.14,10.85,335.5,7.5,1.37,0.017,0.019,2.53,--,--
广东省,珠江流域,永安,02-25 09:00,1,19.5,8.19,10.26,320.8,7.1,0.99,0.003,0.018,2.40,--,--
广东省,珠江流域,紫溪,02-25 09:00,2,23.2,7.49,9.36,694.5,5.8,2.08,0.035,0.058,4.52,--,--
广东省,珠江流域,东江江口,02-25 09:00,1,19.7,7.25,9.21,100.4,5.4,0.96,0.021,0.015,0.90,--,--
广东省,珠江流域,博罗城下(新角),02-25 09:00,2,20.5,6.67,9.06,129.5,14.3,1.20,0.020,0.032,1.43,--,--
广东省,珠江流域,惠州汝湖,02-25 09:00,1,21.0,7.36,9.18,93.8,2.0,1.05,0.003,0.018,0.90,--,--
广东省,珠江流域,沙河河口(里波水）,02-25 09:00,2,23.3,7.10,7.26,288.9,20.7,2.24,0.104,0.065,2.24,--,--
广东省,珠江流域,马安大桥下,02-25 09:00,2,21.8,6.43,8.61,82.0,10.6,--,0.159,0.038,1.60,--,--
广东省,珠江流域,虎爪断桥,02-25 09:00,3,23.1,7.42,6.05,8209.7,16.0,3.86,0.368,0.142,6.89,--,--
广东省,珠江流域,公庄河口（泰美）,02-25 09:00,2,22.5,7.17,7.29,276.5,16.2,2.80,0.130,0.058,2.11,--,--
广东省,珠江流域,青溪(大浦青溪),02-25 08:00,2,19.9,7.54,7.88,289.9,4.7,0.48,0.013,0.021,0.94,--,--
广东省,珠江流域,大麻,02-25 09:00,2,20.4,7.02,7.72,171.1,8.8,1.34,0.018,0.036,2.24,--,--
广东省,珠江流域,西阳电站,02-25 09:00,2,20.9,6.99,6.92,178.9,7.4,1.87,0.224,0.083,2.72,--,--
广东省,珠江流域,五丰渡口,02-25 09:00,2,21.0,7.25,9.34,121.4,32.1,1.81,0.134,0.057,4.06,--,--
广东省,珠江流域,新铺,02-25 09:00,2,20.9,7.70,8.01,202.1,5.4,1.97,0.041,0.032,1.72,--,--
广东省,珠江流域,海丰西闸,02-25 09:00,3,23.2,8.94,8.00,658.4,5.4,4.56,0.017,0.048,1.55,--,--
广东省,珠江流域,陆丰半湾水闸,02-25 09:00,1,21.8,7.24,8.78,89.2,22.5,1.55,0.002,0.020,1.26,--,--
广东省,珠江流域,东溪水闸,02-25 09:00,6,22.4,9.19,10.47,2363.4,12.2,--,0.001,0.083,1.02,--,--
广东省,珠江流域,庙咀里(定南水站),02-25 09:00,2,16.9,6.85,6.71,452.1,13.9,1.64,0.328,0.012,1.94,--,--
广东省,珠江流域,江城,02-25 09:00,2,24.2,7.27,7.05,386.6,11.0,2.13,0.270,0.056,2.69,--,--
广东省,珠江流域,尖山,02-25 09:00,3,23.7,6.81,5.67,7771.5,19.0,2.19,0.503,0.069,2.75,--,--
广东省,珠江流域,埠场,02-25 09:00,3,24.1,7.32,5.75,1055.8,15.8,2.16,0.225,0.057,2.53,--,--
广东省,珠江流域,大泉,02-25 09:00,2,23.7,6.94,6.22,14234.5,8.4,1.81,0.266,0.041,2.50,--,--
广东省,珠江流域,寿长,02-25 09:00,4,23.6,7.03,3.78,31936.8,21.1,3.61,0.778,0.113,1.40,--,--
广东省,珠江流域,北江石尾,02-25 09:00,2,18.9,7.51,6.43,324.4,12.5,2.64,0.108,0.036,2.31,--,--
广东省,珠江流域,石角,02-25 09:00,2,19.6,7.75,8.54,264.0,6.7,1.97,0.001,0.026,1.92,--,--
广东省,珠江流域,连江西牛,02-25 09:00,2,19.3,8.25,9.94,237.4,6.4,1.29,0.023,0.021,0.90,--,--
广东省,珠江流域,樟村（家乐福）,02-25 09:00,3,23.9,6.99,8.13,604.3,8.9,3.53,0.013,0.132,5.74,--,--
广东省,珠江流域,沙田泗盛,02-25 09:00,2,22.0,7.44,7.09,6520.2,21.6,2.29,0.105,0.046,2.23,--,--
广东省,珠江流域,旗岭,02-25 09:00,3,23.8,7.48,8.27,618.8,32.5,3.45,0.081,0.156,6.51,--,--
广东省,珠江流域,石龙南河,02-25 09:00,2,21.6,6.94,8.74,143.3,10.5,1.31,--,0.022,1.24,--,--
广东省,珠江流域,中山港码头,02-25 09:00,2,20.9,7.97,9.70,348.8,9.4,1.46,0.078,0.039,2.78,--,--
广东省,珠江流域,赤凤,02-25 09:00,2,19.8,7.49,8.56,177.3,7.5,--,0.047,0.049,--,--,--
广东省,珠江流域,凤江桥,02-25 09:00,2,20.8,7.09,8.88,122.6,54.0,2.22,0.112,0.070,1.94,--,--
广东省,珠江流域,地都,02-25 09:00,3,21.4,7.22,8.86,18078.1,87.1,4.20,0.269,0.057,3.67,--,--
广东省,珠江流域,隆溪大道桥,02-25 09:00,3,21.1,7.20,5.69,17693.7,2.6,3.62,0.604,0.051,2.13,--,--
广东省,珠江流域,龙石,02-25 09:00,4,22.0,6.94,4.10,454.5,25.5,4.48,0.681,0.123,5.33,--,--
广东省,珠江流域,龟山塔,02-25 09:00,2,22.3,6.97,8.08,118.2,25.4,2.23,0.129,0.078,1.85,--,--
广东省,珠江流域,古封,02-25 09:00,1,22.2,8.59,8.65,--,1.1,0.79,0.003,0.014,2.26,--,--
广东省,珠江流域,都骑,02-25 09:00,3,25.0,6.48,8.43,--,13.1,0.73,0.644,--,2.14,--,--
广西壮族自治区,珠江流域,老口,02-25 09:00,1,19.5,7.95,8.36,286.1,4.2,--,0.007,0.015,1.71,--,--
广西壮族自治区,珠江流域,叮当,02-25 09:00,2,20.4,7.65,8.10,384.3,3.2,1.53,0.030,0.029,3.24,--,--
广西壮族自治区,珠江流域,六景,02-25 09:00,2,19.7,7.86,8.09,298.1,2.8,--,--,0.027,1.84,--,--
广西壮族自治区,珠江流域,雁江,02-25 08:00,1,20.2,7.83,7.93,279.7,2.3,0.68,0.035,0.018,1.39,--,--
广西壮族自治区,珠江流域,上中,02-25 08:00,2,20.6,7.87,8.90,327.4,1.8,1.00,0.018,0.027,1.90,--,--
广西壮族自治区,珠江流域,白马,02-25 09:00,2,19.8,7.77,8.45,250.8,11.1,1.03,0.007,0.024,1.46,--,--
广西壮族自治区,珠江流域,露塘,02-25 08:00,1,15.2,7.81,9.90,151.2,0.7,--,0.028,0.010,0.96,--,--
广西壮族自治区,珠江流域,渔村,02-25 09:00,1,17.0,8.29,10.37,356.2,4.5,1.82,0.011,0.013,1.47,--,--
广西壮族自治区,珠江流域,木洞,02-25 09:00,1,13.7,7.26,10.37,100.5,4.2,0.45,0.018,0.010,0.71,--,--
广西壮族自治区,珠江流域,龙溪,02-25 09:00,2,14.6,7.74,9.46,264.7,8.4,1.02,0.005,0.044,1.95,--,--
广西壮族自治区,珠江流域,阳朔,02-25 09:00,2,16.0,7.78,9.98,146.1,2.4,1.10,0.003,0.035,1.25,--,--
广西壮族自治区,珠江流域,交州,02-25 09:00,1,13.6,7.18,9.56,77.4,5.4,0.84,0.003,0.017,0.83,--,--
广西壮族自治区,珠江流域,京南,02-25 08:00,2,17.3,8.45,10.81,199.2,0.7,1.67,0.012,0.025,1.25,--,--
广西壮族自治区,珠江流域,亚桥,02-25 08:00,2,21.4,7.48,8.31,4351.8,39.3,2.70,0.090,0.056,2.78,--,--
广西壮族自治区,珠江流域,东边埇,02-25 09:00,2,22.0,6.88,7.84,86.3,8.0,1.73,0.011,0.046,1.84,--,--
广西壮族自治区,珠江流域,南域,02-25 08:00,2,22.4,7.24,7.22,7081.4,14.1,2.42,0.149,0.040,2.91,--,--
广西壮族自治区,珠江流域,西门江,02-25 09:00,4,22.3,7.09,4.81,929.9,27.8,3.64,0.156,0.174,4.00,--,--
广西壮族自治区,珠江流域,高速公路桥,02-25 09:00,3,23.1,6.75,5.14,165.8,9.2,3.34,0.016,0.108,2.87,--,--
广西壮族自治区,珠江流域,三滩,02-25 09:00,2,21.6,6.77,6.45,9229.9,4.1,1.70,0.357,0.088,1.19,--,--
广西壮族自治区,珠江流域,边贸码头,02-25 09:00,2,22.5,6.76,6.44,1811.2,7.6,1.91,0.200,0.093,2.03,--,--
广西壮族自治区,珠江流域,高塘,02-25 09:00,2,21.9,7.87,9.85,232.2,12.3,2.56,0.002,0.044,2.40,--,--
广西壮族自治区,珠江流域,茅岭大桥,02-25 09:00,2,20.9,7.45,7.87,12046.5,6.3,2.15,0.176,0.060,1.46,--,--
广西壮族自治区,珠江流域,钦江东,02-25 08:00,2,20.9,7.76,10.00,30472.0,33.9,1.65,0.374,0.046,--,--,--
广西壮族自治区,珠江流域,高速公路西桥,02-25 09:00,3,22.8,7.28,5.20,22169.6,15.5,4.28,0.547,0.129,3.30,--,--
广西壮族自治区,珠江流域,武林渡口,02-25 09:00,1,18.8,7.81,9.00,350.3,4.4,0.66,0.007,0.016,2.58,--,--
广西壮族自治区,珠江流域,火电厂,02-25 09:00,2,18.8,8.08,8.85,300.5,14.8,0.49,0.003,0.024,1.85,--,--
广西壮族自治区,珠江流域,自良渡口,02-25 08:00,2,20.3,7.15,7.66,169.8,3.6,1.11,0.068,0.056,2.63,--,--
广西壮族自治区,珠江流域,横塘,02-25 08:00,3,22.3,7.36,7.58,270.5,24.9,1.91,0.053,0.136,3.99,--,--
广西壮族自治区,珠江流域,隘屯(上皿屯),02-25 09:00,2,20.0,8.21,8.40,384.6,4.7,--,--,0.050,1.88,--,--
广西壮族自治区,珠江流域,公篓,02-25 09:00,1,19.8,8.00,7.52,266.5,5.5,0.76,0.020,0.015,1.01,--,--
广西壮族自治区,珠江流域,桂花,02-25 08:00,2,14.9,7.68,9.61,204.1,0.8,0.96,0.007,0.029,1.25,--,--
广西壮族自治区,珠江流域,贺街,02-25 09:00,2,18.4,7.44,8.71,300.1,6.2,0.90,0.019,0.035,1.53,--,--
广西壮族自治区,珠江流域,杨民,02-25 09:00,2,17.0,7.64,7.36,392.7,0.8,1.16,0.055,0.033,2.45,--,--
广西壮族自治区,珠江流域,龙岩滩水库,02-25 09:00,2,17.9,8.05,8.28,378.0,0.9,--,--,0.012,2.95,0.003,697130
广西壮族自治区,珠江流域,车渡,02-25 09:00,1,18.1,8.10,8.63,382.1,4.7,1.05,0.009,0.014,2.65,--,--
广西壮族自治区,珠江流域,垒亭,02-25 08:00,1,18.4,7.96,8.30,363.9,2.1,0.69,0.020,0.014,2.40,--,--
广西壮族自治区,珠江流域,象州运江老街,02-25 09:00,1,16.4,7.81,9.72,235.0,9.3,0.94,0.005,0.017,1.46,--,--
广西壮族自治区,珠江流域,勒马,02-25 09:00,1,18.0,8.18,9.12,355.1,3.0,0.68,0.007,0.016,2.55,--,--
广西壮族自治区,珠江流域,那弄,02-25 09:00,1,19.8,6.81,8.10,89.2,4.2,1.59,--,0.015,1.15,--,--
广西壮族自治区,珠江流域,上金,02-25 09:00,1,20.0,7.13,8.92,156.3,20.9,1.67,0.078,0.012,1.10,--,--
广西壮族自治区,珠江流域,渠立,02-25 09:00,1,20.0,7.81,9.03,277.6,4.3,0.94,0.025,0.015,1.72,--,--
广西壮族自治区,珠江流域,棉江,02-25 09:00,2,20.4,8.36,12.55,217.2,7.7,2.11,--,0.024,--,--,--
海南省,珠江流域,儒房,02-25 09:00,2,26.0,7.93,9.27,15700.8,8.6,1.58,0.375,0.021,1.28,--,--
海南省,珠江流域,后黎村,02-25 09:00,2,25.2,7.74,8.45,89.9,28.7,1.58,0.009,0.031,1.13,--,--
海南省,珠江流域,林家村,02-25 09:00,2,26.3,7.93,6.53,435.3,25.3,1.66,0.011,0.037,0.13,--,--
海南省,珠江流域,崖城大桥,02-25 09:00,2,24.9,6.93,7.07,94.1,28.4,1.44,0.009,0.016,0.87,--,--
海南省,珠江流域,藤桥河大桥,02-25 09:00,2,27.1,8.26,11.65,10348.2,22.1,2.88,0.204,0.029,0.98,--,--
海南省,珠江流域,松涛水库南丰库心,02-25 09:00,1,24.6,8.34,9.34,67.9,0.7,1.03,0.0004,0.005,0.41,0.018,2047414
海南省,珠江流域,上村桥,02-25 09:00,2,26.9,7.31,6.52,463.5,40.3,--,0.010,0.047,0.88,--,--
海南省,珠江流域,中和桥,02-25 09:00,2,24.7,7.01,7.56,133.4,24.7,3.17,--,0.050,1.26,--,--
海南省,珠江流域,汀洲(丹村),02-25 09:00,2,24.2,7.11,7.56,100.7,12.9,1.69,0.006,0.044,0.95,--,--
海南省,珠江流域,龙江,02-25 09:00,2,24.7,6.99,8.28,76.2,583.3,0.24,0.045,0.024,1.07,--,--
海南省,珠江流域,溪仔村,02-25 09:00,2,24.5,7.83,9.44,79.9,4.3,1.52,--,0.022,0.77,--,--
海南省,珠江流域,羊头外村桥,02-25 09:00,2,27.7,6.79,6.23,1429.2,21.1,3.31,0.037,0.050,0.73,--,--
海南省,珠江流域,农垦橡胶所一队,02-25 09:00,1,25.2,6.94,7.67,110.8,2.7,0.84,0.003,0.017,1.38,--,--
海南省,珠江流域,水涯新区,02-25 09:00,3,25.8,7.12,7.65,20607.2,10.0,4.99,0.175,0.043,1.02,--,--
海南省,珠江流域,分洪桥,02-25 09:00,2,26.0,8.40,11.25,102.1,13.4,3.47,--,0.041,0.99,--,--
海南省,珠江流域,后山村,02-25 09:00,5,26.6,6.55,2.52,132.8,27.9,4.99,0.856,0.045,3.11,--,--
海南省,珠江流域,大广坝水库库心,02-25 09:00,2,23.3,7.12,6.76,85.7,2.5,1.25,0.004,0.009,0.43,0.011,10080400
海南省,珠江流域,罗带铁路桥,02-25 09:00,4,27.1,7.58,4.23,36614.8,20.1,3.23,0.436,0.184,1.00,--,--
海南省,珠江流域,山口,02-25 09:00,2,25.9,8.11,9.12,95.7,3.1,1.54,0.007,0.022,0.76,--,--
海南省,珠江流域,白仞滩电站,02-25 09:00,2,25.5,7.14,6.89,107.4,15.2,--,0.045,0.077,0.98,--,--
海南省,珠江流域,大风(昌化),02-25 09:00,2,25.0,7.01,7.97,105.2,4.5,1.16,--,0.025,0.72,--,--
海南省,珠江流域,叉河口,02-25 09:00,2,26.3,7.39,7.82,251.3,6.3,1.47,0.037,0.089,1.91,--,--
海南省,珠江流域,乐中,02-25 09:00,2,26.2,7.28,8.16,114.1,12.5,1.31,0.015,0.030,0.54,--,--
海南省,珠江流域,跨界桥,02-25 09:00,2,26.6,8.08,10.35,110.9,8.9,1.91,0.008,0.031,0.74,--,--
海南省,珠江流域,群英大坝,02-25 09:00,2,25.8,8.36,9.97,111.0,13.0,1.59,0.013,0.041,0.95,--,--
海南省,珠江流域,大溪村,02-25 09:00,2,24.4,7.11,6.73,2191.5,6.5,3.72,0.208,0.056,2.32,--,--
重庆市,长江流域,芙蓉洞码头,02-25 09:00,1,14.6,8.45,11.07,326.2,7.4,0.45,0.054,0.009,1.74,--,--
重庆市,长江流域,晒网坝,02-25 09:00,2,14.9,8.00,9.17,447.6,15.3,0.98,0.051,0.046,1.89,--,--
重庆市,长江流域,向家,02-25 09:00,2,12.6,7.83,10.33,255.2,8.8,2.26,0.009,0.064,1.44,--,--
重庆市,长江流域,磨刀溪长滩,02-25 09:00,2,12.2,8.66,14.36,221.1,12.3,2.25,0.008,0.030,1.18,--,--
重庆市,长江流域,清溪场,02-25 09:00,2,15.4,8.23,9.66,478.3,12.9,1.32,--,0.037,1.91,--,--
重庆市,长江流域,木瓜洞,02-25 08:00,-1,--,--,--,--,--,--,--,--,--,--,--
重庆市,长江流域,寸滩,02-25 09:00,2,16.3,8.25,10.66,444.7,13.4,2.11,0.019,0.027,1.52,--,--
重庆市,长江流域,和尚山,02-25 09:00,2,18.3,8.30,10.04,464.9,25.0,0.78,0.006,0.027,1.63,--,--
重庆市,长江流域,北温泉,02-25 09:00,1,13.7,8.31,11.75,486.3,3.6,1.71,0.005,--,1.75,--,--
重庆市,长江流域,寨溪大桥,02-25 09:00,2,17.9,7.99,8.20,1186.3,7.2,2.16,0.084,0.028,2.43,--,--
重庆市,长江流域,石门坎,02-25 09:00,1,17.0,8.23,8.17,470.3,2.0,0.95,--,0.009,1.39,--,--
重庆市,长江流域,玉滩水库,02-25 09:00,3,15.4,8.55,17.51,519.4,12.2,4.54,0.073,0.047,1.67,0.035,7886515
重庆市,长江流域,御临镇,02-25 09:00,2,16.4,8.58,15.98,490.7,9.3,3.98,0.024,0.031,1.36,--,--
重庆市,长江流域,黎家乡崔家岩村,02-25 09:00,2,16.0,8.52,11.67,509.3,8.2,--,0.054,0.030,1.73,--,--
重庆市,长江流域,运输桥,02-25 09:00,2,15.5,8.00,10.19,454.8,3.3,3.32,0.018,--,1.63,--,--
重庆市,长江流域,六剑滩,02-25 09:00,2,15.3,8.41,12.53,578.5,3.4,3.55,0.007,0.056,4.10,--,--
重庆市,长江流域,支坪街道,02-25 09:00,2,17.1,8.19,10.42,644.9,5.7,1.83,--,0.032,1.86,--,--
重庆市,长江流域,江津大桥,02-25 09:00,2,17.2,8.12,10.06,463.0,3.3,1.18,--,0.033,1.54,--,--
重庆市,长江流域,朱杨溪,02-25 09:00,3,17.0,8.17,9.41,898.3,5.2,4.60,0.031,0.064,6.20,--,--
重庆市,长江流域,北渡,02-25 09:00,2,16.1,7.98,9.83,643.5,10.6,1.40,0.280,0.053,2.32,--,--
重庆市,长江流域,白杨溪,02-25 09:00,2,16.3,7.87,10.09,168.7,19.8,1.43,0.015,0.022,1.38,--,--
重庆市,长江流域,太和,02-25 09:00,1,15.0,8.29,13.69,445.3,7.2,1.53,0.024,0.012,2.33,--,--
重庆市,长江流域,官渡,02-25 09:00,2,14.8,8.79,20.00,375.2,6.0,3.25,0.012,0.036,1.69,--,--
重庆市,长江流域,临渡,02-25 09:00,2,15.3,8.40,12.72,489.2,7.4,1.70,--,0.022,2.23,--,--
重庆市,长江流域,渠江码头,02-25 09:00,2,14.3,8.81,25.04,370.1,12.8,2.45,0.014,0.031,1.69,--,--
重庆市,长江流域,黄桷,02-25 09:00,2,17.2,7.94,7.07,693.9,9.4,2.99,--,0.049,1.89,--,--
重庆市,长江流域,朱沱,02-25 09:00,2,16.9,8.35,10.12,461.8,2.5,0.98,0.005,0.037,1.11,--,--
重庆市,长江流域,四明水厂,02-25 09:00,2,17.0,8.31,9.99,515.2,27.9,--,0.012,0.026,--,--,--
重庆市,长江流域,金狮桥,02-25 09:00,1,14.3,8.22,9.49,226.6,12.9,0.51,--,0.008,0.67,--,--
重庆市,长江流域,璧南河两河口,02-25 09:00,3,16.6,8.30,10.22,982.9,10.1,5.73,0.007,0.055,3.59,--,--
重庆市,长江流域,中和,02-25 09:00,2,14.8,8.36,--,604.3,17.2,3.92,0.029,0.022,1.56,--,--
重庆市,长江流域,玉溪,02-25 09:00,1,15.0,8.02,9.51,555.3,6.7,1.19,0.004,0.013,2.08,--,--
重庆市,长江流域,高洞电站,02-25 09:00,4,15.2,7.98,10.46,829.4,54.6,6.30,0.118,0.053,3.48,--,--
重庆市,长江流域,巫山乡,02-25 09:00,2,12.6,7.89,9.56,333.6,5.6,2.34,0.015,0.025,1.28,--,--
重庆市,长江流域,鸭江镇,02-25 09:00,2,15.9,8.16,9.10,780.5,5.8,1.77,--,0.031,3.80,--,--
重庆市,长江流域,江口镇,02-25 09:00,1,12.3,8.14,10.02,344.8,1.3,0.52,--,0.008,1.92,--,--
重庆市,长江流域,白马,02-25 09:00,2,14.9,8.07,8.38,451.3,8.2,0.78,0.014,0.039,3.57,--,--
重庆市,长江流域,土堡寨,02-25 08:00,-1,--,--,--,--,--,--,--,--,--,--,--
重庆市,长江流域,水寨子,02-25 09:00,1,11.5,8.50,10.47,199.1,3.3,1.48,0.006,0.014,0.69,--,--
重庆市,长江流域,湖海场,02-25 09:00,2,14.1,7.82,9.00,288.7,9.8,2.42,0.215,0.087,2.17,--,--
重庆市,长江流域,卫星桥,02-25 09:00,2,14.6,8.11,10.42,397.7,10.5,3.08,0.048,0.028,0.53,--,--
重庆市,长江流域,高洞梁,02-25 09:00,2,15.0,8.09,12.01,583.7,12.2,2.57,0.012,0.038,0.88,--,--
重庆市,长江流域,苏家,02-25 09:00,2,15.3,8.16,9.14,450.3,17.4,1.14,--,0.034,1.59,--,--
重庆市,长江流域,清水湖渡口,02-25 09:00,2,14.8,8.20,12.06,348.9,3.4,1.61,0.003,0.020,2.15,--,--
重庆市,长江流域,小江河口,02-25 09:00,2,14.6,8.00,8.83,432.4,3.9,1.00,0.055,0.040,1.88,--,--
重庆市,长江流域,汤溪河江口,02-25 09:00,2,13.4,8.08,10.31,270.2,43.9,0.88,0.007,0.026,1.10,--,--
重庆市,长江流域,罗汉大桥,02-25 09:00,3,13.0,7.95,9.96,276.0,26.5,1.98,0.223,0.117,2.23,--,--
重庆市,长江流域,白帝城,02-25 09:00,2,14.0,8.02,8.84,439.4,18.8,0.83,0.022,0.040,1.67,--,--
重庆市,长江流域,培石,02-25 09:00,2,13.9,7.96,9.21,413.1,2.1,--,--,0.035,1.94,--,--
重庆市,长江流域,花台,02-25 09:00,1,13.9,8.49,8.10,416.0,4.6,0.45,--,0.020,1.09,--,--
重庆市,长江流域,万木,02-25 09:00,2,13.9,7.80,8.67,466.1,1.7,--,--,0.038,3.78,--,--
重庆市,长江流域,南洞沟,02-25 09:00,1,14.5,8.07,9.16,339.5,3.3,0.30,0.008,0.010,0.78,--,--
重庆市,长江流域,郁江桥,02-25 09:00,2,14.2,7.92,9.59,335.6,3.8,0.71,0.041,0.027,--,--,--
四川省,长江流域,二江寺,02-25 09:00,2,16.3,7.82,8.77,535.4,5.0,2.11,0.048,0.075,3.32,--,--
四川省,长江流域,岳店子下,02-25 08:00,2,15.2,7.62,8.94,473.2,5.6,1.88,0.007,0.099,2.54,--,--
四川省,长江流域,三邑大桥,02-25 09:00,2,15.3,7.86,8.35,371.5,1.3,1.14,0.019,0.028,2.07,--,--
四川省,长江流域,宏缘,02-25 09:00,2,15.9,8.14,10.76,578.5,8.0,1.35,0.025,0.081,2.54,--,--
四川省,长江流域,李家湾,02-25 09:00,2,15.5,8.29,12.32,634.3,7.4,1.87,0.0003,0.053,2.70,--,--
四川省,长江流域,廖家堰,02-25 09:00,2,17.7,8.04,11.36,1213.0,24.9,3.77,0.028,0.043,1.73,--,--
四川省,长江流域,脚仙村,02-25 09:00,2,15.5,8.18,10.15,605.1,6.9,1.18,0.019,0.058,2.94,--,--
四川省,长江流域,龙洞,02-25 08:00,1,14.6,8.52,8.17,781.0,2.4,0.98,0.036,0.005,0.50,--,--
四川省,长江流域,倮果,02-25 08:00,1,14.4,8.42,10.40,777.4,8.5,0.26,0.013,0.008,0.70,--,--
四川省,长江流域,雅砻江口,02-25 08:00,1,13.4,7.85,9.58,281.1,5.2,0.95,0.009,0.008,0.54,--,--
四川省,长江流域,柏枝,02-25 08:00,1,13.7,8.06,9.13,264.1,4.8,0.91,0.003,0.006,0.47,--,--
四川省,长江流域,湾凼,02-25 09:00,3,14.6,7.65,8.91,1041.9,18.7,4.58,0.005,0.034,0.55,--,--
四川省,长江流域,手爬岩,02-25 09:00,2,17.1,8.17,9.60,476.8,8.0,0.82,--,0.036,1.24,--,--
四川省,长江流域,沱江大桥(沱江二桥),02-25 09:00,2,16.5,8.34,10.95,617.4,4.7,1.56,0.009,0.081,2.99,--,--
四川省,长江流域,醒觉溪,02-25 09:00,1,18.2,8.35,7.96,418.0,16.8,1.38,0.033,0.020,2.69,--,--
四川省,长江流域,胡市大桥,02-25 09:00,3,15.9,8.37,15.02,672.5,3.8,4.86,0.026,0.034,2.70,--,--
四川省,长江流域,大磨子,02-25 09:00,2,16.0,8.47,12.04,629.9,11.9,1.67,0.023,0.072,2.76,--,--
四川省,长江流域,泸天化大桥,02-25 09:00,2,16.9,8.00,9.10,430.8,7.5,1.49,0.035,0.030,2.74,--,--
四川省,长江流域,纳溪大渡口,02-25 09:00,2,16.6,8.06,9.24,449.6,6.5,0.96,--,0.030,1.22,--,--
四川省,长江流域,两汇水,02-25 09:00,1,15.2,7.59,9.37,138.9,4.7,0.88,0.032,0.012,1.23,--,--
四川省,长江流域,太平渡,02-25 09:00,2,18.3,8.18,8.92,515.0,22.5,2.13,0.108,0.090,4.01,--,--
四川省,长江流域,八角,02-25 09:00,4,15.5,7.61,4.42,574.9,5.0,1.56,0.023,0.046,3.05,--,--
四川省,长江流域,象山,02-25 09:00,3,16.1,8.28,12.99,558.2,3.4,4.19,0.035,0.047,2.23,--,--
四川省,长江流域,双江桥,02-25 09:00,2,16.7,7.84,7.62,739.6,16.5,1.60,0.0004,0.073,2.29,--,--
四川省,长江流域,三川,02-25 09:00,2,16.4,8.10,8.60,703.8,6.3,0.90,--,0.067,2.31,--,--
四川省,长江流域,西平镇,02-25 09:00,2,15.7,7.94,9.74,795.9,7.9,2.98,0.017,0.035,4.10,--,--
四川省,长江流域,平武水文站,02-25 08:00,1,9.4,8.33,8.92,353.1,13.0,0.22,0.013,0.005,0.63,--,--
四川省,长江流域,丰谷,02-25 08:00,2,13.6,8.21,10.02,366.5,7.9,0.92,0.010,0.051,1.06,--,--
四川省,长江流域,鲁班岛,02-25 08:00,1,13.8,8.74,12.98,298.4,32.7,--,--,--,--,0.004,3146039
四川省,长江流域,北川通口,02-25 08:00,2,11.5,8.21,9.33,332.1,11.8,0.30,0.003,0.023,0.99,--,--
四川省,长江流域,八庙沟,02-25 08:00,1,10.7,8.34,10.58,434.9,3.8,0.97,0.002,0.010,1.83,--,--
四川省,长江流域,姚渡,02-25 09:00,4,--,--,--,--,--,1.67,0.062,0.215,0.60,--,--
四川省,长江流域,苴国村,02-25 08:00,1,10.9,8.31,10.47,317.2,2.0,0.81,0.007,0.006,1.03,--,--
四川省,长江流域,上石盘,02-25 08:00,1,11.4,8.16,10.76,482.3,9.2,1.10,0.008,0.019,2.12,--,--
四川省,长江流域,南渡,02-25 08:00,2,13.9,8.05,9.85,583.2,6.4,1.57,0.137,0.039,2.03,--,--
四川省,长江流域,清泉乡（文成镇）,02-25 09:00,1,13.8,8.48,11.33,341.8,8.6,1.09,--,0.010,0.68,--,--
四川省,长江流域,大安,02-25 09:00,3,16.1,8.36,18.71,756.7,8.5,5.96,--,0.055,2.24,--,--
四川省,长江流域,百顷,02-25 09:00,2,13.3,8.34,10.86,413.4,4.7,0.88,0.029,0.025,1.90,--,--
四川省,长江流域,跑马滩,02-25 09:00,3,16.2,8.35,12.55,541.4,11.2,4.84,0.004,0.021,0.45,--,--
四川省,长江流域,梓江大桥,02-25 09:00,2,14.3,8.46,11.60,530.3,1.8,2.38,--,0.025,2.39,--,--
四川省,长江流域,大埂,02-25 09:00,3,17.6,8.20,12.96,585.9,6.5,4.49,0.009,0.021,0.76,--,--
四川省,长江流域,球溪河口,02-25 09:00,3,15.5,8.45,12.65,671.2,22.1,5.03,0.064,0.075,3.86,--,--
四川省,长江流域,李码头,02-25 08:00,1,15.0,8.36,11.41,322.4,2.5,0.85,0.010,0.015,1.06,--,--
四川省,长江流域,马边河河口,02-25 08:00,2,13.8,7.85,6.17,304.8,3.5,1.91,0.001,0.012,1.19,--,--
四川省,长江流域,悦来渡口,02-25 09:00,2,15.8,8.36,10.54,512.9,7.6,2.24,0.004,0.045,2.42,--,--
四川省,长江流域,姜公堰,02-25 08:00,2,18.5,7.91,15.95,740.1,19.7,2.53,0.014,0.013,2.14,--,--
四川省,长江流域,金溪电站,02-25 09:00,2,13.3,8.06,10.07,346.2,9.4,1.33,--,0.024,1.25,--,--
四川省,长江流域,升钟水库铁炉寺,02-25 09:00,2,13.6,8.42,11.28,419.7,4.4,2.86,0.017,0.016,1.74,--,--
四川省,长江流域,沙溪,02-25 09:00,1,11.3,8.15,8.39,341.7,5.0,1.10,0.011,0.008,1.29,--,--
四川省,长江流域,黄龙溪,02-25 09:00,2,16.6,8.50,9.58,513.4,3.6,1.73,0.012,0.058,2.58,--,--
四川省,长江流域,彭山岷江大桥,02-25 08:00,2,16.4,8.17,10.05,521.7,5.6,1.73,0.001,0.025,1.99,--,--
四川省,长江流域,龟都府,02-25 09:00,2,13.5,8.39,10.69,300.3,5.4,0.60,0.003,0.035,1.10,--,--
四川省,长江流域,越溪河两河口,02-25 09:00,2,17.5,8.01,10.01,490.7,12.0,3.09,0.010,0.022,1.09,--,--
四川省,长江流域,月波,02-25 09:00,2,15.5,7.78,8.62,375.6,10.5,0.76,0.288,0.070,1.86,--,--
四川省,长江流域,凉姜沟,02-25 09:00,2,16.2,7.69,7.44,377.6,4.5,1.95,0.096,0.086,2.35,--,--
四川省,长江流域,挂弓山,02-25 08:00,2,16.5,8.12,8.62,443.5,1.9,0.65,0.014,0.036,1.32,--,--
四川省,长江流域,蔡家渡口,02-25 08:00,2,17.7,8.59,11.39,586.2,16.0,2.57,0.010,0.039,2.23,--,--
四川省,长江流域,三块石,02-25 09:00,2,17.2,8.21,8.38,489.5,5.5,0.15,--,0.021,1.10,--,--
四川省,长江流域,洛亥,02-25 09:00,3,14.7,8.10,9.86,337.3,5.0,1.31,0.051,0.105,3.31,--,--
四川省,长江流域,溪口镇平桥村,02-25 09:00,3,12.8,7.63,12.58,425.6,7.4,4.80,0.308,0.041,2.60,--,--
四川省,长江流域,清平镇大庙村（摇金）,02-25 09:00,3,17.9,8.18,10.02,487.6,5.5,4.52,0.034,0.105,1.10,--,--
四川省,长江流域,金子,02-25 09:00,1,13.8,8.27,10.35,345.8,15.6,1.16,0.023,0.013,1.47,--,--
四川省,长江流域,烈面,02-25 09:00,2,14.0,7.86,11.23,342.3,11.5,1.30,0.013,0.020,1.52,--,--
四川省,长江流域,幺滩,02-25 09:00,2,16.6,8.08,9.32,718.2,51.6,3.45,0.019,0.073,2.19,--,--
四川省,长江流域,团堡岭,02-25 09:00,2,13.6,8.46,11.53,389.8,3.1,2.52,0.005,0.026,1.48,--,--
四川省,长江流域,上河坝,02-25 09:00,3,13.8,8.34,14.46,715.1,11.2,5.71,0.046,0.062,1.12,--,--
四川省,长江流域,江陵,02-25 09:00,2,13.6,8.42,11.54,368.9,4.3,2.61,--,0.040,1.57,--,--
四川省,长江流域,大蹬沟,02-25 09:00,1,12.6,8.43,12.34,245.1,9.5,--,--,0.016,0.85,--,--
四川省,长江流域,白兔乡,02-25 09:00,4,14.7,8.75,12.37,453.5,5.3,6.08,0.017,0.080,2.00,--,--
四川省,长江流域,联盟桥,02-25 09:00,4,14.1,7.46,4.98,434.5,9.8,5.00,0.086,0.056,1.66,--,--
四川省,长江流域,舵石盘,02-25 09:00,1,12.6,8.25,12.04,520.4,47.6,1.74,0.010,0.014,--,--,--
四川省,长江流域,车家河,02-25 09:00,2,13.8,8.29,11.19,478.0,19.4,1.68,0.038,0.029,1.48,--,--
四川省,长江流域,三谷庄,02-25 08:00,1,13.7,8.31,7.62,255.4,2.3,0.49,0.006,0.012,0.62,--,--
四川省,长江流域,大岗山,02-25 08:00,1,8.6,8.28,9.93,278.2,1.0,0.47,0.005,0.004,0.34,--,--
四川省,长江流域,手傍岩,02-25 09:00,2,13.7,8.18,10.44,278.6,5.5,1.39,0.007,0.033,0.89,--,--
四川省,长江流域,幸福村（河东元坝）,02-25 09:00,2,15.8,8.37,11.63,650.1,12.3,1.72,0.015,0.055,2.75,--,--
四川省,长江流域,拱城铺渡口,02-25 09:00,2,15.8,8.42,12.45,601.5,6.2,2.20,0.021,0.047,2.51,--,--
四川省,长江流域,红光村,02-25 09:00,3,15.8,8.00,8.79,550.2,17.8,5.06,0.005,0.054,1.00,--,--
四川省,长江流域,两河,02-25 09:00,3,16.7,7.92,10.28,636.4,11.6,4.21,0.024,0.017,1.52,--,--
四川省,长江流域,县城马踏石点,02-25 08:00,6,10.4,9.02,8.97,397.8,2.6,0.50,0.027,0.007,0.64,--,--
四川省,长江流域,渭门桥,02-25 08:00,1,5.8,8.28,9.67,272.2,4.6,0.54,--,0.007,0.45,--,--
四川省,长江流域,小水沟,02-25 08:00,1,4.4,8.41,8.79,282.8,12.2,0.27,0.029,0.011,0.69,--,--
四川省,长江流域,水磨沟村,02-25 09:00,1,4.5,--,11.10,1256.6,7.3,--,--,--,0.58,--,--
四川省,长江流域,金沙江岗托桥,02-25 06:00,1,5.8,7.59,11.74,--,13.1,0.28,0.003,--,1.00,--,--
四川省,长江流域,昔街大桥,02-25 09:00,2,14.5,7.83,8.05,283.6,19.5,1.19,0.079,0.038,0.53,--,--
四川省,长江流域,阿七大桥,02-25 08:00,2,14.8,7.38,6.11,273.6,11.8,0.98,0.039,0.039,2.04,--,--
四川省,长江流域,邛海湖心,02-25 08:00,2,15.2,8.36,8.20,343.8,2.8,2.05,0.006,--,0.38,0.001,25908
贵州省,长江流域,棉花渡,02-25 09:00,2,13.9,8.40,9.63,513.5,5.5,0.93,0.027,0.064,3.18,--,--
贵州省,长江流域,贵铝泵房,02-25 09:00,2,14.3,8.52,13.48,453.4,10.1,2.16,0.010,0.017,1.84,0.007,1572405
贵州省,长江流域,花鱼洞,02-25 09:00,1,12.3,7.94,7.79,425.7,7.0,1.41,0.0001,0.009,1.55,0.010,903170
贵州省,长江流域,麦穰,02-25 09:00,3,15.9,7.81,6.68,668.9,7.7,2.74,0.206,0.186,6.34,--,--
贵州省,珠江流域,青岩,02-25 09:00,4,16.8,7.62,4.91,513.7,1.7,2.92,--,--,3.04,--,--
贵州省,长江流域,龙场,02-25 09:00,1,13.7,8.59,9.05,421.7,4.2,0.36,0.022,0.017,--,--,--
贵州省,珠江流域,发耳,02-25 09:00,-1,--,--,--,--,--,--,--,--,--,--,--
贵州省,长江流域,打秋坪,02-25 09:00,3,14.9,8.21,9.88,702.2,8.8,2.55,0.018,0.133,5.18,--,--
贵州省,长江流域,鱼塘大桥,02-25 09:00,1,12.4,8.05,10.34,364.2,2.4,1.23,0.021,0.005,1.78,--,--
贵州省,长江流域,沿江渡,02-25 09:00,2,14.9,8.08,9.83,439.6,20.7,1.02,--,0.037,4.37,--,--
贵州省,长江流域,鲤鱼塘,02-25 09:00,2,12.3,7.77,9.58,553.1,2.1,1.23,--,0.056,4.64,--,--
贵州省,长江流域,坡渡,02-25 09:00,1,16.8,8.17,9.52,320.7,9.8,1.00,--,0.011,0.83,--,--
贵州省,长江流域,余庆河暗溪坪,02-25 09:00,1,12.6,8.08,13.58,364.2,11.0,0.94,0.014,0.019,2.07,--,--
贵州省,长江流域,羊柱头渡口,02-25 09:00,4,15.9,7.71,7.64,799.8,5.1,3.68,0.373,0.260,7.40,--,--
贵州省,长江流域,鲢鱼溪,02-25 09:00,2,16.2,8.30,10.01,437.9,6.4,1.43,0.059,0.022,3.20,--,--
贵州省,长江流域,长沙,02-25 08:00,2,16.7,8.05,8.70,257.1,5.7,1.26,0.044,0.039,1.77,--,--
贵州省,长江流域,茅台,02-25 09:00,2,16.7,8.42,8.31,436.1,4.6,1.10,--,0.025,4.02,--,--
贵州省,珠江流域,黄果树,02-25 09:00,1,16.4,8.23,9.35,556.7,13.1,1.47,0.002,0.016,3.65,--,--
贵州省,长江流域,斯拉河大桥,02-25 09:00,1,14.0,8.56,9.92,424.3,5.4,0.59,--,0.012,3.10,--,--
贵州省,珠江流域,打邦,02-25 09:00,1,20.9,8.32,12.49,388.1,7.4,0.86,--,0.015,2.98,--,--
贵州省,长江流域,大关桥,02-25 09:00,1,14.3,7.98,7.95,430.3,1.5,0.72,0.079,0.009,3.93,--,--
贵州省,长江流域,小屯,02-25 09:00,2,14.4,7.81,7.88,516.1,69.6,--,0.120,0.083,5.68,--,--
贵州省,长江流域,清水铺,02-25 08:00,2,16.1,8.24,8.58,422.3,7.0,1.15,0.002,0.039,4.05,--,--
贵州省,长江流域,大桥边,02-25 09:00,1,12.8,8.05,8.73,382.0,1.7,--,0.032,0.019,3.46,--,--
贵州省,长江流域,下干溪,02-25 09:00,1,15.0,7.96,8.80,375.0,9.5,0.67,0.097,0.020,2.56,--,--
贵州省,珠江流域,坝草,02-25 09:00,1,18.0,8.33,10.23,402.6,3.3,0.77,--,0.010,2.28,--,--
贵州省,珠江流域,南盘江三江口,02-25 09:00,2,18.3,8.14,8.96,397.9,1.2,0.53,0.014,0.030,3.46,0.001,--
贵州省,珠江流域,万峰湖(万峰湖湖心),02-25 09:00,2,21.7,8.27,9.59,446.2,3.4,0.88,0.005,0.012,2.51,0.029,361133
贵州省,珠江流域,岔河口,02-25 09:00,1,18.1,8.32,9.34,379.3,4.6,1.45,0.023,0.018,2.58,--,--
贵州省,珠江流域,蔗香北,02-25 09:00,1,20.0,8.15,12.12,390.6,5.2,0.68,--,0.020,3.16,--,--
贵州省,珠江流域,黄泥河,02-25 09:00,2,15.9,8.03,8.94,450.3,2.3,0.91,0.001,0.024,1.66,--,--
贵州省,珠江流域,赵家渡,02-25 09:00,2,17.1,8.04,6.95,494.9,3.7,0.37,0.104,0.056,5.15,--,--
贵州省,珠江流域,坡脚,02-25 09:00,2,19.8,8.46,12.98,400.6,29.8,0.96,0.004,0.026,3.46,--,--
贵州省,珠江流域,蔗香南,02-25 09:00,1,19.6,8.50,9.93,414.0,3.4,0.69,0.013,0.018,3.23,--,--
贵州省,长江流域,金紫,02-25 09:00,2,14.0,7.98,9.53,262.2,2.5,1.00,0.001,0.028,1.26,--,--
贵州省,珠江流域,从江大桥,02-25 09:00,1,13.4,7.56,9.38,110.5,7.2,1.04,0.054,0.015,0.90,--,--
贵州省,长江流域,平敏大桥,02-25 09:00,2,14.5,7.69,9.10,189.4,10.2,--,--,0.048,1.77,--,--
贵州省,长江流域,旁海,02-25 09:00,2,14.6,8.26,9.26,509.2,4.4,1.22,0.041,0.040,2.51,--,--
贵州省,长江流域,重安江大桥,02-25 09:00,3,15.1,8.33,8.73,636.9,4.1,1.25,0.053,0.110,2.79,--,--
贵州省,珠江流域,榕江,02-25 09:00,2,16.2,7.30,7.24,143.7,19.3,1.83,0.201,0.062,1.42,--,--
贵州省,珠江流域,新华,02-25 09:00,1,16.3,7.66,9.85,183.0,14.8,0.78,0.019,0.011,1.44,--,--
贵州省,长江流域,甘溪高碑,02-25 09:00,2,14.5,8.02,8.59,382.2,7.2,0.99,0.145,0.046,1.09,--,--
贵州省,长江流域,跳鱼洞,02-25 09:00,4,14.4,8.14,8.00,530.6,13.6,2.63,0.256,0.241,3.46,--,--
贵州省,长江流域,凤山桥边,02-25 09:00,3,15.8,7.69,6.81,839.7,1.9,5.24,0.298,0.183,6.98,--,--
贵州省,珠江流域,边外河,02-25 09:00,2,17.0,7.75,7.14,338.8,3.6,1.26,0.010,0.020,1.77,--,--
贵州省,珠江流域,界牌,02-25 09:00,1,16.5,8.07,9.46,318.9,1.6,0.79,0.021,0.012,0.84,--,--
贵州省,珠江流域,甲茶,02-25 09:00,1,18.0,7.84,7.89,330.9,5.5,1.00,0.002,0.007,1.15,--,--
云南省,长江流域,通仙桥,02-25 09:00,3,14.4,8.04,5.38,696.7,2.2,2.12,0.016,0.080,4.56,--,--
云南省,长江流域,普渡河桥,02-25 09:00,2,15.1,8.11,7.38,673.3,6.7,2.88,0.030,0.063,2.39,--,--
云南省,珠江流域,禄丰村,02-25 09:00,2,16.5,8.26,7.66,485.6,3.1,1.14,0.028,0.033,3.84,--,--
云南省,滇池流域,回龙村,02-25 09:00,4,15.6,7.87,4.60,757.3,6.2,4.20,0.052,0.084,2.64,--,--
云南省,滇池流域,船房五社桥头(一检站),02-25 09:00,2,16.4,8.64,13.57,543.9,7.7,3.41,0.020,0.035,9.22,--,--
云南省,滇池流域,王大桥,02-25 09:00,3,16.8,7.11,6.02,551.6,4.7,3.22,0.037,0.153,8.87,--,--
云南省,滇池流域,大观河入湖口,02-25 09:00,3,14.6,8.17,6.00,436.3,12.4,1.18,0.046,0.036,3.30,--,--
云南省,滇池流域,大渔乡土罗村入湖口,02-25 09:00,-1,--,--,--,--,--,--,--,--,--,--,--
云南省,滇池流域,新河村入湖口（金属筛片厂小桥）,02-25 09:00,2,15.1,8.53,8.23,389.3,13.7,1.12,0.058,0.040,2.63,--,--
云南省,珠江流域,阳宗海中,02-25 09:00,2,15.1,8.46,8.62,439.9,2.1,3.62,0.081,0.024,0.78,0.008,1197990
云南省,长江流域,富民大桥,02-25 09:00,4,15.1,7.95,5.12,656.7,42.6,6.32,0.116,0.206,2.58,--,--
云南省,滇池流域,严家村桥(盘龙江),02-25 09:00,2,14.0,8.05,7.41,411.7,17.8,0.67,0.030,0.038,3.70,--,--
云南省,滇池流域,宝丰村入湖口,02-25 09:00,2,15.5,7.93,6.18,609.2,1.8,1.95,0.041,0.052,2.60,--,--
云南省,滇池流域,江尾下闸,02-25 09:00,4,16.3,7.96,4.29,364.7,16.3,1.15,0.034,0.038,1.41,--,--
云南省,滇池流域,茨巷河入湖口(牛恋乡),02-25 09:00,4,14.0,7.70,4.53,323.7,5.4,3.58,0.026,0.024,1.24,--,--
云南省,滇池流域,东大河滇池入湖口,02-25 09:00,4,14.0,7.96,4.53,650.7,8.9,6.16,0.028,0.041,1.46,--,--
云南省,滇池流域,草海中心,02-25 09:00,3,15.4,8.35,6.78,457.9,10.6,4.30,0.040,0.036,3.48,0.014,13689000
云南省,滇池流域,灰湾中,02-25 09:00,3,13.8,8.58,9.23,496.0,83.2,4.49,0.122,0.031,2.47,--,14255330
云南省,滇池流域,观音山东,02-25 07:00,6,15.1,9.03,8.30,519.2,9.0,5.93,0.184,0.040,1.43,0.020,177896700
云南省,滇池流域,观音山中,02-25 09:00,2,14.8,8.63,7.19,510.1,70.0,--,0.184,--,1.67,0.008,68868500
云南省,滇池流域,观音山西,02-25 09:00,3,14.6,8.87,8.22,512.5,19.1,5.81,0.269,0.039,1.87,0.004,14912400
云南省,滇池流域,海口西,02-25 09:00,6,14.3,9.24,6.77,557.2,28.4,--,--,--,--,0.029,7600910
云南省,滇池流域,滇池南,02-25 09:00,3,13.6,8.71,9.56,514.9,30.8,5.44,0.170,0.037,1.77,0.048,6035490
云南省,滇池流域,白鱼口,02-25 09:00,2,14.1,8.75,6.77,442.0,30.1,--,--,--,--,0.010,26588110
云南省,滇池流域,晋城小寨,02-25 09:00,4,14.0,7.58,4.46,593.4,5.6,3.27,0.026,0.034,5.05,--,--
云南省,长江流域,牛栏江河口(象鼻山吊桥),02-25 09:00,2,14.5,7.98,6.37,404.5,5.6,2.51,--,0.024,2.69,--,--
云南省,珠江流域,狗街,02-25 09:00,2,16.2,8.24,7.71,479.4,38.8,1.59,0.054,0.098,4.69,--,--
云南省,珠江流域,花山水库出水口,02-25 09:00,1,12.9,8.30,9.21,346.9,2.1,1.28,0.012,0.006,2.84,--,--
云南省,长江流域,以礼河水文站,02-25 09:00,2,12.2,7.86,8.00,266.7,4.5,1.19,0.116,0.054,1.52,--,--
云南省,珠江流域,厂房大桥,02-25 09:00,2,15.3,8.24,8.75,377.3,19.9,1.31,0.067,0.067,2.56,--,--
云南省,长江流域,牛栏江大桥,02-25 09:00,2,14.3,8.41,7.78,393.5,5.7,0.89,--,0.027,2.28,--,--
云南省,珠江流域,盘溪大桥,02-25 08:00,2,17.6,8.21,8.63,493.2,14.4,1.51,0.005,0.083,4.67,--,--
云南省,珠江流域,九甸大桥,02-25 08:00,2,18.5,8.30,7.49,621.5,9.3,3.30,0.003,0.070,3.49,--,--
云南省,西南诸河,坝洪村,02-25 08:00,2,22.8,7.97,7.38,384.7,17.3,--,0.009,0.012,0.66,--,--
云南省,珠江流域,抚仙湖心,02-25 09:00,2,14.6,8.36,8.36,325.6,0.03,--,--,0.014,0.13,0.004,3943802
云南省,西南诸河,绿汁江大桥,02-25 08:00,2,16.2,8.27,7.59,597.5,6.5,1.23,0.015,0.036,1.71,--,--
云南省,珠江流域,杞麓湖心,02-25 09:00,6,16.4,9.30,7.89,722.4,24.9,8.93,--,--,1.84,0.028,14181050
云南省,珠江流域,星云湖心,02-25 09:00,6,16.0,9.18,8.39,669.9,115.3,6.38,--,0.021,0.95,--,69268460
云南省,西南诸河,红旗桥,02-25 09:00,1,15.2,8.22,9.16,377.6,3.3,0.60,--,0.005,0.57,--,--
云南省,西南诸河,湾甸,02-25 08:00,1,17.5,8.08,9.06,415.2,43.9,0.56,0.008,0.020,2.03,--,--
云南省,西南诸河,永保桥,02-25 08:00,1,13.2,8.27,9.26,507.7,77.6,0.54,0.001,0.007,0.34,--,--
云南省,西南诸河,龙江桥,02-25 08:00,1,14.6,7.87,7.92,145.5,7.3,1.30,0.010,0.016,0.85,--,--
云南省,长江流域,云贵桥,02-25 09:00,1,14.7,8.51,8.38,378.5,8.4,--,0.008,0.005,2.65,--,--
云南省,长江流域,头屯河,02-25 09:00,2,13.6,8.06,7.00,402.1,7.3,0.82,0.059,0.038,4.45,--,--
云南省,长江流域,邓家河,02-25 09:00,2,15.3,7.99,7.84,406.8,6.7,0.64,0.038,0.033,2.57,--,--
云南省,长江流域,横江桥,02-25 09:00,2,15.5,8.16,9.82,284.5,9.4,0.82,--,0.023,2.13,--,--
云南省,长江流域,程海湖中,02-25 08:00,6,15.5,9.33,7.63,1383.6,9.2,4.67,0.023,0.032,1.01,0.007,9334
云南省,长江流域,新华,02-25 08:00,1,9.1,8.41,9.02,847.1,12.6,0.74,0.007,0.005,0.54,--,--
云南省,长江流域,金江桥,02-25 08:00,1,14.5,8.22,9.27,728.4,6.7,1.04,0.004,0.004,0.54,--,--
云南省,长江流域,龙兴村,02-25 08:00,3,11.9,7.60,7.46,471.0,17.0,2.03,0.148,0.164,5.61,--,--
云南省,西南诸河,土卡河水文站(土卡河),02-25 09:00,1,21.0,8.12,8.75,242.8,1.6,0.78,0.004,0.003,--,--,--
云南省,西南诸河,思茅港,02-25 08:00,2,20.0,7.73,6.14,316.3,5.6,0.87,0.006,0.013,0.67,--,--
云南省,西南诸河,芒东桥,02-25 08:00,4,18.0,7.48,4.95,256.7,6.4,--,--,0.259,2.50,--,--
云南省,西南诸河,孟拉桥,02-25 08:00,1,18.6,7.66,7.64,150.9,26.4,1.20,0.002,0.013,0.24,--,--
云南省,西南诸河,莲花乡,02-25 08:00,3,19.8,7.72,7.52,425.8,6.4,3.09,0.052,0.154,4.88,--,--
云南省,西南诸河,嘎旧,02-25 08:00,2,17.1,7.79,7.01,360.8,11.3,1.09,0.008,0.020,0.81,--,--
云南省,西南诸河,景临桥,02-25 08:00,1,19.8,8.20,8.70,268.6,10.7,1.28,0.009,0.015,0.78,--,--
云南省,西南诸河,孟定大桥,02-25 08:00,2,19.0,7.76,8.65,290.3,27.9,0.32,0.008,0.022,1.18,--,--
云南省,西南诸河,黑箐,02-25 08:00,-1,--,--,--,--,--,--,--,--,--,--,--
云南省,西南诸河,小黑江检查站,02-25 08:00,1,17.9,7.98,8.14,234.1,10.7,0.91,0.018,0.020,0.81,--,--
云南省,西南诸河,水文站,02-25 08:00,3,14.7,7.78,5.69,459.7,4.6,2.97,0.339,0.058,3.96,--,--
云南省,长江流域,西观桥,02-25 08:00,4,15.8,7.46,3.67,611.8,96.8,2.95,0.176,0.030,6.54,--,--
云南省,西南诸河,那发出境,02-25 09:00,2,21.2,7.26,7.08,155.8,4.7,0.76,0.060,0.041,0.44,--,--
云南省,西南诸河,中越桥,02-25 09:00,2,23.0,7.93,6.66,272.8,14.5,0.89,0.037,0.054,1.91,--,--
云南省,西南诸河,蚂蟥堡桥,02-25 09:00,2,22.8,8.16,7.53,267.5,22.9,0.75,0.046,0.040,1.91,--,--
云南省,西南诸河,龙脖渡口,02-25 09:00,2,21.8,8.18,9.06,342.7,6.1,--,0.006,0.037,1.32,--,--
云南省,西南诸河,河口县医院(河口),02-25 09:00,2,23.0,7.54,8.07,283.8,14.7,0.68,0.005,0.050,1.48,--,--
云南省,西南诸河,小河底河,02-25 09:00,2,22.7,7.97,8.44,516.1,43.8,--,--,0.024,1.02,--,--
云南省,珠江流域,异龙湖中,02-25 09:00,4,18.8,8.01,5.97,505.6,10.2,7.57,0.050,0.015,0.92,0.009,34334
云南省,珠江流域,长虹桥,02-25 09:00,2,19.5,8.38,7.19,532.7,20.5,2.77,0.014,0.100,4.31,--,--
云南省,珠江流域,江边桥,02-25 09:00,2,20.7,7.73,7.19,537.4,34.6,1.70,--,0.074,3.46,--,--
云南省,西南诸河,天保农场,02-25 09:00,2,18.6,7.98,9.36,357.8,2.2,0.24,0.003,0.025,2.90,--,--
云南省,西南诸河,南利大桥,02-25 09:00,2,20.6,8.24,6.04,323.3,2.4,0.96,--,0.011,1.22,--,--
云南省,珠江流域,谷拉河大桥,02-25 09:00,1,21.9,8.23,9.63,264.0,2.4,0.98,--,0.003,1.49,--,--
云南省,西南诸河,关累码头,02-25 08:00,1,--,--,--,--,--,0.66,0.007,0.012,--,--,--
云南省,西南诸河,勐仑大桥,02-25 08:00,2,22.2,8.22,7.17,279.0,14.2,0.73,0.010,0.006,0.11,--,--
云南省,西南诸河,风情园大桥,02-25 08:00,1,18.6,7.63,8.51,110.4,193.7,1.01,0.010,0.015,1.26,--,--
云南省,西南诸河,勐捧岔河,02-25 08:00,2,22.7,8.00,7.40,367.2,4.2,1.76,0.002,0.033,0.42,--,--
云南省,西南诸河,打洛江大桥,02-25 08:00,1,20.5,7.96,8.17,184.0,8.7,1.49,0.005,0.007,0.44,--,--
云南省,西南诸河,洱海湖心,02-25 09:00,2,12.5,8.45,7.43,287.7,5.3,3.25,0.040,0.019,0.47,0.004,13158300
云南省,西南诸河,交汇口,02-25 08:00,1,13.5,7.96,8.25,522.0,18.9,1.47,0.006,0.009,--,--,--
云南省,西南诸河,徐村桥,02-25 08:00,2,14.7,7.66,7.56,278.4,12.7,1.46,0.039,0.088,1.96,--,--
云南省,西南诸河,江尾,02-25 08:00,3,15.6,7.84,5.31,481.9,7.4,2.29,0.006,0.014,1.49,--,--
云南省,西南诸河,汇流电站,02-25 08:00,1,16.9,7.24,9.04,97.0,10.0,0.92,0.003,0.020,0.50,--,--
云南省,西南诸河,姐告大桥,02-25 08:00,2,18.2,7.76,7.95,189.1,7.6,1.32,0.018,0.021,1.04,--,--
云南省,西南诸河,迭撒大桥,02-25 08:00,2,17.3,6.97,7.20,182.4,19.7,1.93,0.130,0.050,1.85,--,--
云南省,西南诸河,风平,02-25 08:00,5,18.0,7.61,6.74,308.8,8.5,2.66,1.747,0.208,3.65,--,--
云南省,西南诸河,拉甲木底桥,02-25 08:00,1,12.0,8.35,9.59,397.8,4.4,0.60,0.002,0.004,0.28,--,--
云南省,西南诸河,丙舍桥,02-25 08:00,1,12.7,8.31,9.06,380.4,29.4,0.65,0.007,0.003,0.42,--,--
云南省,长江流域,贺龙桥,02-25 08:00,1,7.7,8.50,8.91,903.2,16.1,0.51,0.008,0.003,0.58,--,--
云南省,西南诸河,中路村,02-25 08:00,1,7.8,8.27,9.19,593.9,16.3,0.73,0.004,0.003,0.43,--,--
西藏自治区,西南诸河,才纳(帮布布),02-25 09:00,2,5.5,7.72,7.04,263.2,3.0,0.71,0.014,0.012,--,--,--
陕西省,黄河流域,灞河口,02-25 09:00,3,9.6,8.39,15.54,540.0,5.8,4.74,--,0.031,4.49,--,--
陕西省,黄河流域,三郎村,02-25 09:00,2,11.3,7.76,10.34,741.8,12.6,3.81,0.274,0.074,--,--,--
陕西省,黄河流域,沙王渡,02-25 07:00,4,9.6,7.67,7.18,1272.3,51.3,6.57,1.500,0.226,8.83,--,--
陕西省,黄河流域,下桃水电站,02-25 09:00,1,6.7,8.71,12.25,1733.4,16.1,--,0.125,0.020,5.17,--,--
陕西省,长江流域,黄牛铺,02-25 09:00,1,6.8,8.00,9.58,181.8,1.3,1.31,0.008,0.008,--,--,--
陕西省,黄河流域,魏家堡,02-25 09:00,4,10.2,8.11,9.90,868.6,8.3,4.26,1.087,0.095,8.91,--,--
陕西省,黄河流域,千河公路桥,02-25 09:00,2,10.0,8.40,9.35,492.6,6.7,1.24,0.045,0.026,4.78,--,--
陕西省,黄河流域,卧龙寺桥,02-25 09:00,2,8.9,8.37,10.11,1001.8,9.7,2.72,0.023,0.020,6.49,--,--
陕西省,长江流域,灶火庵,02-25 09:00,1,8.9,8.15,9.85,405.2,3.7,0.66,0.021,0.012,1.74,--,--
陕西省,黄河流域,咸阳铁桥,02-25 09:00,3,11.0,8.17,9.03,828.5,14.7,4.58,0.151,0.064,9.51,--,--
陕西省,黄河流域,兴平,02-25 09:00,2,10.4,8.05,9.36,903.2,12.8,3.42,0.043,0.059,10.79,--,--
陕西省,黄河流域,泾河桥,02-25 09:00,1,8.0,8.30,11.53,1840.5,10.9,1.51,0.108,0.020,5.52,--,--
陕西省,黄河流域,黑河张家桥,02-25 09:00,2,7.3,8.41,10.03,729.0,122.8,1.27,0.163,0.040,4.07,--,--
陕西省,黄河流域,潼关吊桥,02-25 07:00,-1,--,--,--,--,--,--,--,--,--,--,--
陕西省,黄河流域,王谦村,02-25 09:00,3,7.7,8.39,10.57,2225.5,738.2,5.83,0.309,0.180,6.43,--,--
陕西省,黄河流域,张家庄,02-25 07:00,4,9.4,7.89,6.49,715.7,52.2,5.75,1.030,0.150,7.77,--,--
陕西省,黄河流域,杨家畔村,02-25 09:00,3,4.9,8.61,9.70,1482.1,5.7,3.37,0.550,0.030,8.69,--,--
陕西省,黄河流域,昝家山,02-25 09:00,2,6.2,8.52,11.42,700.9,2.9,1.65,0.021,0.024,5.13,--,--
陕西省,黄河流域,寺滩（阎家滩）,02-25 09:00,2,5.8,8.67,10.09,1196.4,28.0,2.09,0.151,0.030,6.73,--,--
陕西省,黄河流域,朱家沟,02-25 09:00,5,5.6,8.30,10.49,1037.7,32.3,2.77,1.973,0.052,7.69,--,--
陕西省,长江流域,烈金坝,02-25 09:00,1,9.5,7.98,9.17,350.0,9.1,0.77,--,0.012,1.13,--,--
陕西省,长江流域,南柳渡,02-25 09:00,2,13.2,7.70,6.97,365.1,15.7,3.04,0.129,0.078,2.94,--,--
陕西省,长江流域,白水江,02-25 09:00,1,10.7,8.27,9.49,378.4,14.5,0.86,0.002,0.015,1.56,--,--
陕西省,黄河流域,柏树坪,02-25 09:00,1,2.5,8.50,12.64,1146.6,32.2,1.45,0.027,0.019,4.24,--,--
陕西省,黄河流域,温家川(神木窟野河),02-25 09:00,4,3.7,8.66,10.16,1475.8,21.7,2.97,1.406,0.132,5.16,--,--
陕西省,黄河流域,碛塄,02-25 09:00,1,2.9,8.14,10.80,1104.3,17.1,0.72,0.038,0.017,3.81,--,--
陕西省,黄河流域,高家川,02-25 09:00,2,3.1,8.57,11.56,870.8,101.1,1.59,0.063,0.057,2.51,--,--
陕西省,黄河流域,鱼河,02-25 09:00,3,5.8,8.45,9.60,803.6,38.3,2.19,0.219,0.100,3.64,--,--
陕西省,长江流域,白河城关,02-25 09:00,1,11.1,8.27,10.31,294.2,2.7,1.47,0.018,0.012,1.27,0.003,--
陕西省,长江流域,小钢桥,02-25 09:00,1,10.0,8.11,11.20,333.4,8.6,1.80,0.016,0.015,2.16,--,--
陕西省,长江流域,老君关,02-25 09:00,2,11.1,8.09,10.54,302.4,7.0,1.87,0.018,0.021,1.46,--,--
陕西省,长江流域,瀛湖坝前,02-25 09:00,2,12.2,8.64,13.58,209.5,11.8,2.05,--,0.025,1.14,0.054,4145495
陕西省,长江流域,构峪口,02-25 09:00,1,6.5,8.37,12.63,376.0,19.0,0.90,0.002,0.008,1.63,--,--
陕西省,长江流域,丹凤下,02-25 09:00,2,10.6,8.13,9.27,480.2,11.6,2.34,0.221,0.087,5.66,--,--
陕西省,黄河流域,灵口,02-25 09:00,1,9.2,8.20,11.20,420.6,4.1,1.16,0.021,0.014,1.49,--,--
甘肃省,黄河流域,扶和桥,02-25 08:00,1,6.2,8.03,11.19,581.1,3.5,1.10,0.044,0.008,1.57,--,--
甘肃省,黄河流域,新城桥,02-25 09:00,1,5.2,8.27,8.94,666.9,4.4,0.92,0.046,0.012,2.09,--,--
甘肃省,西北诸河,冰沟,02-25 08:00,1,2.8,8.46,10.15,585.6,13.0,0.14,0.012,0.002,1.22,--,--
甘肃省,西北诸河,火车站,02-25 08:00,-1,--,--,--,--,--,--,--,--,--,--,--
甘肃省,西北诸河,迎山坡,02-25 08:00,1,4.6,8.11,10.08,768.5,2.9,0.56,0.030,0.006,2.10,--,--
甘肃省,黄河流域,青城桥,02-25 08:00,1,5.2,8.43,9.81,764.6,1.6,0.37,0.019,0.004,2.69,--,--
甘肃省,黄河流域,五佛寺,02-25 09:00,1,5.4,8.72,11.68,876.4,3.4,--,--,0.019,2.82,--,--
甘肃省,黄河流域,靖远桥,02-25 08:00,1,5.1,8.27,9.26,773.1,2.3,1.30,0.006,0.004,3.10,--,--
甘肃省,黄河流域,桦林,02-25 09:00,3,6.3,8.24,10.66,1122.0,27.4,4.46,0.128,0.058,6.88,--,--
甘肃省,黄河流域,葡萄园(牛背),02-25 09:00,2,8.4,8.45,10.28,1132.8,15.3,1.95,0.030,0.029,7.38,--,--
甘肃省,西北诸河,红崖山水库,02-25 08:00,1,3.7,8.41,10.36,680.1,6.9,1.72,0.007,0.008,2.40,0.003,217013
甘肃省,黄河流域,先明峡桥,02-25 08:00,1,1.3,8.43,10.63,468.3,12.0,0.29,0.002,0.001,1.53,--,--
甘肃省,西北诸河,莺落峡,02-25 08:00,1,1.6,8.33,10.84,749.3,4.1,--,--,--,--,--,--
甘肃省,西北诸河,皇城水库,02-25 08:00,1,4.0,8.04,9.92,694.8,5.5,0.27,--,0.002,1.48,--,--
甘肃省,西北诸河,六坝桥,02-25 08:00,1,5.4,8.40,10.97,728.8,9.4,0.72,0.033,0.019,3.17,--,--
甘肃省,黄河流域,长庆桥,02-25 09:00,2,6.7,8.41,9.57,942.8,10.8,2.40,0.012,0.051,5.30,--,--
甘肃省,长江流域,固水子村,02-25 09:00,2,10.3,8.30,9.64,463.9,49.1,0.66,0.152,0.058,1.30,--,--
甘肃省,长江流域,两水桥,02-25 09:00,1,9.3,8.45,9.56,423.9,39.6,--,--,--,1.24,--,--
甘肃省,黄河流域,折桥,02-25 08:00,2,2.8,8.33,9.89,486.2,19.7,2.24,0.070,0.029,3.36,--,--
甘肃省,黄河流域,地沟桥,02-25 08:00,2,2.0,8.53,9.19,485.6,46.5,2.69,0.048,0.026,3.39,--,--
青海省,黄河流域,小峡桥,02-25 08:00,2,4.6,8.15,8.46,965.4,31.3,2.63,0.407,0.069,5.99,--,--
青海省,黄河流域,润泽桥,02-25 08:00,2,3.1,8.20,8.19,663.3,9.8,--,--,0.021,--,--,--
青海省,黄河流域,大河家,02-25 09:00,1,5.8,8.43,9.30,512.8,10.1,1.16,0.014,0.003,0.74,--,--
青海省,黄河流域,边墙村（民和桥）,02-25 08:00,2,5.8,8.44,8.94,1007.6,24.0,1.89,0.118,0.025,3.74,--,--
青海省,黄河流域,峡塘,02-25 08:00,1,1.4,8.43,9.06,527.1,755.5,--,0.003,0.003,1.18,--,--
青海省,黄河流域,金滩,02-25 08:00,1,3.6,8.35,7.55,571.4,3.1,1.53,0.005,0.005,1.93,--,--
青海省,西北诸河,布哈河入青海湖口,02-25 08:00,1,1.4,7.97,7.73,501.3,2.5,0.28,0.010,0.003,0.97,--,--
青海省,黄河流域,唐乃亥,02-25 08:00,1,1.8,8.51,9.58,495.3,27.6,0.77,0.004,0.006,0.98,--,--
青海省,黄河流域,龙羊峡库区出水口,02-25 09:00,1,6.2,8.43,9.96,469.0,2.7,1.18,0.007,0.007,0.72,0.002,265405
青海省,长江流域,直门达,02-25 09:00,1,1.0,8.62,10.18,2382.8,0.3,0.21,0.041,0.0004,0.91,--,--
青海省,西北诸河,总场水闸,02-25 08:00,1,3.1,8.48,9.65,957.0,38.8,0.09,0.003,0.005,0.58,--,--
青海省,西北诸河,纳赤台,02-25 08:00,1,1.9,8.33,9.05,764.0,6.4,0.11,0.006,0.010,0.70,--,--
青海省,西北诸河,德令哈市水厂旁,02-25 08:00,1,4.3,8.13,8.61,763.4,0.4,0.19,0.004,0.004,1.20,--,--
宁夏回族自治区,黄河流域,叶盛公路桥,02-25 09:00,1,5.8,8.39,9.41,940.2,1.2,1.42,0.008,0.010,3.39,--,--
宁夏回族自治区,黄河流域,银古公路桥,02-25 08:00,1,19.5,8.74,8.07,959.5,143.2,1.28,0.007,0.009,3.71,--,--
宁夏回族自治区,黄河流域,平罗黄河大桥,02-25 09:00,2,10.1,8.51,7.15,1203.5,62.1,1.91,0.208,0.026,3.26,--,--
宁夏回族自治区,黄河流域,沙湖,02-25 09:00,4,5.5,8.45,11.72,1972.6,9.3,6.03,0.130,0.017,0.97,0.003,794000
宁夏回族自治区,黄河流域,金沙湾,02-25 09:00,1,7.2,8.57,11.11,1078.2,3.4,1.47,0.002,0.013,3.02,--,--
宁夏回族自治区,黄河流域,弹筝峡,02-25 09:00,2,2.8,8.45,12.11,754.2,7.5,0.94,0.012,0.056,4.31,--,--
宁夏回族自治区,黄河流域,沟圈,02-25 09:00,1,1.0,8.55,10.71,1619.2,26.6,--,0.043,0.011,1.81,--,--
宁夏回族自治区,黄河流域,中卫下河沿(新墩),02-25 09:00,1,6.2,8.49,10.65,876.0,17.0,1.64,--,0.015,3.41,--,--
宁夏回族自治区,黄河流域,泉眼山,02-25 09:00,2,6.4,8.33,10.31,8956.1,99.5,3.70,0.237,0.044,24.64,--,--
新疆维吾尔自治区,西北诸河,青年渠,02-25 08:00,1,6.1,8.35,12.24,478.8,13.7,0.26,0.005,0.003,1.52,--,--
新疆维吾尔自治区,西北诸河,七纺桥,02-25 08:00,1,9.6,8.36,9.13,1931.1,1.1,0.91,0.032,0.019,10.68,--,--
新疆维吾尔自治区,西北诸河,哈尔莫墩,02-25 08:00,1,2.5,8.39,10.55,361.2,2.8,0.11,0.001,0.003,0.67,--,--
新疆维吾尔自治区,西北诸河,汇合口,02-25 08:00,1,21.0,8.42,7.53,1241.0,3.6,--,--,--,--,--,--
新疆维吾尔自治区,西北诸河,塔提让,02-25 08:00,1,4.5,8.43,11.38,1328.6,163.6,0.15,0.001,0.004,0.82,--,--
新疆维吾尔自治区,西北诸河,龙口,02-25 08:00,1,5.9,8.42,10.38,722.6,19.6,0.17,0.004,0.001,1.38,--,--
新疆维吾尔自治区,西北诸河,塔里木拦河闸,02-25 08:00,1,7.1,8.19,9.64,902.4,12.0,0.61,0.004,0.003,1.17,--,--
新疆维吾尔自治区,西北诸河,十二医院,02-25 08:00,1,9.8,7.86,9.43,1287.1,23.8,0.43,0.020,0.006,0.90,--,--
新疆维吾尔自治区,西北诸河,依干其渡口,02-25 08:00,1,7.7,8.47,9.93,580.3,1.1,0.14,0.005,0.002,0.65,--,--
新疆维吾尔自治区,西北诸河,喀河大桥,02-25 08:00,1,6.6,8.02,8.74,1182.2,0.3,1.05,0.010,0.003,0.69,--,--
新疆维吾尔自治区,西北诸河,科布大桥,02-25 08:00,1,3.2,8.41,11.63,405.7,38.3,1.25,0.009,0.013,1.46,--,--
新疆维吾尔自治区,西北诸河,龙口大桥,02-25 08:00,1,2.6,7.86,11.93,414.7,4.8,0.25,0.001,0.005,--,--,--
新疆维吾尔自治区,西北诸河,羊场大桥,02-25 08:00,2,5.9,8.11,10.24,897.6,100.2,2.88,0.086,0.049,2.36,--,--
新疆维吾尔自治区,西北诸河,喀什河大桥,02-25 08:00,1,3.5,7.88,13.03,371.9,9.9,0.20,0.004,0.006,1.23,--,--
新疆维吾尔自治区,西北诸河,霍城63团伊犁河大桥,02-25 09:00,1,4.6,8.07,12.13,563.0,10.2,1.34,0.015,0.014,2.02,--,--
新疆维吾尔自治区,西北诸河,英牙尔乡,02-25 08:00,1,5.1,8.26,12.78,535.6,109.5,0.61,0.008,0.010,1.78,--,--
新疆维吾尔自治区,西北诸河,雅马渡大桥,02-25 09:00,1,4.3,8.06,9.42,361.1,6.5,0.81,0.013,0.009,1.86,--,--
新疆维吾尔自治区,西北诸河,布尔津河大桥,02-25 08:00,1,3.0,7.25,11.46,70.7,29.8,0.67,0.005,0.004,0.51,--,--
新疆维吾尔自治区,西北诸河,乌伦古湖码头,02-25 08:00,3,2.9,8.75,10.86,4540.2,8.5,4.05,0.020,0.010,0.35,0.003,514284
新疆维吾尔自治区,西北诸河,北屯大桥,02-25 08:00,1,9.1,7.41,10.33,244.6,8.9,1.67,0.012,0.006,0.54,--,--
新疆维吾尔自治区,西北诸河,布尔津水文站,02-25 08:00,1,4.5,6.88,7.91,1000.4,13.9,0.99,0.022,0.008,4.67,--,--
新疆维吾尔自治区,西北诸河,额河南湾,02-25 09:00,6,1.0,4.16,10.56,--,83.9,1.63,0.006,--,--,--,--
