省份,流域,断面名称,监测时间,水质类别,水温<br/><span class='unit'>(℃)</span>,pH<br/><span class='unit'>(无量纲)</span>,溶解氧<br/><span class='unit'>(mg/L)</span>,电导率<br/><span class='unit'>(μS/cm)</span>,浊度<br/><span class='unit'>(NTU)</span>,高锰酸盐指数<br/><span class='unit'>(mg/L)</span>,氨氮<br/><span class='unit'>(mg/L)</span>,总磷<br/><span class='unit'>(mg/L)</span>,总氮<br/><span class='unit'>(mg/L)</span>,叶绿素α<br/><span class='unit'>(mg/L)</span>,藻密度<br/><span class='unit'>(cells/L)</span>
北京市,海河流域,鼓楼外大街,02-25 09:00,2,<span title='原始值：8.35'>8.4</span>,<span title='原始值：7.908'>7.91</span>,<span title='原始值：9.719'>9.72</span>,<span title='原始值：477.83'>477.8</span>,<span title='原始值：12.502'>12.5</span>,<span title='原始值：2.057'>2.06</span>,<span title='原始值：0.0073'>0.007</span>,<span title='原始值：0.0118'>0.012</span>,<span title='原始值：3.333'>3.33</span>,--,--
北京市,海河流域,广北滨河路（桥）,02-25 08:00,1,<span title='原始值：11.28'>11.3</span>,<span title='原始值：7.909'>7.91</span>,<span title='原始值：9.7'>9.70</span>,<span title='原始值：1134.79'>1134.8</span>,<span title='原始值：3.72'>3.7</span>,<span title='原始值：1.06'>1.06</span>,--,<span title='原始值：0.02'>0.020</span>,<span title='原始值：10.018'>10.02</span>,--,--
北京市,海河流域,沙窝,02-25 09:00,2,<span title='原始值：9.9'>9.9</span>,<span title='原始值：7.765'>7.76</span>,<span title='原始值：10.593'>10.59</span>,<span title='原始值：755.6'>755.6</span>,<span title='原始值：18.562'>18.6</span>,<span title='原始值：3.246'>3.25</span>,<span title='原始值：0.0372'>0.037</span>,<span title='原始值：0.0275'>0.028</span>,<span title='原始值：5.701'>5.70</span>,--,--
北京市,海河流域,新八里桥,02-25 09:00,2,<span title='原始值：10.22'>10.2</span>,<span title='原始值：7.806'>7.81</span>,<span title='原始值：9.257'>9.26</span>,<span title='原始值：850.012'>850.0</span>,<span title='原始值：8.21'>8.2</span>,<span title='原始值：3.302'>3.30</span>,<span title='原始值：0.0759'>0.076</span>,<span title='原始值：0.039'>0.039</span>,<span title='原始值：9.806'>9.81</span>,--,--
北京市,海河流域,大红门闸上,02-25 09:00,2,<span title='原始值：13.32'>13.3</span>,<span title='原始值：7.627'>7.63</span>,<span title='原始值：8.461'>8.46</span>,<span title='原始值：1260.4'>1260.4</span>,<span title='原始值：4.012'>4.0</span>,<span title='原始值：2.935'>2.94</span>,<span title='原始值：0.0351'>0.035</span>,<span title='原始值：0.0334'>0.033</span>,<span title='原始值：9.632'>9.63</span>,--,--
北京市,海河流域,南大荒桥,02-25 09:00,2,<span title='原始值：4.85'>4.8</span>,<span title='原始值：8.45'>8.45</span>,<span title='原始值：12.17'>12.17</span>,<span title='原始值：982.7'>982.7</span>,<span title='原始值：6.72'>6.7</span>,<span title='原始值：3.52'>3.52</span>,--,<span title='原始值：0.028'>0.028</span>,<span title='原始值：5.144'>5.14</span>,--,--
北京市,海河流域,清河闸,02-25 09:00,2,<span title='原始值：12.66'>12.7</span>,<span title='原始值：7.528'>7.53</span>,<span title='原始值：6.596'>6.60</span>,<span title='原始值：793.39'>793.4</span>,<span title='原始值：10.691'>10.7</span>,<span title='原始值：2.37'>2.37</span>,<span title='原始值：0.1082'>0.108</span>,<span title='原始值：0.0645'>0.064</span>,<span title='原始值：8.098'>8.10</span>,--,--
北京市,海河流域,花园路,02-25 09:00,2,<span title='原始值：11.1'>11.1</span>,<span title='原始值：7.476'>7.48</span>,<span title='原始值：8.845'>8.84</span>,<span title='原始值：800.481'>800.5</span>,<span title='原始值：4.934'>4.9</span>,<span title='原始值：2.495'>2.50</span>,<span title='原始值：0.0412'>0.041</span>,<span title='原始值：0.038'>0.038</span>,<span title='原始值：8.808'>8.81</span>,--,--
北京市,海河流域,白石桥,02-25 09:00,2,<span title='原始值：8.57'>8.6</span>,<span title='原始值：7.947'>7.95</span>,<span title='原始值：12.638'>12.64</span>,<span title='原始值：463.95'>464.0</span>,<span title='原始值：9.035'>9.0</span>,<span title='原始值：2.42'>2.42</span>,--,<span title='原始值：0.0088'>0.009</span>,<span title='原始值：3.409'>3.41</span>,--,--
北京市,海河流域,八间房漫水桥,02-25 09:00,2,<span title='原始值：6.3'>6.3</span>,<span title='原始值：8.19'>8.19</span>,<span title='原始值：10.89'>10.89</span>,<span title='原始值：1050.62'>1050.6</span>,<span title='原始值：18.25'>18.2</span>,<span title='原始值：3.014'>3.01</span>,<span title='原始值：0.126'>0.126</span>,<span title='原始值：0.096'>0.096</span>,<span title='原始值：5.8074'>5.81</span>,--,--
北京市,海河流域,码头,02-25 09:00,2,<span title='原始值：8.37'>8.4</span>,<span title='原始值：7.762'>7.76</span>,<span title='原始值：12.343'>12.34</span>,<span title='原始值：1020.49'>1020.5</span>,<span title='原始值：24.469'>24.5</span>,<span title='原始值：1.876'>1.88</span>,<span title='原始值：0.0986'>0.099</span>,<span title='原始值：0.0303'>0.030</span>,<span title='原始值：11.917'>11.92</span>,--,--
北京市,海河流域,罗庄,02-25 09:00,2,<span title='原始值：7.24'>7.2</span>,<span title='原始值：8.054116'>8.05</span>,<span title='原始值：8.602044'>8.60</span>,<span title='原始值：1308.679'>1308.7</span>,<span title='原始值：7.821737'>7.8</span>,<span title='原始值：3.741'>3.74</span>,<span title='原始值：0.1171'>0.117</span>,<span title='原始值：0.06581'>0.066</span>,<span title='原始值：8.1241'>8.12</span>,--,--
北京市,海河流域,小屯桥,02-25 09:00,2,<span title='原始值：6.85'>6.8</span>,<span title='原始值：8.17519'>8.18</span>,<span title='原始值：9.383084'>9.38</span>,<span title='原始值：1279.735'>1279.7</span>,<span title='原始值：1.023745'>1.0</span>,<span title='原始值：3.921'>3.92</span>,<span title='原始值：0.0741'>0.074</span>,<span title='原始值：0.05911'>0.059</span>,<span title='原始值：7.2351'>7.24</span>,--,--
北京市,海河流域,东店,02-25 09:00,2,<span title='原始值：4.505284'>4.5</span>,<span title='原始值：8.009252'>8.01</span>,<span title='原始值：13.08698'>13.09</span>,<span title='原始值：753.4485'>753.4</span>,<span title='原始值：4.986028'>5.0</span>,<span title='原始值：1.910658'>1.91</span>,<span title='原始值：0.116389'>0.116</span>,<span title='原始值：0.029076'>0.029</span>,<span title='原始值：13.15225'>13.15</span>,--,--
北京市,海河流域,密云水库,02-25 09:00,2,<span title='原始值：2.005256'>2.0</span>,<span title='原始值：8.019806'>8.02</span>,<span title='原始值：14.30521'>14.31</span>,<span title='原始值：442.1651'>442.2</span>,<span title='原始值：0.267354'>0.3</span>,<span title='原始值：2.817354'>2.82</span>,<span title='原始值：0.023677'>0.024</span>,<span title='原始值：0.009748'>0.010</span>,<span title='原始值：3.965755'>3.97</span>,--,--
北京市,海河流域,大关桥,02-25 09:00,1,<span title='原始值：2.12'>2.1</span>,<span title='原始值：8.026'>8.03</span>,<span title='原始值：11.36'>11.36</span>,<span title='原始值：479.28'>479.3</span>,<span title='原始值：3.75'>3.8</span>,<span title='原始值：1.071'>1.07</span>,--,<span title='原始值：0.011'>0.011</span>,<span title='原始值：6.8631'>6.86</span>,--,--
北京市,海河流域,谷家营,02-25 09:00,2,<span title='原始值：6.81'>6.8</span>,<span title='原始值：7.654'>7.65</span>,<span title='原始值：12.07'>12.07</span>,<span title='原始值：660.721'>660.7</span>,<span title='原始值：6.364'>6.4</span>,<span title='原始值：1.561'>1.56</span>,--,<span title='原始值：0.022'>0.022</span>,<span title='原始值：7.562'>7.56</span>,--,--
北京市,海河流域,后城,02-25 09:00,1,<span title='原始值：3.78'>3.8</span>,<span title='原始值：8.383272'>8.38</span>,<span title='原始值：10.55513'>10.56</span>,<span title='原始值：650.541'>650.5</span>,<span title='原始值：12.31254'>12.3</span>,<span title='原始值：1.061'>1.06</span>,<span title='原始值：0.0181'>0.018</span>,<span title='原始值：0.0121'>0.012</span>,<span title='原始值：12.3261'>12.33</span>,--,--
天津市,海河流域,三岔口,02-25 08:00,2,<span title='原始值：6.64'>6.6</span>,<span title='原始值：8.15932'>8.16</span>,<span title='原始值：12.765'>12.76</span>,<span title='原始值：996.73'>996.7</span>,<span title='原始值：1.2673'>1.3</span>,<span title='原始值：3.4479'>3.45</span>,<span title='原始值：0.23692'>0.237</span>,<span title='原始值：0.03839'>0.038</span>,<span title='原始值：3.65274'>3.65</span>,--,--
天津市,海河流域,北洋桥,02-25 09:00,3,<span title='原始值：7.225769'>7.2</span>,<span title='原始值：8.386281'>8.39</span>,<span title='原始值：15.18702'>15.19</span>,<span title='原始值：1042.59'>1042.6</span>,<span title='原始值：1.902756'>1.9</span>,<span title='原始值：4.20462'>4.20</span>,<span title='原始值：0.10105'>0.101</span>,<span title='原始值：0.043331'>0.043</span>,<span title='原始值：3.42922'>3.43</span>,--,--
天津市,海河流域,大红桥,02-25 09:00,3,<span title='原始值：6.7'>6.7</span>,<span title='原始值：8.014436'>8.01</span>,<span title='原始值：14.29803'>14.30</span>,<span title='原始值：1137.284'>1137.3</span>,<span title='原始值：4.964247'>5.0</span>,<span title='原始值：4.261'>4.26</span>,<span title='原始值：0.1201'>0.120</span>,<span title='原始值：0.04331'>0.043</span>,<span title='原始值：3.5531'>3.55</span>,--,--
天津市,海河流域,曹庄子泵站,02-25 09:00,2,<span title='原始值：7.62'>7.6</span>,<span title='原始值：8.222'>8.22</span>,<span title='原始值：11.435'>11.44</span>,<span title='原始值：280.42'>280.4</span>,<span title='原始值：1.96'>2.0</span>,<span title='原始值：2.417'>2.42</span>,--,<span title='原始值：0.007'>0.007</span>,<span title='原始值：1.129'>1.13</span>,--,--
天津市,海河流域,生产圈闸,02-25 09:00,3,<span title='原始值：6.551476'>6.6</span>,<span title='原始值：8.13126'>8.13</span>,<span title='原始值：24.37801'>24.38</span>,<span title='原始值：1692.634'>1692.6</span>,<span title='原始值：0.163676'>0.2</span>,<span title='原始值：5.137657'>5.14</span>,<span title='原始值：0.104907'>0.105</span>,<span title='原始值：0.037591'>0.038</span>,<span title='原始值：4.171241'>4.17</span>,--,--
天津市,海河流域,土门楼,02-25 09:00,3,<span title='原始值：5.46'>5.5</span>,<span title='原始值：8.3'>8.30</span>,<span title='原始值：13.29'>13.29</span>,<span title='原始值：1103.03'>1103.0</span>,<span title='原始值：5.98'>6.0</span>,<span title='原始值：4.566'>4.57</span>,<span title='原始值：0.024'>0.024</span>,<span title='原始值：0.032'>0.032</span>,<span title='原始值：7.401'>7.40</span>,--,--
天津市,海河流域,尔王庄泵站,02-25 09:00,2,<span title='原始值：6.44'>6.4</span>,<span title='原始值：8.171017'>8.17</span>,<span title='原始值：11.14493'>11.14</span>,<span title='原始值：595.523'>595.5</span>,<span title='原始值：1.179632'>1.2</span>,<span title='原始值：2.821'>2.82</span>,<span title='原始值：0.0071'>0.007</span>,<span title='原始值：0.0111'>0.011</span>,<span title='原始值：2.8931'>2.89</span>,--,--
天津市,海河流域,塘汉公路桥,02-25 09:00,3,<span title='原始值：28.46'>28.5</span>,<span title='原始值：6.8069'>6.81</span>,<span title='原始值：6.263487'>6.26</span>,--,--,<span title='原始值：4.571'>4.57</span>,<span title='原始值：0.8121'>0.812</span>,<span title='原始值：0.1681'>0.168</span>,<span title='原始值：4.9471'>4.95</span>,--,--
天津市,海河流域,海河大闸,02-25 09:00,3,<span title='原始值：7.84'>7.8</span>,<span title='原始值：8.875'>8.88</span>,<span title='原始值：16.3127'>16.31</span>,<span title='原始值：6477.997'>6478.0</span>,<span title='原始值：6.0643'>6.1</span>,<span title='原始值：5.849'>5.85</span>,<span title='原始值：0.1948'>0.195</span>,<span title='原始值：0.0737'>0.074</span>,<span title='原始值：4.6907'>4.69</span>,--,--
天津市,海河流域,北排水河防潮闸,02-25 09:00,2,<span title='原始值：11.73'>11.7</span>,<span title='原始值：8.0295'>8.03</span>,<span title='原始值：9.73'>9.73</span>,<span title='原始值：3081.3'>3081.3</span>,<span title='原始值：8.2908'>8.3</span>,<span title='原始值：3.6066'>3.61</span>,<span title='原始值：0.1013'>0.101</span>,<span title='原始值：0.0412'>0.041</span>,<span title='原始值：0.9816'>0.98</span>,--,--
天津市,海河流域,沧浪渠出境,02-25 08:00,-1,--,--,--,--,--,--,--,--,<span data-toggle='tooltip' data-placement='right' title='当天质控不合格'>--</span>,--,--
天津市,海河流域,万家码头,02-25 08:00,3,<span title='原始值：6.78'>6.8</span>,<span title='原始值：8.38'>8.38</span>,<span title='原始值：10.92'>10.92</span>,<span title='原始值：2541.29'>2541.3</span>,<span title='原始值：10.79'>10.8</span>,<span title='原始值：5.76'>5.76</span>,<span title='原始值：0.05'>0.050</span>,<span title='原始值：0.057'>0.057</span>,<span title='原始值：2.371'>2.37</span>,--,--
天津市,海河流域,蓟运河防潮闸,02-25 09:00,4,<span title='原始值：5.943782'>5.9</span>,<span title='原始值：8.517403'>8.52</span>,<span title='原始值：15.39504'>15.40</span>,<span title='原始值：1890.189'>1890.2</span>,<span title='原始值：3.430189'>3.4</span>,<span title='原始值：6.551497'>6.55</span>,<span title='原始值：0.156924'>0.157</span>,<span title='原始值：0.095121'>0.095</span>,<span title='原始值：3.467998'>3.47</span>,--,--
天津市,海河流域,青静黄防潮闸,02-25 09:00,5,<span title='原始值：6.209088'>6.2</span>,<span title='原始值：8.676426'>8.68</span>,<span title='原始值：16.13191'>16.13</span>,<span title='原始值：7518.063'>7518.1</span>,<span title='原始值：9.429812'>9.4</span>,<span title='原始值：11.85582'>11.86</span>,--,<span title='原始值：0.165162'>0.165</span>,<span title='原始值：2.647045'>2.65</span>,--,--
天津市,海河流域,阎辛庄,02-25 09:00,4,<span title='原始值：6.938995'>6.9</span>,<span title='原始值：8.581373'>8.58</span>,<span title='原始值：15.5745'>15.57</span>,<span title='原始值：1406.951'>1407.0</span>,<span title='原始值：16.33215'>16.3</span>,<span title='原始值：6.074867'>6.07</span>,<span title='原始值：0.078817'>0.079</span>,<span title='原始值：0.04853'>0.049</span>,<span title='原始值：4.807414'>4.81</span>,--,--
天津市,海河流域,于桥水库出口,02-25 08:00,1,<span title='原始值：6.39'>6.4</span>,<span title='原始值：8.078307'>8.08</span>,<span title='原始值：8.461701'>8.46</span>,<span title='原始值：485.983'>486.0</span>,<span title='原始值：4.211041'>4.2</span>,<span title='原始值：1.391'>1.39</span>,<span title='原始值：0.0111'>0.011</span>,--,<span title='原始值：2.9751'>2.98</span>,--,--
天津市,海河流域,沙河桥,02-25 08:00,2,<span title='原始值：6.23'>6.2</span>,<span title='原始值：7.961'>7.96</span>,<span title='原始值：13.259'>13.26</span>,<span title='原始值：835.27'>835.3</span>,<span title='原始值：5.018'>5.0</span>,<span title='原始值：1.16'>1.16</span>,--,<span title='原始值：0.023'>0.023</span>,<span title='原始值：14.021'>14.02</span>,--,--
天津市,海河流域,果河桥,02-25 08:00,2,<span title='原始值：6.24'>6.2</span>,<span title='原始值：8.17'>8.17</span>,<span title='原始值：14.6'>14.60</span>,<span title='原始值：680.21'>680.2</span>,<span title='原始值：3.44'>3.4</span>,<span title='原始值：1.446'>1.45</span>,<span title='原始值：0.0163'>0.016</span>,<span title='原始值：0.032'>0.032</span>,<span title='原始值：12.772'>12.77</span>,--,--
天津市,海河流域,西屯桥,02-25 08:00,2,<span title='原始值：5.86'>5.9</span>,<span title='原始值：7.89'>7.89</span>,<span title='原始值：16.7809'>16.78</span>,<span title='原始值：683.95'>684.0</span>,<span title='原始值：5.1574'>5.2</span>,<span title='原始值：3.56'>3.56</span>,--,<span title='原始值：0.048'>0.048</span>,<span title='原始值：1.974'>1.97</span>,--,--
河北省,海河流域,地都,02-25 09:00,2,<span title='原始值：14.57'>14.6</span>,<span title='原始值：7.715'>7.72</span>,<span title='原始值：6.765'>6.76</span>,<span title='原始值：1285.72'>1285.7</span>,<span title='原始值：16.553'>16.6</span>,<span title='原始值：0.99'>0.99</span>,<span title='原始值：0.0579'>0.058</span>,<span title='原始值：0.0551'>0.055</span>,<span title='原始值：5.413'>5.41</span>,--,--
河北省,海河流域,平山桥,02-25 09:00,1,<span title='原始值：10.99'>11.0</span>,<span title='原始值：8.17'>8.17</span>,<span title='原始值：9.192'>9.19</span>,<span title='原始值：1032.24'>1032.2</span>,<span title='原始值：13.198'>13.2</span>,<span title='原始值：0.63'>0.63</span>,<span title='原始值：0.017'>0.017</span>,<span title='原始值：0.011'>0.011</span>,<span title='原始值：6.665'>6.66</span>,--,--
河北省,海河流域,兆通,02-25 09:00,2,<span title='原始值：9.79'>9.8</span>,<span title='原始值：8.644'>8.64</span>,<span title='原始值：10.822'>10.82</span>,<span title='原始值：254.41'>254.4</span>,<span title='原始值：3.41'>3.4</span>,<span title='原始值：2.0374'>2.04</span>,--,<span title='原始值：0.0103'>0.010</span>,<span title='原始值：1.0403'>1.04</span>,--,--
河北省,海河流域,大石桥,02-25 09:00,4,<span title='原始值：9.378927'>9.4</span>,<span title='原始值：7.962183'>7.96</span>,<span title='原始值：10.91925'>10.92</span>,<span title='原始值：1567.799'>1567.8</span>,<span title='原始值：5.590285'>5.6</span>,<span title='原始值：7.084283'>7.08</span>,<span title='原始值：0.024134'>0.024</span>,<span title='原始值：0.120073'>0.120</span>,<span title='原始值：11.65619'>11.66</span>,--,--
河北省,海河流域,涧河口,02-25 09:00,6,<span title='原始值：5.361382'>5.4</span>,<span title='原始值：9.699827'>9.70</span>,<span title='原始值：16.89072'>16.89</span>,<span title='原始值：8593.438'>8593.4</span>,<span title='原始值：21.498'>21.5</span>,<span title='原始值：14.74163'>14.74</span>,<span title='原始值：0.107779'>0.108</span>,<span title='原始值：0.227987'>0.228</span>,<span title='原始值：2.180698'>2.18</span>,--,--
河北省,海河流域,丰北闸,02-25 09:00,3,<span title='原始值：7.180141'>7.2</span>,<span title='原始值：8.458216'>8.46</span>,<span title='原始值：14.9488'>14.95</span>,<span title='原始值：1310.55'>1310.6</span>,<span title='原始值：1.92635'>1.9</span>,<span title='原始值：5.521588'>5.52</span>,--,<span title='原始值：0.066677'>0.067</span>,<span title='原始值：4.460234'>4.46</span>,--,--
河北省,海河流域,滦县大桥,02-25 09:00,2,<span title='原始值：6.12'>6.1</span>,<span title='原始值：8.039119'>8.04</span>,<span title='原始值：10.53072'>10.53</span>,<span title='原始值：683.858'>683.9</span>,<span title='原始值：3.740688'>3.7</span>,<span title='原始值：2.611'>2.61</span>,<span title='原始值：0.1311'>0.131</span>,<span title='原始值：0.0461'>0.046</span>,<span title='原始值：6.8381'>6.84</span>,--,--
河北省,海河流域,新开河口,02-25 09:00,2,<span title='原始值：6.413449'>6.4</span>,<span title='原始值：6.789347'>6.79</span>,<span title='原始值：6.576641'>6.58</span>,<span title='原始值：49494.08'>49494.1</span>,<span title='原始值：2.551388'>2.6</span>,<span title='原始值：2.27348'>2.27</span>,<span title='原始值：0.018043'>0.018</span>,<span title='原始值：0.017575'>0.018</span>,<span title='原始值：1.093758'>1.09</span>,--,--
河北省,海河流域,曲周,02-25 08:00,2,<span title='原始值：9.78'>9.8</span>,<span title='原始值：8.282'>8.28</span>,<span title='原始值：10.227'>10.23</span>,<span title='原始值：852.468'>852.5</span>,<span title='原始值：8.372'>8.4</span>,<span title='原始值：1.927'>1.93</span>,--,<span title='原始值：0.082'>0.082</span>,<span title='原始值：4.819'>4.82</span>,--,--
河北省,海河流域,沙阳,02-25 09:00,4,<span title='原始值：10.94'>10.9</span>,<span title='原始值：8.38'>8.38</span>,<span title='原始值：9.09'>9.09</span>,<span title='原始值：1329.53'>1329.5</span>,<span title='原始值：6.61'>6.6</span>,<span title='原始值：4.26'>4.26</span>,<span title='原始值：1.257'>1.257</span>,<span title='原始值：0.037'>0.037</span>,<span title='原始值：8.5132'>8.51</span>,--,--
河北省,海河流域,艾辛庄,02-25 09:00,4,<span title='原始值：10.9091'>10.9</span>,<span title='原始值：8.214443'>8.21</span>,<span title='原始值：11.587'>11.59</span>,<span title='原始值：1231.716'>1231.7</span>,<span title='原始值：20.05192'>20.1</span>,<span title='原始值：8.978056'>8.98</span>,<span title='原始值：0.16469'>0.165</span>,<span title='原始值：0.095933'>0.096</span>,<span title='原始值：8.813548'>8.81</span>,--,--
河北省,海河流域,后西吴桥,02-25 08:00,2,<span title='原始值：10.76'>10.8</span>,<span title='原始值：8.348'>8.35</span>,<span title='原始值：9.508'>9.51</span>,<span title='原始值：1115.58'>1115.6</span>,<span title='原始值：16.46'>16.5</span>,<span title='原始值：3.971'>3.97</span>,<span title='原始值：0.1239'>0.124</span>,<span title='原始值：0.084'>0.084</span>,<span title='原始值：11.0154'>11.02</span>,--,--
河北省,海河流域,北河店,02-25 08:00,1,<span title='原始值：7.44'>7.4</span>,<span title='原始值：8.3207'>8.32</span>,<span title='原始值：10.718'>10.72</span>,<span title='原始值：562.2097'>562.2</span>,<span title='原始值：6.8567'>6.9</span>,<span title='原始值：1.158'>1.16</span>,--,<span title='原始值：0.0146'>0.015</span>,<span title='原始值：7.257'>7.26</span>,--,--
河北省,海河流域,白合,02-25 09:00,1,<span title='原始值：6.86'>6.9</span>,<span title='原始值：8.093'>8.09</span>,<span title='原始值：10.427'>10.43</span>,<span title='原始值：471.06'>471.1</span>,<span title='原始值：7.04'>7.0</span>,<span title='原始值：0.86'>0.86</span>,<span title='原始值：0.02'>0.020</span>,<span title='原始值：0.015'>0.015</span>,<span title='原始值：6.807'>6.81</span>,--,--
河北省,海河流域,杜里村,02-25 09:00,1,<span title='原始值：2.99'>3.0</span>,<span title='原始值：8.2807'>8.28</span>,<span title='原始值：12.53'>12.53</span>,<span title='原始值：465.21'>465.2</span>,<span title='原始值：3.58'>3.6</span>,<span data-toggle='tooltip' data-placement='right' title='当天质控不合格'>--</span>,--,<span data-toggle='tooltip' data-placement='right' title='当天质控不合格'>--</span>,<span title='原始值：4.6736'>4.67</span>,--,--
河北省,海河流域,八号桥,02-25 09:00,3,<span title='原始值：0.8'>0.8</span>,<span title='原始值：8.5031'>8.50</span>,<span title='原始值：9.6925'>9.69</span>,<span title='原始值：1111.996'>1112.0</span>,<span title='原始值：145.2125'>145.2</span>,<span title='原始值：3.748'>3.75</span>,<span title='原始值：0.616797'>0.617</span>,<span data-toggle='tooltip' data-placement='right' title='当天质控不合格'>--</span>,<span title='原始值：6.921597'>6.92</span>,--,--
河北省,海河流域,左卫桥,02-25 09:00,2,<span title='原始值：0.25'>0.2</span>,<span title='原始值：7.919226'>7.92</span>,<span title='原始值：9.553967'>9.55</span>,<span title='原始值：891.653'>891.7</span>,<span title='原始值：27.95798'>28.0</span>,<span title='原始值：1.771'>1.77</span>,<span title='原始值：0.3531'>0.353</span>,<span title='原始值：0.0471'>0.047</span>,<span title='原始值：8.8161'>8.82</span>,--,--
河北省,海河流域,四道甸,02-25 09:00,1,<span title='原始值：1.86'>1.9</span>,<span title='原始值：8.28355'>8.28</span>,<span title='原始值：12.48673'>12.49</span>,<span title='原始值：487.42'>487.4</span>,<span title='原始值：5.238653'>5.2</span>,<span title='原始值：1.151'>1.15</span>,--,<span title='原始值：0.0081'>0.008</span>,<span title='原始值：7.2981'>7.30</span>,--,--
河北省,海河流域,上二道河子,02-25 09:00,1,<span title='原始值：4.28'>4.3</span>,<span title='原始值：8.089081'>8.09</span>,<span title='原始值：10.28587'>10.29</span>,<span title='原始值：600.009'>600.0</span>,<span title='原始值：3.015552'>3.0</span>,<span title='原始值：1.351'>1.35</span>,<span title='原始值：0.0071'>0.007</span>,--,<span data-toggle='tooltip' data-placement='right' title='当天质控不合格'>--</span>,--,--
河北省,辽河流域,甸子,02-25 09:00,2,<span title='原始值：2.33'>2.3</span>,<span title='原始值：7.949'>7.95</span>,<span title='原始值：10.34'>10.34</span>,<span title='原始值：512.06'>512.1</span>,<span title='原始值：5.71'>5.7</span>,<span title='原始值：0.85'>0.85</span>,<span title='原始值：0.041'>0.041</span>,<span title='原始值：0.0318'>0.032</span>,<span title='原始值：9.621'>9.62</span>,--,--
河北省,海河流域,何老营,02-25 09:00,3,<span title='原始值：5.106671'>5.1</span>,<span title='原始值：8.249308'>8.25</span>,<span title='原始值：12.2531'>12.25</span>,<span title='原始值：3732.829'>3732.8</span>,<span title='原始值：0.429972'>0.4</span>,<span title='原始值：5.825888'>5.83</span>,<span title='原始值：0.112724'>0.113</span>,<span title='原始值：0.076495'>0.076</span>,<span title='原始值：1.664278'>1.66</span>,--,--
河北省,海河流域,四埝村桥,02-25 09:00,3,<span title='原始值：7'>7.0</span>,<span title='原始值：8.6384'>8.64</span>,<span title='原始值：10.295'>10.30</span>,<span title='原始值：2261.266'>2261.3</span>,<span title='原始值：11.122'>11.1</span>,<span title='原始值：4.796'>4.80</span>,<span title='原始值：0.0961'>0.096</span>,<span title='原始值：0.0544'>0.054</span>,<span title='原始值：1.83'>1.83</span>,--,--
河北省,海河流域,大王务,02-25 08:00,2,<span title='原始值：6.68'>6.7</span>,<span title='原始值：8.354702'>8.35</span>,<span title='原始值：11.4574'>11.46</span>,<span title='原始值：1062.236'>1062.2</span>,<span title='原始值：3.322851'>3.3</span>,<span title='原始值：2.501'>2.50</span>,--,<span title='原始值：0.01031'>0.010</span>,<span title='原始值：2.3721'>2.37</span>,--,--
河北省,海河流域,杨洼闸（王家摆）,02-25 07:00,2,<span title='原始值：6.58'>6.6</span>,<span title='原始值：8.32'>8.32</span>,<span title='原始值：11.99'>11.99</span>,<span title='原始值：1147.45'>1147.4</span>,<span title='原始值：9.59'>9.6</span>,<span title='原始值：2.971'>2.97</span>,<span title='原始值：0.0301'>0.030</span>,<span title='原始值：0.0399'>0.040</span>,<span data-toggle='tooltip' data-placement='right' title='当天质控不合格'>--</span>,--,--
河北省,海河流域,吴村,02-25 07:00,2,<span title='原始值：6.11'>6.1</span>,<span title='原始值：8.56'>8.56</span>,<span title='原始值：11.497'>11.50</span>,<span title='原始值：781.54'>781.5</span>,<span title='原始值：10.22'>10.2</span>,<span title='原始值：2.961'>2.96</span>,<span title='原始值：0.0461'>0.046</span>,<span title='原始值：0.0508'>0.051</span>,<span title='原始值：7.436'>7.44</span>,--,--
河北省,海河流域,桑梓红旗闸,02-25 08:00,3,<span title='原始值：6.25522'>6.3</span>,<span title='原始值：8.015398'>8.02</span>,<span title='原始值：12.41457'>12.41</span>,<span title='原始值：862.666'>862.7</span>,<span title='原始值：11.7266'>11.7</span>,<span title='原始值：2.661'>2.66</span>,<span title='原始值：0.6171'>0.617</span>,<span title='原始值：0.08341'>0.083</span>,<span title='原始值：13.4651'>13.47</span>,--,--
河北省,海河流域,三小营,02-25 09:00,2,<span title='原始值：6.743053'>6.7</span>,<span title='原始值：8.252568'>8.25</span>,<span title='原始值：18.72748'>18.73</span>,<span title='原始值：1019.96'>1020.0</span>,<span title='原始值：3.609088'>3.6</span>,<span title='原始值：3.477716'>3.48</span>,<span title='原始值：0.063484'>0.063</span>,<span title='原始值：0.045219'>0.045</span>,<span title='原始值：5.709702'>5.71</span>,--,--
河北省,海河流域,小范桥,02-25 08:00,2,<span title='原始值：8.36'>8.4</span>,<span title='原始值：7.7053'>7.71</span>,<span title='原始值：7.847'>7.85</span>,<span title='原始值：1668.668'>1668.7</span>,<span title='原始值：5.75'>5.8</span>,<span title='原始值：3.8303'>3.83</span>,<span title='原始值：0.079'>0.079</span>,<span title='原始值：0.0362'>0.036</span>,<span title='原始值：2.4818'>2.48</span>,--,--
河北省,海河流域,南张村,02-25 09:00,2,<span title='原始值：8.28'>8.3</span>,<span title='原始值：8.4685'>8.47</span>,<span title='原始值：11.658'>11.66</span>,<span title='原始值：310.28'>310.3</span>,<span title='原始值：3.599'>3.6</span>,<span title='原始值：2.1797'>2.18</span>,<span title='原始值：0.0175'>0.018</span>,<span title='原始值：0.0092'>0.009</span>,<span title='原始值：0.939'>0.94</span>,--,--
河北省,海河流域,安州,02-25 08:00,3,<span title='原始值：7.53'>7.5</span>,<span title='原始值：7.8289'>7.83</span>,<span title='原始值：11.488'>11.49</span>,<span title='原始值：1815.504'>1815.5</span>,<span title='原始值：15.8776'>15.9</span>,<span title='原始值：5.0244'>5.02</span>,<span title='原始值：0.0435'>0.044</span>,<span title='原始值：0.0405'>0.040</span>,<span title='原始值：7.864'>7.86</span>,--,--
河北省,海河流域,膳马庙村北,02-25 08:00,3,<span title='原始值：8.98'>9.0</span>,<span title='原始值：8.1432'>8.14</span>,<span title='原始值：13.353'>13.35</span>,<span title='原始值：1360.573'>1360.6</span>,<span title='原始值：20.9014'>20.9</span>,<span title='原始值：4.733'>4.73</span>,<span title='原始值：0.0184'>0.018</span>,<span title='原始值：0.0462'>0.046</span>,<span title='原始值：7.0383'>7.04</span>,--,--
河北省,海河流域,采蒲台,02-25 09:00,2,<span title='原始值：6.950259'>7.0</span>,<span title='原始值：8.217438'>8.22</span>,<span title='原始值：12.75957'>12.76</span>,<span title='原始值：657.1029'>657.1</span>,<span title='原始值：14.17447'>14.2</span>,<span title='原始值：1.881941'>1.88</span>,<span title='原始值：0.000856'>0.001</span>,<span title='原始值：0.016327'>0.016</span>,<span title='原始值：4.199927'>4.20</span>,<span title='原始值：0.004133'>0.004</span>,<span title='原始值：3471408'>3471408</span>
山西省,黄河流域,韩武村,02-25 09:00,3,<span title='原始值：8'>8.0</span>,<span title='原始值：8.12'>8.12</span>,<span title='原始值：11.97'>11.97</span>,<span title='原始值：1343.89'>1343.9</span>,<span title='原始值：11.86'>11.9</span>,<span title='原始值：4.87'>4.87</span>,<span title='原始值：0.061'>0.061</span>,<span title='原始值：0.055'>0.055</span>,<span title='原始值：7.499'>7.50</span>,--,--
山西省,黄河流域,汾河水库出口,02-25 09:00,1,<span title='原始值：3.94'>3.9</span>,<span title='原始值：8.140552'>8.14</span>,<span title='原始值：11.56604'>11.57</span>,<span title='原始值：593.872'>593.9</span>,<span title='原始值：1.231814'>1.2</span>,<span title='原始值：1.521'>1.52</span>,<span title='原始值：0.0191'>0.019</span>,--,<span title='原始值：2.7441'>2.74</span>,<span title='原始值：0.0106184'>0.011</span>,<span title='原始值：277739'>277739</span>
山西省,海河流域,下北泉村,02-25 09:00,3,<span title='原始值：5.73'>5.7</span>,<span title='原始值：8.314791'>8.31</span>,<span title='原始值：10.87546'>10.88</span>,<span title='原始值：571.783'>571.8</span>,<span title='原始值：14.91636'>14.9</span>,<span title='原始值：1.451'>1.45</span>,<span title='原始值：0.8051'>0.805</span>,<span data-toggle='tooltip' data-placement='right' title='当天质控不合格'>--</span>,<span title='原始值：7.2291'>7.23</span>,--,--
山西省,海河流域,册田水库出口,02-25 09:00,4,<span title='原始值：5.07'>5.1</span>,<span title='原始值：8.294471'>8.29</span>,<span title='原始值：12.01965'>12.02</span>,<span title='原始值：1436.654'>1436.7</span>,<span title='原始值：3.035105'>3.0</span>,<span title='原始值：4.201'>4.20</span>,<span title='原始值：1.0961'>1.096</span>,<span title='原始值：0.0391'>0.039</span>,<span title='原始值：4.5281'>4.53</span>,--,--
山西省,海河流域,古家坡,02-25 09:00,4,<span title='原始值：1.17'>1.2</span>,<span title='原始值：8.420219'>8.42</span>,<span title='原始值：10.48851'>10.49</span>,<span title='原始值：1137.667'>1137.7</span>,<span title='原始值：24.64195'>24.6</span>,<span title='原始值：3.231'>3.23</span>,<span title='原始值：1.3351'>1.335</span>,<span title='原始值：0.11741'>0.117</span>,<span title='原始值：4.0481'>4.05</span>,--,--
山西省,海河流域,利仁皂,02-25 09:00,2,<span title='原始值：4.46'>4.5</span>,<span title='原始值：8.119675'>8.12</span>,<span title='原始值：11.60484'>11.60</span>,<span title='原始值：1478.051'>1478.1</span>,<span title='原始值：29.89764'>29.9</span>,<span title='原始值：3.661'>3.66</span>,<span title='原始值：0.1851'>0.185</span>,<span title='原始值：0.07771'>0.078</span>,<span title='原始值：6.5021'>6.50</span>,--,--
山西省,海河流域,闫家庄大桥,02-25 08:00,-1,--,--,--,--,--,--,--,--,--,--,--
山西省,海河流域,白羊墅,02-25 00:00,5,<span title='原始值：11'>11.0</span>,<span title='原始值：7.821'>7.82</span>,<span title='原始值：9.252'>9.25</span>,<span title='原始值：2595.17'>2595.2</span>,<span title='原始值：10.158'>10.2</span>,<span title='原始值：10.21'>10.21</span>,<span title='原始值：0.195'>0.195</span>,<span title='原始值：0.269'>0.269</span>,<span title='原始值：7.294'>7.29</span>,--,--
山西省,海河流域,刘家庄,02-25 09:00,1,<span title='原始值：8.7'>8.7</span>,<span title='原始值：8.193'>8.19</span>,<span title='原始值：11.062'>11.06</span>,<span title='原始值：576.2147'>576.2</span>,<span title='原始值：5.66'>5.7</span>,<span title='原始值：0.458'>0.46</span>,<span title='原始值：0.03'>0.030</span>,<span title='原始值：0.01'>0.010</span>,<span title='原始值：5.942'>5.94</span>,--,--
山西省,海河流域,王家庄,02-25 09:00,2,<span title='原始值：9.5'>9.5</span>,<span title='原始值：8.3411'>8.34</span>,<span title='原始值：10.57'>10.57</span>,<span title='原始值：720.23'>720.2</span>,<span title='原始值：8.53'>8.5</span>,<span title='原始值：1.828'>1.83</span>,<span title='原始值：0.04198'>0.042</span>,<span title='原始值：0.02079'>0.021</span>,<span title='原始值：5.601'>5.60</span>,--,--
山西省,海河流域,司徒桥,02-25 09:00,2,<span title='原始值：6.3'>6.3</span>,<span title='原始值：7.726'>7.73</span>,<span title='原始值：6.3391'>6.34</span>,<span title='原始值：713.457'>713.5</span>,<span title='原始值：14.537'>14.5</span>,<span title='原始值：2.744'>2.74</span>,<span title='原始值：0.0661'>0.066</span>,<span title='原始值：0.0336'>0.034</span>,<span title='原始值：5.214'>5.21</span>,--,--
山西省,海河流域,关河水库出口,02-25 09:00,2,<span title='原始值：5.23'>5.2</span>,<span title='原始值：7.6618'>7.66</span>,<span title='原始值：8.4333'>8.43</span>,<span title='原始值：790.48'>790.5</span>,<span title='原始值：2.752'>2.8</span>,<span title='原始值：2.21'>2.21</span>,<span title='原始值：0.0582'>0.058</span>,<span title='原始值：0.0194'>0.019</span>,<span title='原始值：3.0588'>3.06</span>,--,--
山西省,海河流域,北寨,02-25 09:00,2,<span title='原始值：5.87'>5.9</span>,<span title='原始值：7.9408'>7.94</span>,<span title='原始值：8.78'>8.78</span>,<span title='原始值：977.13'>977.1</span>,<span title='原始值：7.89'>7.9</span>,<span title='原始值：2.93'>2.93</span>,<span title='原始值：0.362'>0.362</span>,<span title='原始值：0.052'>0.052</span>,<span title='原始值：8.4441'>8.44</span>,--,--
山西省,海河流域,后湾水库出口,02-25 08:00,1,<span title='原始值：4.85'>4.8</span>,<span title='原始值：8.2455'>8.25</span>,<span title='原始值：9.1445'>9.14</span>,<span title='原始值：669.03'>669.0</span>,<span title='原始值：2.718'>2.7</span>,<span title='原始值：1.84'>1.84</span>,--,<span title='原始值：0.0113'>0.011</span>,<span title='原始值：4.5'>4.50</span>,--,--
山西省,黄河流域,龙头,02-25 09:00,1,<span title='原始值：6.49'>6.5</span>,<span title='原始值：8.0238'>8.02</span>,<span title='原始值：10.475'>10.48</span>,<span title='原始值：739.83'>739.8</span>,<span title='原始值：1.83'>1.8</span>,<span title='原始值：1.31'>1.31</span>,--,<span title='原始值：0.0106'>0.011</span>,<span title='原始值：5.7962'>5.80</span>,--,--
山西省,黄河流域,拴驴泉,02-25 09:00,1,<span title='原始值：11.04'>11.0</span>,<span title='原始值：8.2055'>8.21</span>,<span title='原始值：9.308'>9.31</span>,<span title='原始值：749.9731'>750.0</span>,<span title='原始值：14.4195'>14.4</span>,<span title='原始值：1.5651'>1.57</span>,<span title='原始值：0.0228'>0.023</span>,--,<span title='原始值：5.2471'>5.25</span>,--,--
山西省,黄河流域,张峰水库出口,02-25 07:00,2,<span title='原始值：6.4002'>6.4</span>,<span title='原始值：8.4356'>8.44</span>,<span title='原始值：11.6065'>11.61</span>,<span title='原始值：604.2721'>604.3</span>,<span title='原始值：4.9995'>5.0</span>,<span title='原始值：2.748'>2.75</span>,<span title='原始值：0.00725'>0.007</span>,<span title='原始值：0.00791'>0.008</span>,<span title='原始值：3.9917'>3.99</span>,--,--
山西省,海河流域,东榆林水库出口,02-25 09:00,2,<span title='原始值：4.74'>4.7</span>,<span title='原始值：8.310549'>8.31</span>,<span title='原始值：15.78187'>15.78</span>,<span title='原始值：880.201'>880.2</span>,<span title='原始值：25.10436'>25.1</span>,<span title='原始值：2.081'>2.08</span>,<span title='原始值：0.3151'>0.315</span>,<span title='原始值：0.05661'>0.057</span>,<span title='原始值：4.3041'>4.30</span>,--,--
山西省,黄河流域,杀虎口,02-25 09:00,2,<span title='原始值：1.93'>1.9</span>,<span title='原始值：8.06379'>8.06</span>,<span title='原始值：11.69236'>11.69</span>,<span title='原始值：771.774'>771.8</span>,<span title='原始值：5.263469'>5.3</span>,<span title='原始值：1.661'>1.66</span>,<span title='原始值：0.2861'>0.286</span>,<span title='原始值：0.01601'>0.016</span>,<span title='原始值：4.6141'>4.61</span>,--,--
山西省,海河流域,王寨村,02-25 08:00,2,<span title='原始值：5.48'>5.5</span>,<span title='原始值：8.2368'>8.24</span>,<span title='原始值：11.1323'>11.13</span>,<span title='原始值：605.148'>605.1</span>,<span title='原始值：43.532'>43.5</span>,<span title='原始值：0.9871'>0.99</span>,--,<span title='原始值：0.0285'>0.028</span>,<span title='原始值：4.599'>4.60</span>,--,--
山西省,黄河流域,安固桥（桑柳树）,02-25 09:00,3,<span title='原始值：4.58'>4.6</span>,<span title='原始值：7.9959'>8.00</span>,<span title='原始值：10.8077'>10.81</span>,<span title='原始值：2134.609'>2134.6</span>,<span title='原始值：4.125'>4.1</span>,<span title='原始值：4.88'>4.88</span>,<span title='原始值：0.3224'>0.322</span>,<span title='原始值：0.041'>0.041</span>,--,--,--
山西省,黄河流域,王庄桥南,02-25 09:00,3,<span title='原始值：7.86'>7.9</span>,<span title='原始值：8.452'>8.45</span>,<span title='原始值：10.75'>10.75</span>,<span title='原始值：1486.094'>1486.1</span>,<span title='原始值：17.79'>17.8</span>,<span title='原始值：5.82'>5.82</span>,<span title='原始值：0.171'>0.171</span>,<span title='原始值：0.056'>0.056</span>,<span title='原始值：6.79'>6.79</span>,--,--
山西省,黄河流域,郝村,02-25 09:00,3,<span title='原始值：5.45'>5.4</span>,<span title='原始值：8.0853'>8.09</span>,<span title='原始值：11.1455'>11.15</span>,<span title='原始值：1186.238'>1186.2</span>,<span title='原始值：8.1834'>8.2</span>,<span title='原始值：4.634'>4.63</span>,<span title='原始值：0.1148'>0.115</span>,<span title='原始值：0.06'>0.060</span>,<span title='原始值：3.4123'>3.41</span>,--,--
山西省,黄河流域,张留庄,02-25 09:00,6,<span title='原始值：10.23'>10.2</span>,<span title='原始值：8.0286'>8.03</span>,<span title='原始值：8.087'>8.09</span>,<span title='原始值：3556.465'>3556.5</span>,<span title='原始值：32.069'>32.1</span>,<span title='原始值：6.126'>6.13</span>,<span title='原始值：3.45'>3.450</span>,<span title='原始值：0.185'>0.185</span>,<span title='原始值：10.064'>10.06</span>,--,--
山西省,黄河流域,上亳城,02-25 09:00,3,<span title='原始值：11.58'>11.6</span>,<span title='原始值：8.2497'>8.25</span>,<span title='原始值：9.331'>9.33</span>,<span title='原始值：761.783'>761.8</span>,<span title='原始值：18.713'>18.7</span>,<span title='原始值：1.6047'>1.60</span>,<span title='原始值：0.8881'>0.888</span>,<span title='原始值：0.0531'>0.053</span>,<span title='原始值：8.7268'>8.73</span>,--,--
山西省,黄河流域,小韩村（西曲村）,02-25 09:00,4,<span title='原始值：10.12'>10.1</span>,<span title='原始值：7.839'>7.84</span>,<span title='原始值：6.482'>6.48</span>,<span title='原始值：1702.51'>1702.5</span>,<span title='原始值：5.074'>5.1</span>,<span title='原始值：6.39'>6.39</span>,<span title='原始值：0.308'>0.308</span>,<span title='原始值：0.176'>0.176</span>,<span title='原始值：7.475'>7.48</span>,--,--
山西省,海河流域,梵王寺,02-25 09:00,5,<span title='原始值：3.95'>4.0</span>,<span title='原始值：8.39782'>8.40</span>,<span title='原始值：11.24322'>11.24</span>,<span title='原始值：1227.345'>1227.3</span>,<span title='原始值：67.58556'>67.6</span>,<span title='原始值：5.311'>5.31</span>,<span title='原始值：0.6831'>0.683</span>,<span title='原始值：0.30941'>0.309</span>,<span title='原始值：6.5071'>6.51</span>,--,--
山西省,海河流域,代县桥,02-25 09:00,2,<span title='原始值：3.42'>3.4</span>,<span title='原始值：8.244555'>8.24</span>,<span title='原始值：10.3637'>10.36</span>,<span title='原始值：611.794'>611.8</span>,<span title='原始值：59.61788'>59.6</span>,<span title='原始值：0.831'>0.83</span>,<span title='原始值：0.0151'>0.015</span>,<span title='原始值：0.03171'>0.032</span>,<span title='原始值：5.6481'>5.65</span>,--,--
山西省,海河流域,定襄桥,02-25 09:00,3,<span title='原始值：3.11'>3.1</span>,<span title='原始值：8.077605'>8.08</span>,<span title='原始值：9.237616'>9.24</span>,<span title='原始值：733.621'>733.6</span>,<span title='原始值：458.5754'>458.6</span>,<span data-toggle='tooltip' data-placement='right' title='当天质控不合格'>--</span>,<span title='原始值：0.4751'>0.475</span>,<span title='原始值：0.19081'>0.191</span>,<span title='原始值：4.6801'>4.68</span>,--,--
山西省,海河流域,南庄,02-25 09:00,2,<span title='原始值：5.77'>5.8</span>,<span title='原始值：8.319896'>8.32</span>,<span title='原始值：10.30426'>10.30</span>,<span title='原始值：675.405'>675.4</span>,<span title='原始值：108.0574'>108.1</span>,<span title='原始值：2.411'>2.41</span>,<span title='原始值：0.2441'>0.244</span>,<span title='原始值：0.0801'>0.080</span>,<span title='原始值：6.4491'>6.45</span>,--,--
山西省,海河流域,坪上桥,02-25 09:00,1,<span title='原始值：7.880001'>7.9</span>,<span title='原始值：8.202085'>8.20</span>,<span title='原始值：9.186219'>9.19</span>,<span title='原始值：538.085'>538.1</span>,<span title='原始值：7.434449'>7.4</span>,<span title='原始值：1.121'>1.12</span>,<span title='原始值：0.0141'>0.014</span>,--,<span title='原始值：5.3441'>5.34</span>,--,--
山西省,黄河流域,河西村,02-25 09:00,2,<span title='原始值：2.45'>2.4</span>,<span title='原始值：8.2222'>8.22</span>,<span title='原始值：9.71'>9.71</span>,<span title='原始值：588.3'>588.3</span>,<span title='原始值：18.94'>18.9</span>,<span title='原始值：1.86'>1.86</span>,<span title='原始值：0.3911'>0.391</span>,<span title='原始值：0.08'>0.080</span>,<span title='原始值：4.8'>4.80</span>,--,--
山西省,黄河流域,上平望,02-25 09:00,2,<span title='原始值：9.54'>9.5</span>,<span title='原始值：8.139'>8.14</span>,<span title='原始值：8.283'>8.28</span>,<span title='原始值：1381.17'>1381.2</span>,<span title='原始值：23.48'>23.5</span>,<span title='原始值：3.72'>3.72</span>,<span title='原始值：0.145'>0.145</span>,<span title='原始值：0.046'>0.046</span>,<span title='原始值：6.103'>6.10</span>,--,--
山西省,黄河流域,黑城村,02-25 09:00,1,<span title='原始值：5.43'>5.4</span>,<span title='原始值：8.4187'>8.42</span>,<span title='原始值：10.0724'>10.07</span>,<span title='原始值：855.3907'>855.4</span>,<span title='原始值：5.668'>5.7</span>,<span title='原始值：1.99'>1.99</span>,<span title='原始值：0.059'>0.059</span>,<span title='原始值：0.016'>0.016</span>,<span title='原始值：6.667'>6.67</span>,--,--
山西省,黄河流域,曲立,02-25 09:00,2,<span title='原始值：3.66'>3.7</span>,<span title='原始值：8.164013'>8.16</span>,<span title='原始值：10.18638'>10.19</span>,<span title='原始值：579.506'>579.5</span>,<span title='原始值：15.99116'>16.0</span>,<span title='原始值：1.681'>1.68</span>,<span title='原始值：0.0111'>0.011</span>,<span title='原始值：0.0411'>0.041</span>,<span title='原始值：5.8371'>5.84</span>,--,--
山西省,黄河流域,裴家川口,02-25 09:00,2,<span title='原始值：0.43'>0.4</span>,<span title='原始值：8.535374'>8.54</span>,<span title='原始值：12.09506'>12.10</span>,<span title='原始值：544.813'>544.8</span>,<span title='原始值：43.13681'>43.1</span>,<span title='原始值：1.491'>1.49</span>,<span title='原始值：0.3991'>0.399</span>,<span title='原始值：0.0721'>0.072</span>,<span title='原始值：5.3141'>5.31</span>,--,--
山西省,黄河流域,碛口,02-25 09:00,5,<span title='原始值：2.92'>2.9</span>,<span title='原始值：8.657054'>8.66</span>,<span title='原始值：11.90704'>11.91</span>,<span title='原始值：1211.747'>1211.7</span>,<span title='原始值：21.11989'>21.1</span>,<span title='原始值：4.231'>4.23</span>,<span title='原始值：1.8291'>1.829</span>,<span title='原始值：0.11201'>0.112</span>,<span title='原始值：13.2161'>13.22</span>,--,--
山西省,黄河流域,裴沟,02-25 09:00,3,<span title='原始值：3.76'>3.8</span>,<span title='原始值：8.58788'>8.59</span>,<span title='原始值：11.29814'>11.30</span>,<span title='原始值：893.609'>893.6</span>,<span title='原始值：24.64601'>24.6</span>,<span title='原始值：2.371'>2.37</span>,<span title='原始值：0.7941'>0.794</span>,<span title='原始值：0.1581'>0.158</span>,<span title='原始值：8.1031'>8.10</span>,--,--
山西省,黄河流域,三川河两河口桥,02-25 09:00,3,<span title='原始值：5.84'>5.8</span>,<span title='原始值：8.570542'>8.57</span>,<span title='原始值：11.35253'>11.35</span>,<span title='原始值：1075.332'>1075.3</span>,<span title='原始值：12.45254'>12.5</span>,<span title='原始值：4.581'>4.58</span>,<span title='原始值：0.6031'>0.603</span>,<span title='原始值：0.1651'>0.165</span>,<span title='原始值：7.6281'>7.63</span>,--,--
山西省,黄河流域,碧村,02-25 09:00,2,<span title='原始值：6.290016'>6.3</span>,<span title='原始值：8.600441'>8.60</span>,<span title='原始值：13.17541'>13.18</span>,<span title='原始值：760'>760.0</span>,<span title='原始值：30.48821'>30.5</span>,<span title='原始值：2.831'>2.83</span>,<span title='原始值：0.2461'>0.246</span>,<span title='原始值：0.0921'>0.092</span>,<span title='原始值：8.2431'>8.24</span>,--,--
山西省,黄河流域,北峪口,02-25 09:00,2,<span title='原始值：2.936394'>2.9</span>,<span title='原始值：8.335565'>8.34</span>,<span title='原始值：9.626921'>9.63</span>,<span title='原始值：521.92'>521.9</span>,<span title='原始值：8.40751'>8.4</span>,<span title='原始值：2.381'>2.38</span>,<span title='原始值：0.0161'>0.016</span>,--,<span title='原始值：3.3871'>3.39</span>,--,--
山西省,黄河流域,南姚,02-25 09:00,3,<span title='原始值：6.2'>6.2</span>,<span title='原始值：8.1398'>8.14</span>,<span title='原始值：10.85'>10.85</span>,<span title='原始值：1562.93'>1562.9</span>,<span title='原始值：23.46'>23.5</span>,<span title='原始值：5.767'>5.77</span>,<span title='原始值：0.3135'>0.314</span>,<span title='原始值：0.0666'>0.067</span>,<span title='原始值：5.637'>5.64</span>,--,--
内蒙古自治区,黄河流域,磴口,02-25 08:00,2,<span title='原始值：1.22102'>1.2</span>,<span title='原始值：8.44713'>8.45</span>,<span title='原始值：10.91086'>10.91</span>,<span title='原始值：912.0812'>912.1</span>,<span title='原始值：125.7131'>125.7</span>,<span title='原始值：1.45367'>1.45</span>,<span title='原始值：0.09789'>0.098</span>,<span title='原始值：0.02565'>0.026</span>,<span title='原始值：2.58641'>2.59</span>,--,--
内蒙古自治区,松花江流域,李屯,02-25 09:00,1,<span title='原始值：2.78'>2.8</span>,<span title='原始值：6.49'>6.49</span>,<span title='原始值：7.648'>7.65</span>,<span title='原始值：102.92'>102.9</span>,<span title='原始值：0.948'>0.9</span>,<span title='原始值：1.03'>1.03</span>,--,<span title='原始值：0.013'>0.013</span>,<span title='原始值：0.501'>0.50</span>,--,--
内蒙古自治区,松花江流域,陶海,02-25 09:00,3,<span title='原始值：4.8'>4.8</span>,<span title='原始值：6.655'>6.66</span>,<span title='原始值：5'>5.00</span>,<span title='原始值：250.7'>250.7</span>,<span title='原始值：17.7'>17.7</span>,<span title='原始值：2.32'>2.32</span>,<span title='原始值：0.057'>0.057</span>,<span title='原始值：0.048'>0.048</span>,<span title='原始值：0.929'>0.93</span>,--,--
内蒙古自治区,松花江流域,嵯岗,02-25 08:00,3,<span title='原始值：20.7'>20.7</span>,<span title='原始值：6.993'>6.99</span>,<span title='原始值：5.979'>5.98</span>,<span title='原始值：308.85'>308.8</span>,<span title='原始值：6.23'>6.2</span>,<span title='原始值：2.183'>2.18</span>,--,<span title='原始值：0.0744'>0.074</span>,<span title='原始值：0.955'>0.96</span>,--,--
内蒙古自治区,松花江流域,成吉思汗,02-25 08:00,1,<span title='原始值：4.5'>4.5</span>,<span title='原始值：7.22'>7.22</span>,<span title='原始值：9.04'>9.04</span>,<span title='原始值：422'>422.0</span>,<span title='原始值：3.74'>3.7</span>,<span title='原始值：1.346'>1.35</span>,<span title='原始值：0.007'>0.007</span>,<span title='原始值：0.0142'>0.014</span>,<span title='原始值：4.017'>4.02</span>,--,--
内蒙古自治区,松花江流域,讷尔克气,02-25 09:00,2,<span title='原始值：1.99'>2.0</span>,<span title='原始值：6.703'>6.70</span>,<span title='原始值：9.486'>9.49</span>,<span title='原始值：100.071'>100.1</span>,<span title='原始值：1.177'>1.2</span>,<span title='原始值：2.28'>2.28</span>,<span title='原始值：0.2'>0.200</span>,<span title='原始值：0.008'>0.008</span>,<span title='原始值：1.14'>1.14</span>,--,--
内蒙古自治区,黄河流域,总排干入黄口,02-25 09:00,2,<span title='原始值：11.987'>12.0</span>,<span title='原始值：8.098'>8.10</span>,<span title='原始值：7.24'>7.24</span>,<span title='原始值：1494.593'>1494.6</span>,<span title='原始值：0.293'>0.3</span>,<span title='原始值：2.6601'>2.66</span>,<span title='原始值：0.0458'>0.046</span>,<span title='原始值：0.0223'>0.022</span>,<span title='原始值：3.2954'>3.30</span>,--,--
内蒙古自治区,松花江流域,大山矿,02-25 08:00,2,<span title='原始值：3.9'>3.9</span>,<span title='原始值：7.11'>7.11</span>,<span title='原始值：8.08'>8.08</span>,<span title='原始值：232'>232.0</span>,<span title='原始值：6'>6.0</span>,<span title='原始值：1.033'>1.03</span>,<span title='原始值：0.059'>0.059</span>,<span title='原始值：0.0301'>0.030</span>,<span title='原始值：0.507'>0.51</span>,--,--
内蒙古自治区,松花江流域,出口(察尔森水库),02-25 09:00,2,<span title='原始值：6.73'>6.7</span>,<span title='原始值：8.294'>8.29</span>,<span title='原始值：14.614'>14.61</span>,<span title='原始值：191.83'>191.8</span>,<span title='原始值：1.88'>1.9</span>,<span data-toggle='tooltip' data-placement='right' title='当天质控不合格'>--</span>,<span title='原始值：0.016'>0.016</span>,<span title='原始值：0.02032'>0.020</span>,<span title='原始值：1.214'>1.21</span>,<span title='原始值：0.02366'>0.024</span>,<span title='原始值：466201'>466201</span>
辽宁省,辽河流域,蒲河沿,02-25 09:00,4,<span title='原始值：14.29'>14.3</span>,<span title='原始值：8.42'>8.42</span>,<span title='原始值：10.19'>10.19</span>,<span title='原始值：1187.6'>1187.6</span>,<span title='原始值：10.8'>10.8</span>,<span title='原始值：7.5216'>7.52</span>,<span data-toggle='tooltip' data-placement='right' title='当天质控不合格'>--</span>,<span data-toggle='tooltip' data-placement='right' title='当天质控不合格'>--</span>,<span title='原始值：5.929'>5.93</span>,--,--
辽宁省,辽河流域,于台,02-25 09:00,2,<span title='原始值：9.87'>9.9</span>,<span title='原始值：7.786'>7.79</span>,<span title='原始值：10.689'>10.69</span>,<span title='原始值：954.961'>955.0</span>,<span title='原始值：2.048'>2.0</span>,<span title='原始值：3.84'>3.84</span>,<span title='原始值：0.077'>0.077</span>,<span title='原始值：0.055'>0.055</span>,<span title='原始值：9.02'>9.02</span>,--,--
辽宁省,辽河流域,砂山,02-25 09:00,2,<span title='原始值：2.9'>2.9</span>,<span title='原始值：8.153'>8.15</span>,<span title='原始值：13.941'>13.94</span>,<span title='原始值：730.683'>730.7</span>,<span title='原始值：3.557'>3.6</span>,<span title='原始值：3.106'>3.11</span>,<span title='原始值：0.156'>0.156</span>,<span title='原始值：0.049'>0.049</span>,<span title='原始值：4.961'>4.96</span>,--,--
辽宁省,辽河流域,巨流河大桥,02-25 09:00,2,<span title='原始值：3.06'>3.1</span>,<span title='原始值：7.41'>7.41</span>,<span title='原始值：11.46'>11.46</span>,<span title='原始值：686.9'>686.9</span>,<span title='原始值：6.3'>6.3</span>,<span title='原始值：2.1798'>2.18</span>,<span title='原始值：0.344'>0.344</span>,<span title='原始值：0.04099'>0.041</span>,<span title='原始值：5.166'>5.17</span>,--,--
辽宁省,辽河流域,兴国桥,02-25 07:00,-1,--,--,--,--,--,<span data-toggle='tooltip' data-placement='right' title='当天质控不合格'>--</span>,<span data-toggle='tooltip' data-placement='right' title='当天质控不合格'>--</span>,<span data-toggle='tooltip' data-placement='right' title='当天质控不合格'>--</span>,<span data-toggle='tooltip' data-placement='right' title='当天质控不合格'>--</span>,--,--
辽宁省,辽河流域,城子坦,02-25 08:00,2,<span title='原始值：5.18645'>5.2</span>,<span title='原始值：7.52993'>7.53</span>,<span title='原始值：9.87844'>9.88</span>,<span title='原始值：265.3685'>265.4</span>,<span title='原始值：8.28522'>8.3</span>,<span title='原始值：1.72597'>1.73</span>,<span title='原始值：0.007'>0.007</span>,<span title='原始值：0.02281'>0.023</span>,<span data-toggle='tooltip' data-placement='right' title='当天质控不合格'>--</span>,--,--
辽宁省,辽河流域,麦家,02-25 08:00,2,<span title='原始值：2.96'>3.0</span>,<span title='原始值：8.046'>8.05</span>,<span title='原始值：14.893'>14.89</span>,<span title='原始值：579.7'>579.7</span>,<span title='原始值：5.35'>5.4</span>,<span title='原始值：2.346'>2.35</span>,<span title='原始值：0.4468'>0.447</span>,<span title='原始值：0.0484'>0.048</span>,<span title='原始值：8.729'>8.73</span>,--,--
辽宁省,辽河流域,复州湾大桥,02-25 09:00,2,<span title='原始值：2.79633'>2.8</span>,<span title='原始值：7.85561'>7.86</span>,<span title='原始值：11.767'>11.77</span>,<span title='原始值：832.515'>832.5</span>,<span title='原始值：7.67366'>7.7</span>,<span title='原始值：2.401'>2.40</span>,<span title='原始值：0.0989'>0.099</span>,<span title='原始值：0.0357'>0.036</span>,<span title='原始值：9.284'>9.28</span>,--,--
辽宁省,辽河流域,三台子,02-25 08:00,2,<span title='原始值：4.50791'>4.5</span>,<span title='原始值：8.26831'>8.27</span>,<span title='原始值：16.02879'>16.03</span>,<span title='原始值：886.5715'>886.6</span>,<span title='原始值：5.48057'>5.5</span>,<span title='原始值：2.58066'>2.58</span>,<span title='原始值：0.06756'>0.068</span>,<span title='原始值：0.08075'>0.081</span>,<span title='原始值：7.55786'>7.56</span>,--,--
辽宁省,辽河流域,万泰,02-25 09:00,1,<span title='原始值：5.68'>5.7</span>,<span title='原始值：7.74162'>7.74</span>,<span title='原始值：10.4181'>10.42</span>,<span title='原始值：153.938'>153.9</span>,<span title='原始值：4.62694'>4.6</span>,<span title='原始值：1.8429'>1.84</span>,<span title='原始值：0.06051'>0.061</span>,<span title='原始值：0.01184'>0.012</span>,<span title='原始值：2.23445'>2.23</span>,--,--
辽宁省,辽河流域,登化,02-25 09:00,2,<span title='原始值：3.67255'>3.7</span>,<span title='原始值：7.98138'>7.98</span>,<span title='原始值：12.2339'>12.23</span>,<span title='原始值：670.585'>670.6</span>,<span title='原始值：3.70999'>3.7</span>,<span title='原始值：2.895'>2.90</span>,<span title='原始值：0.0575'>0.058</span>,<span title='原始值：0.077'>0.077</span>,<span title='原始值：9.541'>9.54</span>,--,--
辽宁省,辽河流域,口子街,02-25 08:00,2,<span title='原始值：1.78'>1.8</span>,<span title='原始值：7.7241'>7.72</span>,<span title='原始值：9.81526'>9.82</span>,<span title='原始值：381.7'>381.7</span>,<span title='原始值：2.24095'>2.2</span>,<span title='原始值：1.661'>1.66</span>,<span title='原始值：0.1883'>0.188</span>,<span title='原始值：0.0261'>0.026</span>,<span title='原始值：4.795'>4.80</span>,--,--
辽宁省,辽河流域,大伙房水库,02-25 09:00,2,<span title='原始值：4.44'>4.4</span>,<span title='原始值：7.383'>7.38</span>,<span title='原始值：12.271'>12.27</span>,<span title='原始值：237.44'>237.4</span>,<span title='原始值：5.07'>5.1</span>,<span title='原始值：2.211'>2.21</span>,--,<span title='原始值：0.0069'>0.007</span>,<span title='原始值：3.173'>3.17</span>,<span title='原始值：0.02469'>0.025</span>,--
辽宁省,辽河流域,戈布桥,02-25 09:00,2,<span title='原始值：2.34'>2.3</span>,<span title='原始值：7.95'>7.95</span>,<span title='原始值：14.25'>14.25</span>,<span title='原始值：525.45'>525.4</span>,<span title='原始值：9.27'>9.3</span>,<span title='原始值：2.1894'>2.19</span>,<span title='原始值：0.1455'>0.146</span>,<span title='原始值：0.0461'>0.046</span>,<span title='原始值：3.764'>3.76</span>,--,--
辽宁省,辽河流域,北杂木,02-25 09:00,2,<span title='原始值：1.64'>1.6</span>,<span title='原始值：7.53'>7.53</span>,<span title='原始值：12.02'>12.02</span>,<span title='原始值：436.65'>436.6</span>,<span title='原始值：0.79'>0.8</span>,<span title='原始值：1.8052'>1.81</span>,<span title='原始值：0.1871'>0.187</span>,<span title='原始值：0.045'>0.045</span>,<span title='原始值：6.5138'>6.51</span>,--,--
辽宁省,辽河流域,台沟,02-25 09:00,1,<span title='原始值：1.35'>1.4</span>,<span title='原始值：7.7'>7.70</span>,<span title='原始值：13.02'>13.02</span>,<span title='原始值：263.44'>263.4</span>,<span title='原始值：5.28'>5.3</span>,<span title='原始值：0.247'>0.25</span>,<span title='原始值：0.0038'>0.004</span>,<span title='原始值：0.0174'>0.017</span>,<span title='原始值：3.772'>3.77</span>,--,--
辽宁省,辽河流域,古楼,02-25 09:00,1,<span title='原始值：2.5'>2.5</span>,<span title='原始值：8.01'>8.01</span>,<span title='原始值：15.58'>15.58</span>,<span title='原始值：300.36'>300.4</span>,<span title='原始值：3.5'>3.5</span>,<span title='原始值：1.784'>1.78</span>,--,<span title='原始值：0.0107'>0.011</span>,<span title='原始值：4.956'>4.96</span>,--,--
辽宁省,辽河流域,北太子河入观音阁水库口,02-25 09:00,2,<span title='原始值：5.0575'>5.1</span>,<span title='原始值：8.1537'>8.15</span>,<span title='原始值：13.6263'>13.63</span>,<span title='原始值：287.575'>287.6</span>,<span title='原始值：27.4138'>27.4</span>,<span title='原始值：1.58'>1.58</span>,<span title='原始值：0.03384'>0.034</span>,<span title='原始值：0.037776'>0.038</span>,<span title='原始值：5.568685'>5.57</span>,--,--
辽宁省,辽河流域,老官砬子,02-25 09:00,1,<span title='原始值：2.5'>2.5</span>,<span title='原始值：8.05'>8.05</span>,<span title='原始值：12.466'>12.47</span>,<span title='原始值：304.7'>304.7</span>,<span title='原始值：9.9'>9.9</span>,<span title='原始值：1.222'>1.22</span>,--,<span title='原始值：0.0063'>0.006</span>,<span title='原始值：3.25'>3.25</span>,--,--
辽宁省,辽河流域,兴安,02-25 09:00,2,<span title='原始值：3.38'>3.4</span>,<span title='原始值：8.243'>8.24</span>,<span title='原始值：10.196'>10.20</span>,<span title='原始值：481.5'>481.5</span>,<span title='原始值：2.9'>2.9</span>,<span title='原始值：1.7669'>1.77</span>,<span title='原始值：0.4648'>0.465</span>,<span title='原始值：0.0209'>0.021</span>,<span title='原始值：4.681'>4.68</span>,--,--
辽宁省,辽河流域,南太子河入库口,02-25 08:00,1,<span title='原始值：1.19'>1.2</span>,<span title='原始值：7.37'>7.37</span>,<span title='原始值：11.631'>11.63</span>,<span title='原始值：120.9'>120.9</span>,<span title='原始值：1.3'>1.3</span>,<span title='原始值：0.732'>0.73</span>,<span title='原始值：0.0065'>0.006</span>,<span title='原始值：0.0039'>0.004</span>,<span title='原始值：4.114'>4.11</span>,--,--
辽宁省,辽河流域,江桥,02-25 08:00,1,<span title='原始值：5.91'>5.9</span>,<span title='原始值：7.58'>7.58</span>,<span title='原始值：9.583'>9.58</span>,<span title='原始值：140.443'>140.4</span>,<span title='原始值：1.66'>1.7</span>,<span title='原始值：1.695'>1.70</span>,--,<span title='原始值：0.0109'>0.011</span>,<span title='原始值：2.304'>2.30</span>,--,--
辽宁省,辽河流域,爱河大桥,02-25 08:00,2,<span title='原始值：3.38528'>3.4</span>,<span title='原始值：8.4221'>8.42</span>,<span title='原始值：18.238'>18.24</span>,<span title='原始值：332.609'>332.6</span>,<span title='原始值：1.87413'>1.9</span>,<span title='原始值：2.089'>2.09</span>,<span title='原始值：0.058'>0.058</span>,<span title='原始值：0.0143'>0.014</span>,<span title='原始值：5.355'>5.36</span>,--,--
辽宁省,辽河流域,王家沟,02-25 08:00,1,<span title='原始值：3.78'>3.8</span>,<span title='原始值：8.259'>8.26</span>,<span title='原始值：10.767'>10.77</span>,<span title='原始值：687.27'>687.3</span>,<span title='原始值：5.16'>5.2</span>,<span title='原始值：1.82'>1.82</span>,<span title='原始值：0.02'>0.020</span>,<span title='原始值：0.013'>0.013</span>,<span title='原始值：5.488'>5.49</span>,--,--
辽宁省,辽河流域,张家堡,02-25 08:00,-1,--,--,--,--,--,--,--,--,--,--,--
辽宁省,辽河流域,女儿河入河口,02-25 09:00,2,<span title='原始值：5.3'>5.3</span>,<span title='原始值：7.712'>7.71</span>,<span title='原始值：11.31'>11.31</span>,<span title='原始值：930.3'>930.3</span>,<span title='原始值：4.24'>4.2</span>,<span title='原始值：1.53'>1.53</span>,--,<span title='原始值：0.0219'>0.022</span>,<span title='原始值：23.065'>23.06</span>,--,--
辽宁省,辽河流域,何家信子,02-25 09:00,1,<span title='原始值：4.93'>4.9</span>,<span title='原始值：7.836'>7.84</span>,<span title='原始值：10.35'>10.35</span>,<span title='原始值：462.5'>462.5</span>,<span title='原始值：7.85'>7.8</span>,<span title='原始值：1.95'>1.95</span>,<span title='原始值：0.097'>0.097</span>,<span title='原始值：0.0117'>0.012</span>,<span title='原始值：2.172'>2.17</span>,--,--
辽宁省,辽河流域,西树林,02-25 09:00,3,<span title='原始值：3.97'>4.0</span>,<span title='原始值：8.47'>8.47</span>,<span title='原始值：14.27'>14.27</span>,<span title='原始值：1165.1'>1165.1</span>,<span title='原始值：4.4'>4.4</span>,<span title='原始值：4.5778'>4.58</span>,<span title='原始值：0.06'>0.060</span>,<span title='原始值：0.062'>0.062</span>,<span title='原始值：10.276'>10.28</span>,--,--
辽宁省,辽河流域,高台子,02-25 08:00,3,<span title='原始值：3.35'>3.4</span>,<span title='原始值：7.974'>7.97</span>,<span title='原始值：8.703'>8.70</span>,<span title='原始值：1175.05'>1175.0</span>,<span title='原始值：30.972'>31.0</span>,<span title='原始值：4.843'>4.84</span>,<span title='原始值：0.2583'>0.258</span>,<span title='原始值：0.0943'>0.094</span>,<span title='原始值：7.777'>7.78</span>,--,--
辽宁省,辽河流域,茧场,02-25 08:00,2,<span title='原始值：2.04'>2.0</span>,<span title='原始值：7.49794'>7.50</span>,<span title='原始值：11.66179'>11.66</span>,<span title='原始值：283.2221'>283.2</span>,<span title='原始值：10.83557'>10.8</span>,<span title='原始值：0.76252'>0.76</span>,<span title='原始值：0.15464'>0.155</span>,<span title='原始值：0.01456'>0.015</span>,<span title='原始值：7.2433'>7.24</span>,--,--
辽宁省,辽河流域,大清河口,02-25 08:00,2,<span title='原始值：3.89'>3.9</span>,<span title='原始值：8.503'>8.50</span>,<span title='原始值：20.459'>20.46</span>,<span title='原始值：726.98'>727.0</span>,<span title='原始值：6.138'>6.1</span>,<span title='原始值：2.444'>2.44</span>,<span title='原始值：0.0115'>0.012</span>,<span title='原始值：0.0199'>0.020</span>,<span title='原始值：15.826'>15.83</span>,--,--
辽宁省,辽河流域,东羊角,02-25 09:00,3,<span title='原始值：9.52'>9.5</span>,<span title='原始值：7.753'>7.75</span>,<span title='原始值：9.73'>9.73</span>,<span title='原始值：665.3'>665.3</span>,<span title='原始值：4.6'>4.6</span>,<span title='原始值：2.708'>2.71</span>,<span title='原始值：0.702'>0.702</span>,<span title='原始值：0.08843'>0.088</span>,<span title='原始值：6.813'>6.81</span>,--,--
辽宁省,辽河流域,河洪桥,02-25 09:00,2,<span title='原始值：3.63702'>3.6</span>,<span title='原始值：7.94802'>7.95</span>,<span title='原始值：11.638'>11.64</span>,<span title='原始值：736.461'>736.5</span>,<span title='原始值：17.5612'>17.6</span>,<span title='原始值：2.658'>2.66</span>,<span data-toggle='tooltip' data-placement='right' title='当天质控不合格'>--</span>,<span title='原始值：0.0928'>0.093</span>,<span title='原始值：7.799'>7.80</span>,--,--
辽宁省,辽河流域,二道河水库口,02-25 08:00,1,<span title='原始值：3.3396'>3.3</span>,<span title='原始值：8.16576'>8.17</span>,<span title='原始值：9.459'>9.46</span>,<span title='原始值：444.338'>444.3</span>,<span title='原始值：9.5911'>9.6</span>,<span title='原始值：0.626'>0.63</span>,<span title='原始值：0.0097'>0.010</span>,<span title='原始值：0.0068'>0.007</span>,<span title='原始值：3.843'>3.84</span>,--,--
辽宁省,辽河流域,下王家,02-25 08:00,2,<span title='原始值：3.57438'>3.6</span>,<span title='原始值：7.33824'>7.34</span>,<span title='原始值：10.116'>10.12</span>,<span title='原始值：742.514'>742.5</span>,<span title='原始值：4.45259'>4.5</span>,<span title='原始值：1.438'>1.44</span>,<span title='原始值：0.1625'>0.162</span>,<span title='原始值：0.0388'>0.039</span>,<span title='原始值：7.812'>7.81</span>,--,--
辽宁省,辽河流域,汤河桥,02-25 09:00,2,<span title='原始值：3.81'>3.8</span>,<span title='原始值：7.9219'>7.92</span>,<span title='原始值：10.569'>10.57</span>,<span title='原始值：823'>823.0</span>,<span title='原始值：2.82422'>2.8</span>,<span title='原始值：1.663'>1.66</span>,<span title='原始值：0.3843'>0.384</span>,<span title='原始值：0.0407'>0.041</span>,<span title='原始值：6.316'>6.32</span>,--,--
辽宁省,辽河流域,丁家柳河桥,02-25 08:00,4,<span title='原始值：2.43'>2.4</span>,<span title='原始值：8.032'>8.03</span>,<span title='原始值：16.605'>16.60</span>,<span title='原始值：820.621'>820.6</span>,<span title='原始值：12.968'>13.0</span>,<span title='原始值：7.02'>7.02</span>,--,<span title='原始值：0.068'>0.068</span>,<span title='原始值：2.654'>2.65</span>,--,--
辽宁省,辽河流域,盘锦兴安(兴安),02-25 09:00,1,<span title='原始值：4.12'>4.1</span>,<span title='原始值：7.9'>7.90</span>,<span title='原始值：13.11'>13.11</span>,<span title='原始值：763.41'>763.4</span>,<span title='原始值：8.73'>8.7</span>,--,--,--,--,--,--
辽宁省,辽河流域,曙光大桥,02-25 09:00,2,<span title='原始值：3.63'>3.6</span>,<span title='原始值：7.876'>7.88</span>,<span title='原始值：10.5'>10.50</span>,<span title='原始值：700.21'>700.2</span>,<span title='原始值：22.14'>22.1</span>,<span title='原始值：3.277'>3.28</span>,<span title='原始值：0.358'>0.358</span>,<span title='原始值：0.043'>0.043</span>,<span title='原始值：5.392'>5.39</span>,--,--
辽宁省,辽河流域,胜利塘,02-25 09:00,4,<span title='原始值：0.94'>0.9</span>,<span title='原始值：8.484'>8.48</span>,<span title='原始值：14.054'>14.05</span>,<span title='原始值：1589.13'>1589.1</span>,<span title='原始值：18.94'>18.9</span>,<span title='原始值：6.332'>6.33</span>,<span title='原始值：0.814'>0.814</span>,<span title='原始值：0.097'>0.097</span>,<span title='原始值：11.801'>11.80</span>,--,--
辽宁省,辽河流域,鲜峰桥,02-25 09:00,2,<span title='原始值：4.22'>4.2</span>,<span title='原始值：7.839'>7.84</span>,<span title='原始值：12.07'>12.07</span>,<span title='原始值：495.474'>495.5</span>,<span title='原始值：6.4'>6.4</span>,<span title='原始值：3.76'>3.76</span>,<span title='原始值：0.363'>0.363</span>,<span title='原始值：0.086'>0.086</span>,<span title='原始值：18.879'>18.88</span>,--,--
辽宁省,辽河流域,清辽,02-25 09:00,3,<span title='原始值：2.586'>2.6</span>,<span title='原始值：7.393'>7.39</span>,<span title='原始值：12.64'>12.64</span>,<span title='原始值：618'>618.0</span>,<span title='原始值：4.6'>4.6</span>,<span title='原始值：2.3381'>2.34</span>,<span title='原始值：0.898'>0.898</span>,<span title='原始值：0.1153'>0.115</span>,<span title='原始值：7.298'>7.30</span>,--,--
辽宁省,辽河流域,通江口,02-25 09:00,3,<span title='原始值：1.96'>2.0</span>,<span title='原始值：7.496'>7.50</span>,<span title='原始值：11.6'>11.60</span>,<span title='原始值：849.28'>849.3</span>,<span title='原始值：6.35'>6.4</span>,<span title='原始值：3.495'>3.50</span>,<span title='原始值：0.601'>0.601</span>,<span title='原始值：0.066'>0.066</span>,<span title='原始值：8.448'>8.45</span>,--,--
辽宁省,辽河流域,珠尔山,02-25 09:00,3,<span title='原始值：1.07'>1.1</span>,<span title='原始值：8.38'>8.38</span>,<span title='原始值：12.67'>12.67</span>,<span title='原始值：725.06'>725.1</span>,<span title='原始值：2.12'>2.1</span>,<span title='原始值：2.109'>2.11</span>,<span title='原始值：0.705'>0.705</span>,<span title='原始值：0.0704'>0.070</span>,<span title='原始值：5.736'>5.74</span>,--,--
辽宁省,辽河流域,柴河水库入库口,02-25 09:00,4,<span title='原始值：4.96'>5.0</span>,<span title='原始值：7.336'>7.34</span>,<span title='原始值：4.57'>4.57</span>,<span title='原始值：480.18'>480.2</span>,<span title='原始值：5.05'>5.0</span>,<span title='原始值：1.578'>1.58</span>,<span title='原始值：0.083'>0.083</span>,<span title='原始值：0.049'>0.049</span>,<span title='原始值：5.758'>5.76</span>,--,--
辽宁省,辽河流域,松树水文站,02-25 09:00,3,<span title='原始值：1.31'>1.3</span>,<span title='原始值：7.23'>7.23</span>,<span title='原始值：8.27'>8.27</span>,<span title='原始值：507.13'>507.1</span>,<span title='原始值：7.21'>7.2</span>,<span title='原始值：4.7'>4.70</span>,<span title='原始值：0.976'>0.976</span>,<span title='原始值：0.092'>0.092</span>,<span title='原始值：8.187'>8.19</span>,--,--
辽宁省,辽河流域,亮子河入河口,02-25 09:00,3,<span title='原始值：1.57'>1.6</span>,<span title='原始值：7.683'>7.68</span>,<span title='原始值：10.15'>10.15</span>,<span title='原始值：727.45'>727.4</span>,<span title='原始值：5.5'>5.5</span>,<span title='原始值：3.499'>3.50</span>,<span title='原始值：0.802'>0.802</span>,<span title='原始值：0.106'>0.106</span>,<span title='原始值：8.509'>8.51</span>,--,--
辽宁省,辽河流域,清河水库入库口,02-25 09:00,3,<span title='原始值：2.14'>2.1</span>,<span title='原始值：7.283'>7.28</span>,<span title='原始值：10.22'>10.22</span>,<span title='原始值：322.94'>322.9</span>,<span title='原始值：4.92'>4.9</span>,<span title='原始值：1.84'>1.84</span>,<span title='原始值：0.258'>0.258</span>,<span title='原始值：0.139'>0.139</span>,<span data-toggle='tooltip' data-placement='right' title='当天质控不合格'>--</span>,--,--
辽宁省,辽河流域,凌鸿大桥（南大桥）,02-25 09:00,2,<span title='原始值：2.25'>2.2</span>,<span title='原始值：8.188'>8.19</span>,<span title='原始值：12.7'>12.70</span>,<span title='原始值：856.9'>856.9</span>,<span title='原始值：1.8'>1.8</span>,<span title='原始值：1.2403'>1.24</span>,--,<span title='原始值：0.021'>0.021</span>,<span title='原始值：12.361'>12.36</span>,--,--
辽宁省,辽河流域,章吉营,02-25 09:00,2,<span title='原始值：3.18'>3.2</span>,<span title='原始值：7.96'>7.96</span>,<span title='原始值：11.74'>11.74</span>,<span title='原始值：886.5'>886.5</span>,<span title='原始值：77.6'>77.6</span>,<span title='原始值：2.04'>2.04</span>,<span title='原始值：0.399'>0.399</span>,<span title='原始值：0.099'>0.099</span>,<span title='原始值：10.057'>10.06</span>,--,--
辽宁省,辽河流域,大凌河西支入河口,02-25 09:00,2,<span title='原始值：2.54'>2.5</span>,<span title='原始值：8.094'>8.09</span>,<span title='原始值：8.86'>8.86</span>,<span title='原始值：1008.31'>1008.3</span>,<span title='原始值：5.231'>5.2</span>,--,<span title='原始值：0.191'>0.191</span>,<span title='原始值：0.072'>0.072</span>,<span title='原始值：20.575'>20.58</span>,--,--
辽宁省,辽河流域,李家湾大桥,02-25 08:00,1,<span title='原始值：3.7'>3.7</span>,<span title='原始值：8.01'>8.01</span>,<span title='原始值：11.14'>11.14</span>,<span title='原始值：488.7'>488.7</span>,<span title='原始值：7.8'>7.8</span>,<span title='原始值：0.56'>0.56</span>,--,<span title='原始值：0.013'>0.013</span>,<span title='原始值：5.168'>5.17</span>,--,--
辽宁省,辽河流域,王家窝棚,02-25 09:00,3,<span title='原始值：3.54'>3.5</span>,<span title='原始值：7.65'>7.65</span>,<span title='原始值：10.3'>10.30</span>,<span title='原始值：559.3'>559.3</span>,<span title='原始值：1.5'>1.5</span>,<span title='原始值：2.13'>2.13</span>,<span title='原始值：0.657'>0.657</span>,<span title='原始值：0.041'>0.041</span>,<span title='原始值：4.524'>4.52</span>,--,--
辽宁省,辽河流域,红石碑入海前,02-25 09:00,2,<span title='原始值：6.3'>6.3</span>,<span title='原始值：8.15'>8.15</span>,<span title='原始值：15.944'>15.94</span>,<span title='原始值：1048.98'>1049.0</span>,<span title='原始值：8.221'>8.2</span>,<span title='原始值：2.33'>2.33</span>,--,<span title='原始值：0.03'>0.030</span>,<span title='原始值：10.106'>10.11</span>,--,--
辽宁省,辽河流域,小渔场,02-25 08:00,2,<span title='原始值：5.69'>5.7</span>,<span title='原始值：8.384'>8.38</span>,<span title='原始值：15.817'>15.82</span>,<span title='原始值：26536.1'>26536.1</span>,<span title='原始值：10.671'>10.7</span>,<span title='原始值：2.95'>2.95</span>,<span title='原始值：0.162'>0.162</span>,<span title='原始值：0.038'>0.038</span>,<span title='原始值：9.493'>9.49</span>,--,--
吉林省,松花江流域,新立城大坝,02-25 09:00,2,<span title='原始值：3.99'>4.0</span>,<span title='原始值：7.4025'>7.40</span>,<span title='原始值：7.365'>7.36</span>,<span title='原始值：414.875'>414.9</span>,<span title='原始值：11.2963'>11.3</span>,<span title='原始值：3.213488'>3.21</span>,<span title='原始值：0.0631'>0.063</span>,<span title='原始值：0.01875279'>0.019</span>,<span title='原始值：0.993'>0.99</span>,--,--
吉林省,松花江流域,松花江村,02-25 09:00,2,<span title='原始值：1.52'>1.5</span>,<span title='原始值：7.17'>7.17</span>,<span title='原始值：11.56'>11.56</span>,<span title='原始值：284.12'>284.1</span>,<span title='原始值：11.55'>11.6</span>,<span title='原始值：3.279'>3.28</span>,<span title='原始值：0.1074'>0.107</span>,<span title='原始值：0.02'>0.020</span>,<span title='原始值：3.233'>3.23</span>,--,--
吉林省,松花江流域,靠山南楼(南楼),02-25 09:00,3,<span title='原始值：2.53'>2.5</span>,<span title='原始值：7.31'>7.31</span>,<span title='原始值：10.56'>10.56</span>,<span title='原始值：658.27'>658.3</span>,<span title='原始值：20.14'>20.1</span>,<span title='原始值：3.448'>3.45</span>,<span title='原始值：0.441'>0.441</span>,<span title='原始值：0.145'>0.145</span>,<span title='原始值：6.5'>6.50</span>,--,--
吉林省,松花江流域,砖瓦窑桥,02-25 08:00,2,<span title='原始值：2.35'>2.4</span>,<span title='原始值：7.48'>7.48</span>,<span title='原始值：10.18'>10.18</span>,<span title='原始值：635.79'>635.8</span>,<span title='原始值：5.34'>5.3</span>,<span title='原始值：3.458'>3.46</span>,<span title='原始值：0.185'>0.185</span>,<span title='原始值：0.072'>0.072</span>,<span title='原始值：6.193'>6.19</span>,--,--
吉林省,松花江流域,镇江口,02-25 08:00,2,<span title='原始值：1.75'>1.8</span>,<span title='原始值：7.21'>7.21</span>,<span title='原始值：9.86'>9.86</span>,<span title='原始值：307.2'>307.2</span>,<span title='原始值：6.07'>6.1</span>,<span title='原始值：3.04'>3.04</span>,<span title='原始值：0.18'>0.180</span>,<span title='原始值：0.028'>0.028</span>,<span title='原始值：3.192'>3.19</span>,--,--
吉林省,松花江流域,靠山大桥,02-25 08:00,3,<span title='原始值：3.62'>3.6</span>,<span title='原始值：7.66'>7.66</span>,<span title='原始值：7.71'>7.71</span>,<span title='原始值：678.2'>678.2</span>,<span title='原始值：12.7'>12.7</span>,<span title='原始值：4.36'>4.36</span>,<span title='原始值：0.361'>0.361</span>,<span title='原始值：0.149'>0.149</span>,<span title='原始值：5.794'>5.79</span>,--,--
吉林省,松花江流域,饮马河大桥,02-25 08:00,2,<span title='原始值：2.66'>2.7</span>,<span title='原始值：7.62'>7.62</span>,<span title='原始值：9.1'>9.10</span>,<span title='原始值：336.92'>336.9</span>,<span title='原始值：6.62'>6.6</span>,<span title='原始值：3.34'>3.34</span>,<span title='原始值：0.158'>0.158</span>,<span title='原始值：0.022'>0.022</span>,<span title='原始值：1.171'>1.17</span>,--,--
吉林省,松花江流域,刘珍屯,02-25 08:00,2,<span title='原始值：1.86'>1.9</span>,<span title='原始值：7.391'>7.39</span>,<span title='原始值：11.03'>11.03</span>,<span title='原始值：511.12'>511.1</span>,<span title='原始值：9.49'>9.5</span>,<span title='原始值：3.724'>3.72</span>,<span title='原始值：0.349'>0.349</span>,<span title='原始值：0.072'>0.072</span>,<span title='原始值：3.037'>3.04</span>,--,--
吉林省,松花江流域,周家河口,02-25 09:00,2,<span title='原始值：0.48'>0.5</span>,<span title='原始值：7.011'>7.01</span>,<span title='原始值：11.285'>11.28</span>,<span title='原始值：593.93'>593.9</span>,<span title='原始值：25.86'>25.9</span>,<span title='原始值：2.22'>2.22</span>,<span data-toggle='tooltip' data-placement='right' title='当天质控不合格'>--</span>,<span title='原始值：0.059'>0.059</span>,<span title='原始值：4.918'>4.92</span>,--,--
吉林省,松花江流域,白旗,02-25 08:00,2,<span title='原始值：0.8275'>0.8</span>,<span title='原始值：7.4252'>7.43</span>,<span title='原始值：10.0546'>10.05</span>,<span title='原始值：331.192'>331.2</span>,<span title='原始值：4.4541'>4.5</span>,<span title='原始值：3.2796'>3.28</span>,<span title='原始值：0.1697'>0.170</span>,<span title='原始值：0.0247'>0.025</span>,<span title='原始值：3.7697'>3.77</span>,--,--
吉林省,松花江流域,白山大桥,02-25 09:00,3,<span title='原始值：3.99'>4.0</span>,<span title='原始值：7.26'>7.26</span>,<span title='原始值：10.905'>10.90</span>,<span title='原始值：131.078'>131.1</span>,<span title='原始值：16.677'>16.7</span>,<span title='原始值：4.519'>4.52</span>,<span title='原始值：0.0045'>0.004</span>,<span title='原始值：0.0203'>0.020</span>,<span title='原始值：1.45'>1.45</span>,--,--
吉林省,松花江流域,桦树林,02-25 09:00,2,<span title='原始值：3.51'>3.5</span>,<span title='原始值：6.93'>6.93</span>,<span title='原始值：6.726'>6.73</span>,<span title='原始值：189.4'>189.4</span>,<span title='原始值：3.449'>3.4</span>,<span title='原始值：3.962'>3.96</span>,--,<span title='原始值：0.0237'>0.024</span>,<span title='原始值：1.747'>1.75</span>,<span title='原始值：0.00793'>0.008</span>,<span title='原始值：7438340'>7438340</span>
吉林省,松花江流域,蛟河口,02-25 08:00,4,<span title='原始值：0.618'>0.6</span>,<span title='原始值：7.132'>7.13</span>,<span title='原始值：9.188'>9.19</span>,<span title='原始值：556.943'>556.9</span>,<span title='原始值：12.011'>12.0</span>,<span title='原始值：6.62'>6.62</span>,<span title='原始值：1.3162'>1.316</span>,<span title='原始值：0.2017'>0.202</span>,<span title='原始值：6.738'>6.74</span>,--,--
吉林省,松花江流域,肖家船口,02-25 08:00,4,<span title='原始值：0.9509'>1.0</span>,<span title='原始值：6.8215'>6.82</span>,<span title='原始值：8.9557'>8.96</span>,<span title='原始值：341.024'>341.0</span>,<span title='原始值：13.3496'>13.3</span>,<span title='原始值：8.4274'>8.43</span>,<span title='原始值：1.1388'>1.139</span>,<span title='原始值：0.1466'>0.147</span>,<span title='原始值：6.4986'>6.50</span>,--,--
吉林省,松花江流域,烟筒山,02-25 08:00,6,<span title='原始值：1.3'>1.3</span>,<span title='原始值：7.19'>7.19</span>,<span title='原始值：7.046'>7.05</span>,<span title='原始值：478.091'>478.1</span>,<span title='原始值：18.066'>18.1</span>,<span title='原始值：15.123'>15.12</span>,<span title='原始值：1.2705'>1.270</span>,<span title='原始值：0.325'>0.325</span>,<span title='原始值：9.421'>9.42</span>,--,--
吉林省,辽河流域,四双大桥,02-25 08:00,-1,--,--,--,--,--,<span data-toggle='tooltip' data-placement='right' title='当天质控不合格'>--</span>,--,<span data-toggle='tooltip' data-placement='right' title='当天质控不合格'>--</span>,--,--,--
吉林省,辽河流域,城子上,02-25 08:00,3,<span title='原始值：2.08'>2.1</span>,<span title='原始值：7.66'>7.66</span>,<span title='原始值：9.97'>9.97</span>,<span title='原始值：738.66'>738.7</span>,<span title='原始值：7.64'>7.6</span>,<span title='原始值：4.07'>4.07</span>,<span title='原始值：0.602'>0.602</span>,<span title='原始值：0.06'>0.060</span>,<span title='原始值：5.665'>5.66</span>,--,--
吉林省,辽河流域,六家子,02-25 09:00,4,<span title='原始值：2.26'>2.3</span>,<span title='原始值：7.363'>7.36</span>,<span title='原始值：8.487'>8.49</span>,<span title='原始值：923.2'>923.2</span>,<span title='原始值：10.2'>10.2</span>,<span title='原始值：3.998'>4.00</span>,<span title='原始值：1.1821'>1.182</span>,<span title='原始值：0.1031'>0.103</span>,<span title='原始值：14.6476'>14.65</span>,--,--
吉林省,辽河流域,林家,02-25 09:00,3,<span title='原始值：2.58'>2.6</span>,<span title='原始值：7.6483'>7.65</span>,<span title='原始值：10.1196'>10.12</span>,<span title='原始值：845.3082'>845.3</span>,<span title='原始值：8.68'>8.7</span>,<span title='原始值：5.96'>5.96</span>,<span title='原始值：0.917'>0.917</span>,<span title='原始值：0.101'>0.101</span>,<span title='原始值：11.422'>11.42</span>,--,--
吉林省,辽河流域,河清,02-25 09:00,4,<span title='原始值：8.4'>8.4</span>,<span title='原始值：7.298'>7.30</span>,<span title='原始值：4.6841'>4.68</span>,<span title='原始值：1463.8'>1463.8</span>,<span title='原始值：5.28'>5.3</span>,<span data-toggle='tooltip' data-placement='right' title='当天质控不合格'>--</span>,<span title='原始值：0.638'>0.638</span>,<span title='原始值：0.069'>0.069</span>,<span title='原始值：10.443'>10.44</span>,--,--
吉林省,辽河流域,民主,02-25 08:00,3,<span title='原始值：0.709'>0.7</span>,<span title='原始值：7.726'>7.73</span>,<span title='原始值：7.079'>7.08</span>,<span title='原始值：448'>448.0</span>,<span title='原始值：2.724'>2.7</span>,<span title='原始值：1.516'>1.52</span>,<span title='原始值：0.6917'>0.692</span>,<span title='原始值：0.0481'>0.048</span>,<span title='原始值：4.64'>4.64</span>,--,--
吉林省,松花江流域,兴隆,02-25 08:00,3,<span title='原始值：3.73'>3.7</span>,<span title='原始值：7.47'>7.47</span>,<span title='原始值：8.645'>8.64</span>,<span title='原始值：421.689'>421.7</span>,<span title='原始值：10.104'>10.1</span>,<span title='原始值：5.491'>5.49</span>,<span title='原始值：0.7109'>0.711</span>,<span title='原始值：0.0648'>0.065</span>,<span title='原始值：4.901'>4.90</span>,--,--
吉林省,松花江流域,高集岗桥,02-25 08:00,3,<span title='原始值：0.82'>0.8</span>,<span title='原始值：7.473'>7.47</span>,<span title='原始值：9.606'>9.61</span>,<span title='原始值：411'>411.0</span>,<span title='原始值：19.804'>19.8</span>,<span title='原始值：5.432'>5.43</span>,<span title='原始值：0.3049'>0.305</span>,<span title='原始值：0.0693'>0.069</span>,<span title='原始值：4.629'>4.63</span>,--,--
吉林省,辽河流域,云峰,02-25 09:00,1,<span title='原始值：4.075'>4.1</span>,<span title='原始值：7.583'>7.58</span>,<span title='原始值：10.215'>10.22</span>,<span title='原始值：144.24'>144.2</span>,<span title='原始值：1.5092'>1.5</span>,<span title='原始值：1.864'>1.86</span>,<span title='原始值：0.0067'>0.007</span>,<span title='原始值：0.0069'>0.007</span>,<span title='原始值：1.691'>1.69</span>,--,--
吉林省,辽河流域,老虎哨,02-25 09:00,1,<span title='原始值：2.52'>2.5</span>,<span title='原始值：7.546'>7.55</span>,<span title='原始值：11.878'>11.88</span>,<span title='原始值：126.768'>126.8</span>,<span title='原始值：1.8173'>1.8</span>,<span title='原始值：1.323'>1.32</span>,<span title='原始值：0.018'>0.018</span>,<span title='原始值：0.0074'>0.007</span>,<span title='原始值：2.153'>2.15</span>,--,--
吉林省,辽河流域,鸠谷,02-25 09:00,2,<span title='原始值：0.8'>0.8</span>,<span title='原始值：7.25'>7.25</span>,<span title='原始值：12.09'>12.09</span>,<span title='原始值：139.1'>139.1</span>,<span title='原始值：12.2'>12.2</span>,<span title='原始值：3.738'>3.74</span>,<span title='原始值：0.222'>0.222</span>,<span title='原始值：0.087'>0.087</span>,<span title='原始值：1.911'>1.91</span>,--,--
吉林省,辽河流域,葫芦套,02-25 08:00,2,<span title='原始值：2.11'>2.1</span>,<span title='原始值：7.64'>7.64</span>,<span title='原始值：10.706'>10.71</span>,<span title='原始值：143.921'>143.9</span>,<span title='原始值：5.664'>5.7</span>,<span title='原始值：1.103'>1.10</span>,<span title='原始值：0.0157'>0.016</span>,<span title='原始值：0.029'>0.029</span>,<span title='原始值：1.678'>1.68</span>,--,--
吉林省,辽河流域,大阳岔,02-25 09:00,1,<span title='原始值：8.67'>8.7</span>,<span title='原始值：8.17'>8.17</span>,<span title='原始值：8.036'>8.04</span>,<span title='原始值：279.275'>279.3</span>,<span title='原始值：4.965'>5.0</span>,<span title='原始值：0.172'>0.17</span>,--,<span title='原始值：0.0159'>0.016</span>,<span title='原始值：1.119'>1.12</span>,--,--
吉林省,松花江流域,松林,02-25 09:00,2,<span title='原始值：4.73'>4.7</span>,<span title='原始值：7.1'>7.10</span>,<span title='原始值：13.76'>13.76</span>,<span title='原始值：306.47'>306.5</span>,<span title='原始值：4.08'>4.1</span>,<span title='原始值：2.959'>2.96</span>,<span title='原始值：0.1323'>0.132</span>,<span title='原始值：0.029'>0.029</span>,<span title='原始值：3.265'>3.26</span>,--,--
吉林省,松花江流域,白沙滩,02-25 09:00,2,<span title='原始值：10.25'>10.2</span>,<span title='原始值：6.46'>6.46</span>,<span title='原始值：11.06'>11.06</span>,--,<span title='原始值：0.02'>0.02</span>,<span data-toggle='tooltip' data-placement='right' title='当天质控不合格'>--</span>,--,<span title='原始值：0.0247'>0.025</span>,<span data-toggle='tooltip' data-placement='right' title='当天质控不合格'>--</span>,--,--
吉林省,松花江流域,月亮湖下,02-25 08:00,-1,--,--,--,--,--,--,--,--,--,--,--
吉林省,松花江流域,圈河,02-25 08:00,2,<span title='原始值：0.87'>0.9</span>,<span title='原始值：7.692'>7.69</span>,<span title='原始值：11.74'>11.74</span>,<span title='原始值：267.452'>267.5</span>,<span title='原始值：4.255'>4.3</span>,<span title='原始值：2.252'>2.25</span>,<span title='原始值：0.101'>0.101</span>,<span title='原始值：0.021'>0.021</span>,<span title='原始值：2.316'>2.32</span>,--,--
吉林省,松花江流域,大山(新甸),02-25 09:00,2,<span title='原始值：1.42'>1.4</span>,<span title='原始值：7.35'>7.35</span>,<span title='原始值：9.688'>9.69</span>,<span title='原始值：258.168'>258.2</span>,<span title='原始值：2.384'>2.4</span>,<span title='原始值：3.321'>3.32</span>,<span title='原始值：0.1105'>0.110</span>,<span title='原始值：0.0299'>0.030</span>,<span title='原始值：2.221'>2.22</span>,--,--
吉林省,松花江流域,崇善,02-25 09:00,3,<span title='原始值：4.81'>4.8</span>,<span title='原始值：7.5'>7.50</span>,<span title='原始值：12.571'>12.57</span>,<span title='原始值：110.745'>110.7</span>,<span title='原始值：2.222'>2.2</span>,<span title='原始值：0.603'>0.60</span>,<span title='原始值：0.0055'>0.006</span>,<span title='原始值：0.1087'>0.109</span>,<span title='原始值：0.714'>0.71</span>,--,--
吉林省,松花江流域,榆树川,02-25 09:00,2,<span title='原始值：3.96'>4.0</span>,<span title='原始值：8.31'>8.31</span>,<span title='原始值：10.906'>10.91</span>,<span title='原始值：325.02'>325.0</span>,<span title='原始值：4.428'>4.4</span>,<span title='原始值：2.369'>2.37</span>,<span title='原始值：0.0603'>0.060</span>,<span title='原始值：0.0252'>0.025</span>,<span title='原始值：2.084'>2.08</span>,--,--
吉林省,松花江流域,磨盘大桥（延吉下）,02-25 09:00,3,<span title='原始值：5.66'>5.7</span>,<span title='原始值：8.3'>8.30</span>,<span title='原始值：12.415'>12.42</span>,<span title='原始值：435.37'>435.4</span>,<span title='原始值：4.557'>4.6</span>,<span title='原始值：2.935'>2.94</span>,<span title='原始值：0.79'>0.790</span>,<span title='原始值：0.0497'>0.050</span>,<span title='原始值：4.398'>4.40</span>,--,--
吉林省,松花江流域,西崴子,02-25 08:00,2,<span title='原始值：3.24'>3.2</span>,<span title='原始值：6.01'>6.01</span>,<span title='原始值：6.802'>6.80</span>,<span title='原始值：280.944'>280.9</span>,<span title='原始值：1.873'>1.9</span>,<span title='原始值：1.747'>1.75</span>,<span title='原始值：0.2017'>0.202</span>,<span title='原始值：0.0335'>0.034</span>,<span title='原始值：3.981'>3.98</span>,--,--
吉林省,松花江流域,石井（小河龙）,02-25 09:00,3,<span title='原始值：3.25'>3.2</span>,<span title='原始值：7.88'>7.88</span>,<span title='原始值：10.229'>10.23</span>,<span title='原始值：315.201'>315.2</span>,<span title='原始值：5.727'>5.7</span>,<span title='原始值：3.135'>3.14</span>,<span title='原始值：0.7562'>0.756</span>,<span title='原始值：0.0781'>0.078</span>,<span title='原始值：3.513'>3.51</span>,--,--
吉林省,松花江流域,三家子,02-25 08:00,2,<span title='原始值：5.67'>5.7</span>,<span title='原始值：6.89'>6.89</span>,<span title='原始值：10.004'>10.00</span>,<span title='原始值：163.035'>163.0</span>,<span title='原始值：1.96'>2.0</span>,<span title='原始值：1.717'>1.72</span>,<span title='原始值：0.0239'>0.024</span>,<span title='原始值：0.0316'>0.032</span>,<span title='原始值：1.438'>1.44</span>,--,--
吉林省,松花江流域,建封路大桥,02-25 08:00,2,<span title='原始值：2.98'>3.0</span>,<span title='原始值：7.44'>7.44</span>,<span title='原始值：11.104'>11.10</span>,<span title='原始值：154.982'>155.0</span>,<span title='原始值：2.258'>2.3</span>,<span title='原始值：0.541'>0.54</span>,<span title='原始值：0.0328'>0.033</span>,<span title='原始值：0.0835'>0.084</span>,<span title='原始值：0.932'>0.93</span>,--,--
黑龙江省,松花江流域,摆渡镇,02-25 08:00,3,<span title='原始值：2.158'>2.2</span>,<span title='原始值：7.349'>7.35</span>,<span title='原始值：8.598'>8.60</span>,<span title='原始值：326.837'>326.8</span>,<span title='原始值：2.567'>2.6</span>,<span title='原始值：4.18'>4.18</span>,<span title='原始值：0.205'>0.205</span>,<span title='原始值：0.043'>0.043</span>,<span title='原始值：3.168'>3.17</span>,--,--
黑龙江省,松花江流域,苗家,02-25 08:00,3,<span title='原始值：1.6'>1.6</span>,<span title='原始值：6.88'>6.88</span>,<span title='原始值：8.63'>8.63</span>,<span title='原始值：479.7'>479.7</span>,<span title='原始值：6.4'>6.4</span>,<span title='原始值：2.09'>2.09</span>,<span title='原始值：0.66'>0.660</span>,<span title='原始值：0.049'>0.049</span>,<span title='原始值：3.164'>3.16</span>,--,--
黑龙江省,松花江流域,磨盘山水库出口,02-25 09:00,3,<span title='原始值：3.47'>3.5</span>,<span title='原始值：7.023'>7.02</span>,<span title='原始值：10.761'>10.76</span>,<span title='原始值：102.974'>103.0</span>,<span title='原始值：1.452'>1.5</span>,<span title='原始值：4.76'>4.76</span>,<span title='原始值：0.033'>0.033</span>,<span title='原始值：0.02'>0.020</span>,<span title='原始值：2.296'>2.30</span>,--,<span title='原始值：21120'>21120</span>
黑龙江省,松花江流域,朱顺屯,02-25 08:00,2,<span title='原始值：1.486'>1.5</span>,<span title='原始值：7.17839'>7.18</span>,<span title='原始值：9.5347'>9.53</span>,<span title='原始值：240.439'>240.4</span>,<span title='原始值：5.225'>5.2</span>,<span title='原始值：3.855'>3.86</span>,<span title='原始值：0.1372'>0.137</span>,<span title='原始值：0.0295'>0.030</span>,<span title='原始值：2.09'>2.09</span>,--,--
黑龙江省,松花江流域,阿什河口内,02-25 08:00,4,<span title='原始值：2.909'>2.9</span>,<span title='原始值：7.014'>7.01</span>,<span title='原始值：10.351'>10.35</span>,<span title='原始值：549.38'>549.4</span>,<span title='原始值：9.69'>9.7</span>,<span title='原始值：4.135'>4.14</span>,<span title='原始值：1.0664'>1.066</span>,<span title='原始值：0.1831'>0.183</span>,<span title='原始值：4.887'>4.89</span>,--,--
黑龙江省,松花江流域,呼兰河口内(铁路桥),02-25 09:00,3,<span title='原始值：2.03'>2.0</span>,<span title='原始值：7.14'>7.14</span>,<span title='原始值：9.24'>9.24</span>,<span title='原始值：928.44'>928.4</span>,<span title='原始值：16.41'>16.4</span>,<span title='原始值：4.46'>4.46</span>,<span title='原始值：0.834'>0.834</span>,<span title='原始值：0.089'>0.089</span>,<span title='原始值：5.316'>5.32</span>,--,--
黑龙江省,松花江流域,大顶子山,02-25 08:00,3,<span title='原始值：1.8355'>1.8</span>,<span title='原始值：7.1258'>7.13</span>,<span title='原始值：11.0991'>11.10</span>,<span title='原始值：298.4'>298.4</span>,<span title='原始值：4.1521'>4.2</span>,<span title='原始值：4.898'>4.90</span>,<span title='原始值：0.1792'>0.179</span>,<span title='原始值：0.0194'>0.019</span>,<span title='原始值：2.733'>2.73</span>,--,--
黑龙江省,松花江流域,拉哈,02-25 08:00,-1,--,--,--,--,--,--,--,--,--,--,--
黑龙江省,松花江流域,查哈阳乡,02-25 09:00,2,<span title='原始值：1.2'>1.2</span>,<span title='原始值：6.818'>6.82</span>,<span title='原始值：9.74'>9.74</span>,<span title='原始值：145.7'>145.7</span>,<span title='原始值：2.7'>2.7</span>,<span title='原始值：0.46'>0.46</span>,--,<span title='原始值：0.022'>0.022</span>,<span title='原始值：1.176'>1.18</span>,--,--
黑龙江省,松花江流域,音河水库,02-25 09:00,2,<span title='原始值：6.28'>6.3</span>,<span title='原始值：7.421'>7.42</span>,<span title='原始值：8.279'>8.28</span>,<span title='原始值：244.83'>244.8</span>,<span title='原始值：6.07'>6.1</span>,<span title='原始值：2.818'>2.82</span>,<span title='原始值：0.025'>0.025</span>,<span title='原始值：0.026'>0.026</span>,<span title='原始值：2.751'>2.75</span>,--,--
黑龙江省,松花江流域,浏园,02-25 08:00,2,<span title='原始值：2.75'>2.8</span>,<span title='原始值：7.2'>7.20</span>,<span title='原始值：6.3'>6.30</span>,<span title='原始值：156.6'>156.6</span>,<span title='原始值：7.2'>7.2</span>,<span title='原始值：3.49'>3.49</span>,<span title='原始值：0.056'>0.056</span>,<span title='原始值：0.031'>0.031</span>,<span title='原始值：0.805'>0.80</span>,--,--
黑龙江省,松花江流域,江桥,02-25 09:00,2,<span title='原始值：3.26'>3.3</span>,<span title='原始值：7.095'>7.10</span>,<span title='原始值：11.476'>11.48</span>,<span title='原始值：210.253'>210.3</span>,<span title='原始值：4.327'>4.3</span>,<span title='原始值：1.883'>1.88</span>,<span title='原始值：0.0203'>0.020</span>,<span title='原始值：0.03'>0.030</span>,<span title='原始值：1'>1.00</span>,--,--
黑龙江省,松花江流域,富源村,02-25 09:00,4,<span title='原始值：3.87'>3.9</span>,<span title='原始值：7.523'>7.52</span>,<span title='原始值：12.342'>12.34</span>,<span title='原始值：119.43'>119.4</span>,<span title='原始值：2.02'>2.0</span>,<span title='原始值：6.03'>6.03</span>,<span title='原始值：0.004'>0.004</span>,<span title='原始值：0.017'>0.017</span>,<span title='原始值：0.324'>0.32</span>,--,--
黑龙江省,松花江流域,泄洪1闸(小兴凯湖一闸),02-25 09:00,3,<span title='原始值：3.51'>3.5</span>,<span title='原始值：7.474'>7.47</span>,<span title='原始值：10.285'>10.28</span>,<span title='原始值：531.294'>531.3</span>,<span title='原始值：8.177'>8.2</span>,<span title='原始值：5.847'>5.85</span>,<span title='原始值：0.035'>0.035</span>,<span title='原始值：0.05'>0.050</span>,<span title='原始值：0.596'>0.60</span>,<span title='原始值：0.015'>0.02</span>,<span title='原始值：30080'>30080.00</span>
黑龙江省,松花江流域,858九队,02-25 09:00,3,<span title='原始值：1.44'>1.4</span>,<span title='原始值：7.318'>7.32</span>,<span title='原始值：13.61'>13.61</span>,<span title='原始值：201.9'>201.9</span>,<span title='原始值：78.2495'>78.2</span>,<span title='原始值：3.8053'>3.81</span>,<span title='原始值：0.0743'>0.074</span>,<span title='原始值：0.1248'>0.125</span>,<span title='原始值：1.1027'>1.10</span>,--,--
黑龙江省,松花江流域,虎头上,02-25 09:00,3,<span title='原始值：2.98'>3.0</span>,<span title='原始值：7.12'>7.12</span>,<span title='原始值：10.35'>10.35</span>,<span title='原始值：177.88'>177.9</span>,<span title='原始值：29'>29.0</span>,<span title='原始值：2.84'>2.84</span>,<span title='原始值：0.1975'>0.198</span>,<span title='原始值：0.1051'>0.105</span>,<span title='原始值：0.597'>0.60</span>,--,--
黑龙江省,松花江流域,名山,02-25 09:00,4,<span title='原始值：0.83'>0.8</span>,<span title='原始值：6.572'>6.57</span>,<span title='原始值：7.689'>7.69</span>,<span title='原始值：99.229'>99.2</span>,<span title='原始值：5.602'>5.6</span>,<span title='原始值：7.389'>7.39</span>,<span title='原始值：0.011'>0.011</span>,<span title='原始值：0.007'>0.007</span>,<span title='原始值：0.505'>0.50</span>,--,--
黑龙江省,松花江流域,肇源,02-25 09:00,2,<span title='原始值：1.86'>1.9</span>,<span title='原始值：7.49'>7.49</span>,<span title='原始值：13.05'>13.05</span>,<span title='原始值：240.44'>240.4</span>,<span title='原始值：4.53'>4.5</span>,<span title='原始值：3.652'>3.65</span>,<span title='原始值：0.124'>0.124</span>,<span title='原始值：0.025'>0.025</span>,<span title='原始值：2.401'>2.40</span>,--,--
黑龙江省,松花江流域,嫩江口内,02-25 09:00,3,<span title='原始值：4.84'>4.8</span>,<span title='原始值：6.983'>6.98</span>,<span title='原始值：10.538'>10.54</span>,<span title='原始值：145.886'>145.9</span>,<span title='原始值：5.338'>5.3</span>,<span title='原始值：4.38'>4.38</span>,<span title='原始值：0.124'>0.124</span>,<span title='原始值：0.023'>0.023</span>,<span title='原始值：0.545'>0.54</span>,--,--
黑龙江省,松花江流域,友好,02-25 08:00,2,<span title='原始值：1.02'>1.0</span>,<span title='原始值：6.42'>6.42</span>,<span title='原始值：6.861'>6.86</span>,<span title='原始值：189.929'>189.9</span>,<span title='原始值：6.649'>6.6</span>,<span title='原始值：3.445'>3.44</span>,<span title='原始值：0.102'>0.102</span>,<span title='原始值：0.0367'>0.037</span>,<span title='原始值：2.262'>2.26</span>,--,--
黑龙江省,松花江流域,嘉荫,02-25 09:00,4,<span title='原始值：3.95'>4.0</span>,<span title='原始值：6.869'>6.87</span>,<span title='原始值：9.007'>9.01</span>,<span title='原始值：89.652'>89.7</span>,<span title='原始值：2.849'>2.8</span>,<span title='原始值：8.2'>8.20</span>,<span title='原始值：0.046'>0.046</span>,<span title='原始值：0.018'>0.018</span>,<span title='原始值：0.251'>0.25</span>,--,--
黑龙江省,松花江流域,双河渠首,02-25 09:00,2,<span title='原始值：3.76'>3.8</span>,<span title='原始值：6.789'>6.79</span>,<span title='原始值：10.117'>10.12</span>,<span title='原始值：181.6'>181.6</span>,<span title='原始值：3'>3.0</span>,<span title='原始值：1.4'>1.40</span>,<span title='原始值：0.129'>0.129</span>,<span title='原始值：0.036'>0.036</span>,<span title='原始值：3.208'>3.21</span>,--,--
黑龙江省,松花江流域,佳木斯下,02-25 08:00,2,<span title='原始值：1.4975'>1.5</span>,<span title='原始值：7.4063'>7.41</span>,<span title='原始值：10.323'>10.32</span>,<span title='原始值：325.199'>325.2</span>,<span title='原始值：3.849'>3.8</span>,<span title='原始值：3.544'>3.54</span>,<span title='原始值：0.2104'>0.210</span>,<span title='原始值：0.0339'>0.034</span>,<span title='原始值：3.472'>3.47</span>,--,--
黑龙江省,松花江流域,汤旺河口内,02-25 08:00,2,<span title='原始值：1.274'>1.3</span>,<span title='原始值：6.6526'>6.65</span>,<span title='原始值：6.209'>6.21</span>,<span title='原始值：207.378'>207.4</span>,<span title='原始值：1.643'>1.6</span>,<span title='原始值：2.614'>2.61</span>,<span title='原始值：0.2944'>0.294</span>,<span title='原始值：0.0163'>0.016</span>,<span title='原始值：3.442'>3.44</span>,--,--
黑龙江省,松花江流域,宏克利（佳木斯上）,02-25 08:00,2,<span title='原始值：2.54'>2.5</span>,<span title='原始值：7.1581'>7.16</span>,<span title='原始值：9.387'>9.39</span>,<span title='原始值：325.9'>325.9</span>,<span title='原始值：1.89'>1.9</span>,<span title='原始值：3.088'>3.09</span>,<span title='原始值：0.1311'>0.131</span>,<span title='原始值：0.0285'>0.028</span>,<span title='原始值：2.801'>2.80</span>,--,--
黑龙江省,松花江流域,抚远,02-25 09:00,4,<span title='原始值：1.47'>1.5</span>,<span title='原始值：7.13'>7.13</span>,<span title='原始值：9.7'>9.70</span>,<span title='原始值：179.54'>179.5</span>,<span title='原始值：4.61'>4.6</span>,<span title='原始值：6.869'>6.87</span>,<span title='原始值：0.0783'>0.078</span>,<span title='原始值：0.0127'>0.013</span>,<span title='原始值：1.489'>1.49</span>,--,--
黑龙江省,松花江流域,乌苏镇,02-25 09:00,2,<span title='原始值：2.25'>2.2</span>,<span title='原始值：6.45'>6.45</span>,<span title='原始值：7.73'>7.73</span>,<span title='原始值：123.21'>123.2</span>,<span title='原始值：20.2'>20.2</span>,<span title='原始值：1.095'>1.10</span>,<span title='原始值：0.061'>0.061</span>,<span title='原始值：0.0391'>0.039</span>,<span title='原始值：0.769'>0.77</span>,--,--
黑龙江省,松花江流域,同江,02-25 09:00,2,<span title='原始值：3.48'>3.5</span>,<span title='原始值：7.17'>7.17</span>,<span title='原始值：8.17'>8.17</span>,<span title='原始值：324.76'>324.8</span>,<span title='原始值：5.54'>5.5</span>,<span title='原始值：3.107'>3.11</span>,<span title='原始值：0.1112'>0.111</span>,<span title='原始值：0.0206'>0.021</span>,<span title='原始值：2.727'>2.73</span>,--,--
黑龙江省,松花江流域,三岔口,02-25 09:00,3,<span title='原始值：7.66'>7.7</span>,<span title='原始值：7.327'>7.33</span>,<span title='原始值：6.829'>6.83</span>,<span title='原始值：376.156'>376.2</span>,<span title='原始值：4.717'>4.7</span>,<span title='原始值：5.272'>5.27</span>,<span title='原始值：0.086'>0.086</span>,<span title='原始值：0.124'>0.124</span>,<span title='原始值：4.825'>4.82</span>,--,--
黑龙江省,松花江流域,海浪,02-25 09:00,2,<span title='原始值：3.05'>3.0</span>,<span title='原始值：7.3708'>7.37</span>,<span title='原始值：10.752'>10.75</span>,<span title='原始值：179.6'>179.6</span>,<span title='原始值：4.8'>4.8</span>,<span title='原始值：3.175'>3.18</span>,<span title='原始值：0.2821'>0.282</span>,<span title='原始值：0.0483'>0.048</span>,<span title='原始值：2.927'>2.93</span>,--,--
黑龙江省,松花江流域,三道,02-25 08:00,4,<span title='原始值：4.66'>4.7</span>,<span title='原始值：7.6242'>7.62</span>,<span title='原始值：10.817'>10.82</span>,<span title='原始值：161.21'>161.2</span>,<span title='原始值：6.15'>6.2</span>,<span title='原始值：2.597'>2.60</span>,<span title='原始值：0.0029'>0.003</span>,<span title='原始值：0.0519'>0.052</span>,<span title='原始值：2.153'>2.15</span>,<span title='原始值：0.030395'>0.030</span>,<span title='原始值：19712'>19712</span>
黑龙江省,松花江流域,电视塔,02-25 09:00,3,<span title='原始值：5.58'>5.6</span>,<span title='原始值：6.957'>6.96</span>,<span title='原始值：9.994'>9.99</span>,<span title='原始值：135.3'>135.3</span>,<span title='原始值：1.214'>1.2</span>,<span title='原始值：4.454'>4.45</span>,<span title='原始值：0.0048'>0.005</span>,<span title='原始值：0.0219'>0.022</span>,<span title='原始值：0.715'>0.72</span>,<span title='原始值：0.00104'>0.001</span>,<span title='原始值：19456'>19456</span>
黑龙江省,松花江流域,海浪河口内,02-25 08:00,3,<span title='原始值：1.93'>1.9</span>,<span title='原始值：7.072'>7.07</span>,<span title='原始值：10.62'>10.62</span>,<span title='原始值：220.1'>220.1</span>,<span title='原始值：9.66'>9.7</span>,<span title='原始值：2.317'>2.32</span>,<span title='原始值：0.8041'>0.804</span>,<span title='原始值：0.0458'>0.046</span>,<span title='原始值：4.495'>4.50</span>,--,--
黑龙江省,松花江流域,黑河下(黑河),02-25 09:00,3,<span title='原始值：1.33'>1.3</span>,<span title='原始值：6.599'>6.60</span>,<span title='原始值：6.7673'>6.77</span>,<span title='原始值：234.6692'>234.7</span>,<span title='原始值：1.3123'>1.3</span>,<span title='原始值：5.9746'>5.97</span>,<span title='原始值：0.1207'>0.121</span>,<span title='原始值：0.0447'>0.045</span>,<span title='原始值：0.7614'>0.76</span>,--,--
黑龙江省,松花江流域,呼玛上,02-25 09:00,4,<span title='原始值：2.282'>2.3</span>,<span title='原始值：6.331'>6.33</span>,<span title='原始值：4.631'>4.63</span>,<span title='原始值：359.58'>359.6</span>,<span title='原始值：2.971'>3.0</span>,<span title='原始值：4.01'>4.01</span>,<span title='原始值：0.0089'>0.009</span>,<span title='原始值：0.0187'>0.019</span>,<span title='原始值：1.176'>1.18</span>,--,--
黑龙江省,松花江流域,呼玛河口内,02-25 09:00,2,<span title='原始值：3.01'>3.0</span>,<span title='原始值：6.695'>6.70</span>,<span title='原始值：6.26'>6.26</span>,<span title='原始值：92.474'>92.5</span>,<span title='原始值：0.61'>0.6</span>,<span title='原始值：1.86'>1.86</span>,--,<span title='原始值：0.0174'>0.017</span>,<span title='原始值：0.268'>0.27</span>,--,--
黑龙江省,松花江流域,加格达奇上,02-25 09:00,1,<span title='原始值：2.62'>2.6</span>,<span title='原始值：6.736'>6.74</span>,<span title='原始值：10.1546'>10.15</span>,<span title='原始值：69.345'>69.3</span>,<span title='原始值：1.2062'>1.2</span>,<span title='原始值：0.783'>0.78</span>,--,<span title='原始值：0.0071'>0.007</span>,<span title='原始值：0.514'>0.51</span>,--,--
上海市,长江流域,富锦路桥,02-25 09:00,2,<span title='原始值：12.4'>12.4</span>,<span title='原始值：8.13'>8.13</span>,<span title='原始值：6.93'>6.93</span>,<span title='原始值：466.7'>466.7</span>,<span title='原始值：67.8'>67.8</span>,<span title='原始值：2.308'>2.31</span>,<span title='原始值：0.021'>0.021</span>,<span title='原始值：0.078'>0.078</span>,<span title='原始值：2.939'>2.94</span>,--,--
上海市,太湖流域,明星路桥,02-25 08:00,2,<span title='原始值：11.32'>11.3</span>,<span title='原始值：7.04647'>7.05</span>,<span title='原始值：10.06542'>10.07</span>,<span title='原始值：538.0341'>538.0</span>,<span title='原始值：15.19085'>15.2</span>,<span title='原始值：3.16178'>3.16</span>,<span title='原始值：0.09922'>0.099</span>,<span title='原始值：0.0653'>0.065</span>,<span title='原始值：2.98654'>2.99</span>,--,--
上海市,太湖流域,临江,02-25 09:00,2,<span title='原始值：11.717'>11.7</span>,<span title='原始值：7.84'>7.84</span>,<span title='原始值：8.335'>8.34</span>,<span title='原始值：592.346'>592.3</span>,<span title='原始值：22.294'>22.3</span>,<span title='原始值：2.739'>2.74</span>,<span title='原始值：0.255'>0.255</span>,<span title='原始值：0.084'>0.084</span>,<span title='原始值：3.036'>3.04</span>,--,--
上海市,太湖流域,浙江路桥,02-25 09:00,2,<span title='原始值：13.035'>13.0</span>,<span title='原始值：7.06'>7.06</span>,<span title='原始值：6.37'>6.37</span>,<span title='原始值：661.172'>661.2</span>,<span title='原始值：56.772'>56.8</span>,<span title='原始值：2.928'>2.93</span>,<span title='原始值：0.072'>0.072</span>,<span title='原始值：0.076'>0.076</span>,<span title='原始值：5.816'>5.82</span>,--,--
上海市,太湖流域,闵行西界(松浦大桥),02-25 09:00,2,<span title='原始值：12.69'>12.7</span>,<span title='原始值：7.83'>7.83</span>,<span title='原始值：10.05'>10.05</span>,<span title='原始值：589.86'>589.9</span>,<span title='原始值：27.89'>27.9</span>,<span title='原始值：3.89'>3.89</span>,<span title='原始值：0.075'>0.075</span>,<span title='原始值：0.069'>0.069</span>,<span title='原始值：3.06'>3.06</span>,--,--
上海市,太湖流域,吴淞口,02-25 09:00,2,<span title='原始值：10.882'>10.9</span>,<span title='原始值：7.847'>7.85</span>,<span title='原始值：8.466'>8.47</span>,<span title='原始值：492.589'>492.6</span>,<span title='原始值：61.212'>61.2</span>,<span title='原始值：2.287'>2.29</span>,<span title='原始值：0.208'>0.208</span>,<span title='原始值：0.088'>0.088</span>,<span title='原始值：2.712'>2.71</span>,--,--
上海市,太湖流域,蕴川路桥,02-25 09:00,2,<span title='原始值：11.12'>11.1</span>,<span title='原始值：8.01'>8.01</span>,<span title='原始值：8.65'>8.65</span>,<span title='原始值：451.73'>451.7</span>,<span title='原始值：40.54'>40.5</span>,<span title='原始值：2.13'>2.13</span>,<span title='原始值：0.097'>0.097</span>,<span title='原始值：0.067'>0.067</span>,<span title='原始值：2.689'>2.69</span>,--,--
上海市,太湖流域,黄渡,02-25 09:00,2,<span title='原始值：12.3'>12.3</span>,<span title='原始值：7.86'>7.86</span>,<span title='原始值：9.421'>9.42</span>,<span title='原始值：571.8'>571.8</span>,<span title='原始值：30.6'>30.6</span>,<span title='原始值：2.731'>2.73</span>,<span title='原始值：0.071'>0.071</span>,<span title='原始值：0.0719'>0.072</span>,<span title='原始值：3.051'>3.05</span>,--,--
上海市,太湖流域,三甲港,02-25 09:00,2,<span title='原始值：12.8'>12.8</span>,<span title='原始值：8.09'>8.09</span>,<span title='原始值：9.02'>9.02</span>,<span title='原始值：725.9'>725.9</span>,<span title='原始值：32.3'>32.3</span>,<span title='原始值：3.17'>3.17</span>,<span title='原始值：0.265'>0.265</span>,<span title='原始值：0.061'>0.061</span>,<span title='原始值：2.648'>2.65</span>,--,--
上海市,太湖流域,二团,02-25 09:00,2,<span title='原始值：11.61'>11.6</span>,<span title='原始值：7.6'>7.60</span>,<span title='原始值：9.316'>9.32</span>,<span title='原始值：601.05'>601.0</span>,<span title='原始值：55.94'>55.9</span>,<span title='原始值：3.677'>3.68</span>,<span title='原始值：0.101'>0.101</span>,<span title='原始值：0.0509'>0.051</span>,<span title='原始值：2.094'>2.09</span>,--,--
上海市,太湖流域,横潦泾,02-25 09:00,2,<span title='原始值：12.81'>12.8</span>,<span title='原始值：8.2'>8.20</span>,<span title='原始值：9.409'>9.41</span>,<span title='原始值：631.04'>631.0</span>,<span title='原始值：34.7'>34.7</span>,<span title='原始值：3.771'>3.77</span>,<span title='原始值：0.1639'>0.164</span>,<span title='原始值：0.0924'>0.092</span>,<span title='原始值：3.772'>3.77</span>,--,--
上海市,太湖流域,斜塘口,02-25 09:00,2,<span title='原始值：16.51'>16.5</span>,<span title='原始值：8.45'>8.45</span>,<span title='原始值：9.531'>9.53</span>,<span title='原始值：544.89'>544.9</span>,<span title='原始值：45.92'>45.9</span>,<span title='原始值：3.657'>3.66</span>,<span title='原始值：0.1142'>0.114</span>,<span title='原始值：0.0453'>0.045</span>,<span title='原始值：2.888'>2.89</span>,--,--
上海市,太湖流域,急水港桥,02-25 09:00,2,<span title='原始值：12.38'>12.4</span>,<span title='原始值：7.71'>7.71</span>,<span title='原始值：8.46'>8.46</span>,<span title='原始值：668.7'>668.7</span>,<span title='原始值：25.8'>25.8</span>,<span title='原始值：2.76'>2.76</span>,<span title='原始值：0.051'>0.051</span>,<span title='原始值：0.061'>0.061</span>,<span title='原始值：2.472'>2.47</span>,<span title='原始值：0.0051'>0.005</span>,<span title='原始值：1676134'>1676134</span>
上海市,太湖流域,淀峰,02-25 09:00,2,<span title='原始值：11.78'>11.8</span>,<span title='原始值：8.37'>8.37</span>,<span title='原始值：9.473'>9.47</span>,<span title='原始值：596.3'>596.3</span>,<span title='原始值：21.97'>22.0</span>,<span title='原始值：2.236'>2.24</span>,--,<span title='原始值：0.0419'>0.042</span>,<span title='原始值：2.519'>2.52</span>,--,--
上海市,太湖流域,太浦河桥,02-25 09:00,2,<span title='原始值：11.74'>11.7</span>,<span title='原始值：7.67'>7.67</span>,<span title='原始值：9.989'>9.99</span>,<span title='原始值：530.82'>530.8</span>,<span title='原始值：20.41'>20.4</span>,<span title='原始值：2.852'>2.85</span>,<span title='原始值：0.0359'>0.036</span>,<span title='原始值：0.0367'>0.037</span>,<span title='原始值：2.001'>2.00</span>,--,--
上海市,太湖流域,钱桥,02-25 09:00,2,<span title='原始值：11.8'>11.8</span>,<span title='原始值：7.24'>7.24</span>,<span title='原始值：9.329'>9.33</span>,<span title='原始值：581.02'>581.0</span>,<span title='原始值：6.67'>6.7</span>,<span title='原始值：1.267'>1.27</span>,--,<span title='原始值：0.0431'>0.043</span>,<span title='原始值：2.465'>2.46</span>,--,--
上海市,长江流域,七效港西桥,02-25 09:00,2,<span title='原始值：9.54'>9.5</span>,<span title='原始值：8.22'>8.22</span>,<span title='原始值：12.513'>12.51</span>,<span title='原始值：464.99'>465.0</span>,<span title='原始值：52.53'>52.5</span>,<span title='原始值：3.847'>3.85</span>,<span title='原始值：0.0263'>0.026</span>,<span title='原始值：0.0549'>0.055</span>,<span title='原始值：1.75'>1.75</span>,--,--
上海市,长江流域,五效,02-25 09:00,1,<span title='原始值：11.52'>11.5</span>,<span title='原始值：8.3'>8.30</span>,<span title='原始值：10.118'>10.12</span>,<span title='原始值：530.68'>530.7</span>,<span title='原始值：19.61'>19.6</span>,<span title='原始值：1.806'>1.81</span>,<span title='原始值：0.0255'>0.026</span>,<span title='原始值：0.017'>0.017</span>,<span title='原始值：1.656'>1.66</span>,--,--
江苏省,长江流域,陈浅,02-25 08:00,3,<span title='原始值：11.15'>11.2</span>,<span title='原始值：7.86'>7.86</span>,<span title='原始值：9.611'>9.61</span>,<span title='原始值：811.43'>811.4</span>,<span title='原始值：1.77'>1.8</span>,<span title='原始值：5.239'>5.24</span>,<span title='原始值：0.0478'>0.048</span>,<span title='原始值：0.067'>0.067</span>,<span title='原始值：2.109'>2.11</span>,--,--
江苏省,长江流域,七桥瓮,02-25 09:00,2,<span title='原始值：11.13'>11.1</span>,<span title='原始值：7.582'>7.58</span>,<span title='原始值：8.313'>8.31</span>,<span title='原始值：674.69'>674.7</span>,<span title='原始值：17.58'>17.6</span>,<span title='原始值：3.788'>3.79</span>,<span title='原始值：0.1026'>0.103</span>,<span title='原始值：0.0657'>0.066</span>,<span title='原始值：5.117'>5.12</span>,--,--
江苏省,长江流域,节制闸,02-25 08:00,2,<span title='原始值：11.31'>11.3</span>,<span title='原始值：7.835'>7.84</span>,<span title='原始值：10.2'>10.20</span>,<span title='原始值：440.93'>440.9</span>,<span title='原始值：16.33'>16.3</span>,<span title='原始值：2.818'>2.82</span>,<span title='原始值：0.143'>0.143</span>,<span title='原始值：0.0633'>0.063</span>,<span title='原始值：2.751'>2.75</span>,--,--
江苏省,长江流域,钱家渡,02-25 09:00,2,<span title='原始值：12.13'>12.1</span>,<span title='原始值：7.6'>7.60</span>,<span title='原始值：10.03'>10.03</span>,<span title='原始值：344.72'>344.7</span>,<span title='原始值：14.42'>14.4</span>,<span data-toggle='tooltip' data-placement='right' title='当天质控不合格'>--</span>,<span title='原始值：0.146'>0.146</span>,<span title='原始值：0.039'>0.039</span>,<span title='原始值：1.459'>1.46</span>,--,--
江苏省,太湖流域,锡东水厂,02-25 09:00,3,<span title='原始值：10.37'>10.4</span>,<span title='原始值：8.29'>8.29</span>,<span title='原始值：10.7'>10.70</span>,<span title='原始值：427.63'>427.6</span>,<span title='原始值：39.4'>39.4</span>,<span title='原始值：1.844'>1.84</span>,--,<span title='原始值：0.0336'>0.034</span>,<span title='原始值：1.628'>1.63</span>,<span title='原始值：0.0087'>0.009</span>,<span title='原始值：1405977'>1405977</span>
江苏省,太湖流域,兰山嘴,02-25 09:00,4,<span title='原始值：10.68'>10.7</span>,<span title='原始值：7.944'>7.94</span>,<span title='原始值：10.41'>10.41</span>,<span title='原始值：455.155'>455.2</span>,<span title='原始值：159'>159.0</span>,<span title='原始值：3.579'>3.58</span>,<span title='原始值：0.0355'>0.036</span>,<span title='原始值：0.0853'>0.085</span>,<span data-toggle='tooltip' data-placement='right' title='当天质控不合格'>--</span>,<span title='原始值：0.00237'>0.002</span>,<span title='原始值：6378279'>6378279</span>
江苏省,太湖流域,蠡桥,02-25 08:00,1,<span title='原始值：11.19'>11.2</span>,<span title='原始值：7.92'>7.92</span>,<span title='原始值：10.4'>10.40</span>,<span title='原始值：323.57'>323.6</span>,<span title='原始值：16.25'>16.2</span>,<span title='原始值：0.999'>1.00</span>,<span title='原始值：0.083'>0.083</span>,<span data-toggle='tooltip' data-placement='right' title='当天质控不合格'>--</span>,<span title='原始值：1.193'>1.19</span>,--,--
江苏省,太湖流域,百渎港桥,02-25 09:00,2,<span title='原始值：12.82'>12.8</span>,<span title='原始值：8.06'>8.06</span>,<span title='原始值：10.08'>10.08</span>,<span title='原始值：488'>488.0</span>,<span title='原始值：29.16'>29.2</span>,<span title='原始值：2.546'>2.55</span>,<span title='原始值：0.055'>0.055</span>,<span title='原始值：0.075'>0.075</span>,<span title='原始值：2.955'>2.96</span>,--,--
江苏省,太湖流域,殷村港桥,02-25 09:00,2,<span title='原始值：11.45'>11.4</span>,<span title='原始值：7.68'>7.68</span>,<span title='原始值：9.36'>9.36</span>,<span title='原始值：569.35'>569.4</span>,--,<span title='原始值：2.433'>2.43</span>,<span title='原始值：0.07'>0.070</span>,<span title='原始值：0.082'>0.082</span>,<span title='原始值：2.739'>2.74</span>,--,--
江苏省,太湖流域,大浦港桥,02-25 09:00,2,<span title='原始值：11.91'>11.9</span>,<span title='原始值：7.8'>7.80</span>,<span title='原始值：8.44'>8.44</span>,<span title='原始值：587.881'>587.9</span>,<span title='原始值：44.182'>44.2</span>,<span title='原始值：3.131'>3.13</span>,<span title='原始值：0.1'>0.100</span>,<span title='原始值：0.073'>0.073</span>,<span title='原始值：2.625'>2.62</span>,--,--
江苏省,太湖流域,五牧,02-25 06:00,2,<span title='原始值：11.76'>11.8</span>,<span title='原始值：7.91'>7.91</span>,<span title='原始值：10.23'>10.23</span>,<span title='原始值：455.51'>455.5</span>,<span title='原始值：27.85'>27.8</span>,<span title='原始值：2.622'>2.62</span>,<span title='原始值：0.202'>0.202</span>,<span title='原始值：0.0748'>0.075</span>,<span title='原始值：2.967'>2.97</span>,--,--
江苏省,太湖流域,拖山,02-25 09:00,2,<span title='原始值：10.81'>10.8</span>,<span title='原始值：8.26'>8.26</span>,<span title='原始值：10.378'>10.38</span>,<span title='原始值：539.56'>539.6</span>,<span title='原始值：24.72'>24.7</span>,<span title='原始值：2.84'>2.84</span>,--,<span data-toggle='tooltip' data-placement='right' title='当天质控不合格'>--</span>,<span title='原始值：1.972'>1.97</span>,<span title='原始值：0.01435'>0.014</span>,<span title='原始值：2093605'>2093605</span>
江苏省,太湖流域,五里湖心,02-25 09:00,3,<span title='原始值：11.28'>11.3</span>,<span title='原始值：7.92'>7.92</span>,<span title='原始值：10.627'>10.63</span>,<span title='原始值：474.7'>474.7</span>,<span title='原始值：73.93524'>73.9</span>,<span title='原始值：2.28'>2.28</span>,--,<span title='原始值：0.0282'>0.028</span>,<span title='原始值：0.616'>0.62</span>,<span title='原始值：0.00465'>0.005</span>,<span title='原始值：1471129'>1471129</span>
江苏省,太湖流域,金潼桥,02-25 09:00,2,<span title='原始值：12.5'>12.5</span>,<span title='原始值：7.75'>7.75</span>,<span title='原始值：9.971'>9.97</span>,<span title='原始值：395.9'>395.9</span>,<span title='原始值：28.95'>29.0</span>,<span title='原始值：1.37'>1.37</span>,<span title='原始值：0.0646'>0.065</span>,<span title='原始值：0.0507'>0.051</span>,<span title='原始值：2.006'>2.01</span>,--,--
江苏省,太湖流域,大港桥,02-25 09:00,2,<span title='原始值：12'>12.0</span>,<span title='原始值：6.82'>6.82</span>,<span title='原始值：9.18'>9.18</span>,<span title='原始值：166.96'>167.0</span>,<span title='原始值：6.14'>6.1</span>,<span title='原始值：1.796'>1.80</span>,<span title='原始值：0.068'>0.068</span>,<span title='原始值：0.029'>0.029</span>,<span title='原始值：2.174'>2.17</span>,--,--
江苏省,太湖流域,潘家坝,02-25 09:00,2,<span title='原始值：11.967'>12.0</span>,<span title='原始值：7.93'>7.93</span>,<span title='原始值：10.173'>10.17</span>,<span title='原始值：582.05'>582.0</span>,<span title='原始值：38.66'>38.7</span>,<span title='原始值：3.487'>3.49</span>,<span title='原始值：0.168'>0.168</span>,<span title='原始值：0.058'>0.058</span>,<span title='原始值：3.128'>3.13</span>,--,--
江苏省,太湖流域,长济桥,02-25 09:00,2,<span title='原始值：12.94'>12.9</span>,<span title='原始值：8.08'>8.08</span>,<span title='原始值：10.306'>10.31</span>,<span title='原始值：415.3'>415.3</span>,<span title='原始值：20.1'>20.1</span>,<span title='原始值：1.972'>1.97</span>,<span title='原始值：0.1102'>0.110</span>,<span title='原始值：0.0566'>0.057</span>,<span title='原始值：2.097'>2.10</span>,--,--
江苏省,太湖流域,钓邾大桥,02-25 08:00,2,<span title='原始值：11.27'>11.3</span>,<span title='原始值：8.21'>8.21</span>,<span title='原始值：11.64'>11.64</span>,<span title='原始值：475.67'>475.7</span>,<span title='原始值：17'>17.0</span>,<span title='原始值：2.089'>2.09</span>,<span title='原始值：0.1619'>0.162</span>,<span title='原始值：0.0606'>0.061</span>,<span title='原始值：2.454'>2.45</span>,--,--
江苏省,淮河流域,港上桥,02-25 08:00,2,<span title='原始值：9.22'>9.2</span>,<span title='原始值：8'>8.00</span>,<span title='原始值：10.103'>10.10</span>,<span title='原始值：910'>910.0</span>,<span title='原始值：3.92'>3.9</span>,<span title='原始值：3.746'>3.75</span>,<span title='原始值：0.066'>0.066</span>,<span title='原始值：0.0474'>0.047</span>,<span title='原始值：9.165'>9.16</span>,--,--
江苏省,淮河流域,李庄,02-25 08:00,2,<span title='原始值：8.23'>8.2</span>,<span title='原始值：8.223'>8.22</span>,<span title='原始值：12.724'>12.72</span>,<span title='原始值：1215.2'>1215.2</span>,<span title='原始值：16.3'>16.3</span>,<span data-toggle='tooltip' data-placement='right' title='当天质控不合格'>--</span>,<span title='原始值：0.0847'>0.085</span>,<span title='原始值：0.0888'>0.089</span>,<span title='原始值：8.893'>8.89</span>,--,--
江苏省,淮河流域,蔺家坝,02-25 09:00,3,<span title='原始值：9.24'>9.2</span>,<span title='原始值：8.495'>8.50</span>,<span title='原始值：12.36'>12.36</span>,<span title='原始值：1286.7'>1286.7</span>,<span title='原始值：11.9'>11.9</span>,<span title='原始值：5.184'>5.18</span>,<span title='原始值：0.0063'>0.006</span>,<span title='原始值：0.0419'>0.042</span>,<span title='原始值：1.197'>1.20</span>,--,--
江苏省,淮河流域,李集桥,02-25 08:00,3,<span title='原始值：9.69'>9.7</span>,<span title='原始值：8.23'>8.23</span>,<span title='原始值：9.51'>9.51</span>,<span title='原始值：1364.98'>1365.0</span>,<span title='原始值：4.01'>4.0</span>,<span title='原始值：4.79'>4.79</span>,<span title='原始值：0.0078'>0.008</span>,<span title='原始值：0.0325'>0.032</span>,<span title='原始值：1.562'>1.56</span>,--,--
江苏省,淮河流域,华山闸,02-25 08:00,3,<span title='原始值：9.49'>9.5</span>,<span title='原始值：8.16'>8.16</span>,<span title='原始值：9.605'>9.60</span>,<span title='原始值：1221.8'>1221.8</span>,<span title='原始值：4.39'>4.4</span>,<span title='原始值：4.783'>4.78</span>,<span title='原始值：0.033'>0.033</span>,<span title='原始值：0.0327'>0.033</span>,<span title='原始值：1.194'>1.19</span>,--,--
江苏省,淮河流域,沙庄桥,02-25 09:00,3,<span title='原始值：9.2'>9.2</span>,<span title='原始值：8.003'>8.00</span>,<span title='原始值：13.193'>13.19</span>,<span title='原始值：1416.3'>1416.3</span>,<span title='原始值：8.3'>8.3</span>,<span title='原始值：5.651'>5.65</span>,<span title='原始值：0.2397'>0.240</span>,<span title='原始值：0.0372'>0.037</span>,<span title='原始值：2.107'>2.11</span>,--,--
江苏省,淮河流域,张楼,02-25 08:00,2,<span title='原始值：7.914'>7.9</span>,<span title='原始值：8.189'>8.19</span>,<span title='原始值：11.347'>11.35</span>,<span title='原始值：1118.044'>1118.0</span>,<span title='原始值：3.267'>3.3</span>,<span data-toggle='tooltip' data-placement='right' title='当天质控不合格'>--</span>,<span title='原始值：0.016'>0.016</span>,<span title='原始值：0.052'>0.052</span>,<span title='原始值：3.696'>3.70</span>,--,--
江苏省,淮河流域,沙集西闸,02-25 08:00,2,<span title='原始值：9.62'>9.6</span>,<span title='原始值：8.52'>8.52</span>,<span title='原始值：12.4'>12.40</span>,<span title='原始值：873.46'>873.5</span>,<span title='原始值：4.58'>4.6</span>,<span title='原始值：3.97'>3.97</span>,<span title='原始值：0.0106'>0.011</span>,<span title='原始值：0.0328'>0.033</span>,<span title='原始值：2.056'>2.06</span>,--,--
江苏省,淮河流域,艾山西大桥,02-25 09:00,5,<span title='原始值：10.615'>10.6</span>,<span title='原始值：8.268'>8.27</span>,<span title='原始值：12.298'>12.30</span>,<span title='原始值：933.284'>933.3</span>,<span title='原始值：4.181'>4.2</span>,<span title='原始值：12.139'>12.14</span>,<span title='原始值：0.0635'>0.064</span>,<span title='原始值：0.0573'>0.057</span>,<span title='原始值：9.557'>9.56</span>,--,--
江苏省,淮河流域,东偏泓,02-25 08:00,2,<span title='原始值：9.74'>9.7</span>,<span title='原始值：7.48'>7.48</span>,<span title='原始值：6.981'>6.98</span>,<span title='原始值：1078.1'>1078.1</span>,<span title='原始值：1.27'>1.3</span>,<span title='原始值：3.241'>3.24</span>,<span title='原始值：0.1484'>0.148</span>,<span title='原始值：0.0176'>0.018</span>,<span title='原始值：20.818'>20.82</span>,--,--
江苏省,长江流域,魏村,02-25 09:00,2,<span title='原始值：11.226'>11.2</span>,<span title='原始值：7.93'>7.93</span>,<span title='原始值：11.186'>11.19</span>,<span title='原始值：392.62'>392.6</span>,<span title='原始值：12.448'>12.4</span>,<span title='原始值：1.286'>1.29</span>,<span title='原始值：0.05'>0.050</span>,<span title='原始值：0.046'>0.046</span>,<span title='原始值：2.255'>2.26</span>,--,--
江苏省,太湖流域,姚巷桥,02-25 08:00,2,<span title='原始值：10.18'>10.2</span>,<span title='原始值：8.2'>8.20</span>,<span title='原始值：11.33'>11.33</span>,<span title='原始值：443.74'>443.7</span>,<span title='原始值：33.97'>34.0</span>,<span title='原始值：3.455'>3.46</span>,<span title='原始值：0.0318'>0.032</span>,<span title='原始值：0.072'>0.072</span>,<span title='原始值：3.223'>3.22</span>,--,--
江苏省,太湖流域,黄埝桥,02-25 09:00,2,<span title='原始值：11.77'>11.8</span>,<span title='原始值：8.16'>8.16</span>,<span title='原始值：10.001'>10.00</span>,<span title='原始值：446.5'>446.5</span>,<span title='原始值：29.88'>29.9</span>,<span title='原始值：2.103'>2.10</span>,<span title='原始值：0.1028'>0.103</span>,<span title='原始值：0.0587'>0.059</span>,<span title='原始值：2.136'>2.14</span>,--,--
江苏省,太湖流域,落蓬湾,02-25 09:00,2,<span title='原始值：14.82'>14.8</span>,<span title='原始值：8.33'>8.33</span>,<span title='原始值：9.613'>9.61</span>,<span title='原始值：356.7'>356.7</span>,<span title='原始值：7.6'>7.6</span>,<span data-toggle='tooltip' data-placement='right' title='当天质控不合格'>--</span>,<span title='原始值：0.0307'>0.031</span>,<span title='原始值：0.0293'>0.029</span>,<span title='原始值：1.568'>1.57</span>,--,--
江苏省,太湖流域,九号桥,02-25 09:00,2,<span title='原始值：10.4'>10.4</span>,<span title='原始值：8.1'>8.10</span>,<span title='原始值：9.986'>9.99</span>,<span title='原始值：430.9'>430.9</span>,<span title='原始值：43.1'>43.1</span>,<span title='原始值：1.486'>1.49</span>,<span title='原始值：0.0568'>0.057</span>,<span title='原始值：0.0466'>0.047</span>,<span data-toggle='tooltip' data-placement='right' title='当天质控不合格'>--</span>,--,--
江苏省,太湖流域,胥湖心,02-25 09:00,3,<span title='原始值：11.07'>11.1</span>,<span title='原始值：8.263'>8.26</span>,<span title='原始值：10.565'>10.56</span>,<span title='原始值：405.138'>405.1</span>,<span title='原始值：49.526'>49.5</span>,<span title='原始值：3.457'>3.46</span>,<span title='原始值：0.0594'>0.059</span>,<span title='原始值：0.0327'>0.033</span>,<span title='原始值：1.11'>1.11</span>,<span title='原始值：0.00622'>0.006</span>,<span title='原始值：1.3E+07'>13000000</span>
江苏省,太湖流域,乌龟山南,02-25 09:00,4,<span title='原始值：10.42'>10.4</span>,<span title='原始值：8.157'>8.16</span>,<span title='原始值：10.83'>10.83</span>,<span title='原始值：487.225'>487.2</span>,<span title='原始值：58.957'>59.0</span>,<span title='原始值：3'>3.00</span>,<span title='原始值：0.0062'>0.006</span>,<span title='原始值：0.0526'>0.053</span>,<span title='原始值：2.107'>2.11</span>,<span title='原始值：0.0052'>0.005</span>,<span title='原始值：2708429'>2708429</span>
江苏省,太湖流域,望亭上游,02-25 08:00,2,<span title='原始值：12.02'>12.0</span>,<span title='原始值：7.46'>7.46</span>,<span title='原始值：9.56'>9.56</span>,<span title='原始值：703.4'>703.4</span>,<span title='原始值：21.72'>21.7</span>,<span title='原始值：2.288'>2.29</span>,<span title='原始值：0.2046'>0.205</span>,<span title='原始值：0.0782'>0.078</span>,<span title='原始值：2.781'>2.78</span>,--,--
江苏省,太湖流域,千灯浦口,02-25 09:00,2,<span title='原始值：11.82'>11.8</span>,<span title='原始值：7.767'>7.77</span>,<span title='原始值：9.892'>9.89</span>,<span title='原始值：576.971'>577.0</span>,<span title='原始值：41.937'>41.9</span>,<span title='原始值：3.1119'>3.11</span>,<span title='原始值：0.0512'>0.051</span>,<span title='原始值：0.0725'>0.072</span>,<span title='原始值：2.0381'>2.04</span>,--,--
江苏省,太湖流域,朱厍港口,02-25 09:00,3,<span title='原始值：11.1'>11.1</span>,<span title='原始值：7.41'>7.41</span>,<span title='原始值：5.35'>5.35</span>,<span title='原始值：729.6'>729.6</span>,<span title='原始值：31.2'>31.2</span>,<span title='原始值：2.934'>2.93</span>,<span title='原始值：0.041'>0.041</span>,<span title='原始值：0.041'>0.041</span>,<span title='原始值：2.256'>2.26</span>,--,--
江苏省,太湖流域,浏河闸,02-25 09:00,2,<span title='原始值：11.2'>11.2</span>,<span title='原始值：8.4'>8.40</span>,<span title='原始值：7.135'>7.14</span>,<span title='原始值：520.638'>520.6</span>,<span title='原始值：65.819'>65.8</span>,<span title='原始值：1.4937'>1.49</span>,<span title='原始值：0.0112'>0.011</span>,<span title='原始值：0.0667'>0.067</span>,<span title='原始值：2.2801'>2.28</span>,--,--
江苏省,太湖流域,江边闸,02-25 08:00,2,<span title='原始值：11.06'>11.1</span>,<span title='原始值：8.18'>8.18</span>,<span title='原始值：10.624'>10.62</span>,<span title='原始值：411.4'>411.4</span>,<span title='原始值：15.36'>15.4</span>,<span title='原始值：1.611'>1.61</span>,<span title='原始值：0.0292'>0.029</span>,<span title='原始值：0.0497'>0.050</span>,<span title='原始值：1.981'>1.98</span>,--,--
江苏省,太湖流域,瓜泾口西,02-25 09:00,2,<span title='原始值：10.27'>10.3</span>,<span title='原始值：7.96'>7.96</span>,<span title='原始值：10.86'>10.86</span>,<span title='原始值：453.2'>453.2</span>,<span title='原始值：6.11'>6.1</span>,<span title='原始值：2.35'>2.35</span>,<span title='原始值：0.04'>0.040</span>,<span title='原始值：0.019'>0.019</span>,<span title='原始值：0.666'>0.67</span>,--,--
江苏省,太湖流域,航管站,02-25 09:00,2,<span title='原始值：10.21'>10.2</span>,<span title='原始值：8'>8.00</span>,<span title='原始值：10.15'>10.15</span>,<span title='原始值：428.9'>428.9</span>,<span title='原始值：87.93'>87.9</span>,<span title='原始值：2.96'>2.96</span>,--,<span title='原始值：0.026'>0.026</span>,<span title='原始值：1.433'>1.43</span>,--,--
江苏省,太湖流域,越溪桥,02-25 09:00,2,<span title='原始值：11.55'>11.6</span>,<span title='原始值：7.85'>7.85</span>,<span title='原始值：8.46'>8.46</span>,<span title='原始值：440.7'>440.7</span>,<span title='原始值：10.6'>10.6</span>,<span title='原始值：3.364'>3.36</span>,<span title='原始值：0.3389'>0.339</span>,<span title='原始值：0.0576'>0.058</span>,<span title='原始值：1.112'>1.11</span>,--,--
江苏省,太湖流域,312国道桥,02-25 08:00,2,<span title='原始值：12.44'>12.4</span>,<span title='原始值：8.22'>8.22</span>,<span title='原始值：10.54'>10.54</span>,<span title='原始值：417.41'>417.4</span>,<span title='原始值：9.57'>9.6</span>,<span title='原始值：1.383'>1.38</span>,<span title='原始值：0.0373'>0.037</span>,<span title='原始值：0.025'>0.025</span>,<span title='原始值：1.509'>1.51</span>,--,--
江苏省,太湖流域,赵屯(石浦大桥),02-25 09:00,3,<span title='原始值：10.86'>10.9</span>,<span title='原始值：8.152'>8.15</span>,<span title='原始值：9.301'>9.30</span>,<span title='原始值：670.521'>670.5</span>,<span title='原始值：59.026'>59.0</span>,<span title='原始值：3.7191'>3.72</span>,<span title='原始值：0.1206'>0.121</span>,<span title='原始值：0.1511'>0.151</span>,<span title='原始值：3.3302'>3.33</span>,--,--
江苏省,淮河流域,东安闸桥西,02-25 09:00,2,<span title='原始值：11.63'>11.6</span>,<span title='原始值：8.2'>8.20</span>,<span title='原始值：12.224'>12.22</span>,<span title='原始值：1470.7'>1470.7</span>,<span title='原始值：16.14'>16.1</span>,<span title='原始值：3.775'>3.78</span>,<span title='原始值：0.064'>0.064</span>,<span title='原始值：0.0915'>0.092</span>,<span title='原始值：2.42'>2.42</span>,--,--
江苏省,长江流域,九圩港桥,02-25 09:00,2,<span title='原始值：10.86'>10.9</span>,<span title='原始值：7.9'>7.90</span>,<span title='原始值：9.939'>9.94</span>,<span title='原始值：419.7'>419.7</span>,<span title='原始值：15.47'>15.5</span>,<span title='原始值：0.86'>0.86</span>,<span title='原始值：0.03'>0.030</span>,<span title='原始值：0.0555'>0.056</span>,<span title='原始值：2.063'>2.06</span>,--,--
江苏省,长江流域,碾砣港闸,02-25 09:00,2,<span title='原始值：11.45'>11.4</span>,<span title='原始值：7.74'>7.74</span>,<span title='原始值：9.581'>9.58</span>,<span title='原始值：432'>432.0</span>,<span title='原始值：28.14'>28.1</span>,<span title='原始值：1.559'>1.56</span>,<span title='原始值：0.0614'>0.061</span>,<span title='原始值：0.0594'>0.059</span>,<span title='原始值：2.233'>2.23</span>,--,--
江苏省,长江流域,聚南大桥,02-25 09:00,2,<span title='原始值：14.3'>14.3</span>,<span title='原始值：8.38'>8.38</span>,<span title='原始值：9.8'>9.80</span>,<span title='原始值：533.5'>533.5</span>,<span title='原始值：1.49'>1.5</span>,<span title='原始值：3.59'>3.59</span>,<span title='原始值：0.0175'>0.018</span>,<span title='原始值：0.0316'>0.032</span>,<span title='原始值：1.708'>1.71</span>,--,--
江苏省,长江流域,大洋港桥,02-25 08:00,2,<span title='原始值：10.27'>10.3</span>,<span title='原始值：8.33'>8.33</span>,<span title='原始值：9.365'>9.36</span>,<span title='原始值：502.8'>502.8</span>,<span title='原始值：25.69'>25.7</span>,<span title='原始值：1.87'>1.87</span>,<span title='原始值：0.0163'>0.016</span>,<span title='原始值：0.0667'>0.067</span>,<span title='原始值：2.414'>2.41</span>,--,--
江苏省,长江流域,塘芦港闸,02-25 09:00,6,<span title='原始值：12.04'>12.0</span>,<span title='原始值：9.098'>9.10</span>,<span title='原始值：12.511'>12.51</span>,<span title='原始值：2009.27'>2009.3</span>,<span title='原始值：8.145'>8.1</span>,<span title='原始值：4.269'>4.27</span>,<span title='原始值：0.047'>0.047</span>,<span title='原始值：0.054'>0.054</span>,<span title='原始值：2.05'>2.05</span>,--,--
江苏省,淮河流域,小洋口,02-25 08:00,3,<span title='原始值：10.46'>10.5</span>,<span title='原始值：8.27'>8.27</span>,<span title='原始值：9.649'>9.65</span>,<span title='原始值：923.2'>923.2</span>,<span title='原始值：9.02'>9.0</span>,<span title='原始值：3.863'>3.86</span>,<span title='原始值：0.1086'>0.109</span>,<span title='原始值：0.1215'>0.122</span>,<span title='原始值：2.805'>2.80</span>,--,--
江苏省,淮河流域,环东闸口,02-25 09:00,2,<span title='原始值：12.34'>12.3</span>,<span title='原始值：8.12'>8.12</span>,<span title='原始值：9.713'>9.71</span>,<span title='原始值：667.1'>667.1</span>,<span title='原始值：37.04'>37.0</span>,<span title='原始值：2.838'>2.84</span>,<span title='原始值：0.0876'>0.088</span>,<span title='原始值：0.0878'>0.088</span>,<span title='原始值：2.196'>2.20</span>,--,--
江苏省,淮河流域,北凌新闸,02-25 08:00,3,<span title='原始值：11.86'>11.9</span>,<span title='原始值：8'>8.00</span>,<span title='原始值：6.875'>6.88</span>,<span title='原始值：1394.8'>1394.8</span>,<span title='原始值：12.12'>12.1</span>,<span title='原始值：4.975'>4.98</span>,<span title='原始值：0.5681'>0.568</span>,<span title='原始值：0.156'>0.156</span>,<span title='原始值：3.219'>3.22</span>,--,--
江苏省,淮河流域,新浦大桥,02-25 09:00,3,<span title='原始值：9.008'>9.0</span>,<span title='原始值：8.748'>8.75</span>,<span title='原始值：12.862'>12.86</span>,<span title='原始值：1085.209'>1085.2</span>,<span title='原始值：4.405'>4.4</span>,<span title='原始值：4.447'>4.45</span>,<span title='原始值：0.0014'>0.001</span>,<span title='原始值：0.0483'>0.048</span>,<span title='原始值：4.138'>4.14</span>,--,--
江苏省,淮河流域,柴米河桥,02-25 09:00,2,<span title='原始值：8.97'>9.0</span>,<span title='原始值：8.209'>8.21</span>,<span title='原始值：11.581'>11.58</span>,<span title='原始值：921.18'>921.2</span>,<span title='原始值：70.17'>70.2</span>,<span title='原始值：3.96'>3.96</span>,<span title='原始值：0.2664'>0.266</span>,<span title='原始值：0.0647'>0.065</span>,<span title='原始值：3.6161'>3.62</span>,--,--
江苏省,淮河流域,善后河闸,02-25 09:00,3,<span title='原始值：9.104'>9.1</span>,<span title='原始值：8.546'>8.55</span>,<span title='原始值：12.104'>12.10</span>,<span title='原始值：988.17'>988.2</span>,<span title='原始值：3.684'>3.7</span>,<span title='原始值：4.056'>4.06</span>,--,<span title='原始值：0.0746'>0.075</span>,<span title='原始值：4.178'>4.18</span>,--,--
江苏省,淮河流域,灌河大桥,02-25 09:00,5,<span title='原始值：16.09'>16.1</span>,<span title='原始值：8.276'>8.28</span>,<span title='原始值：9.397'>9.40</span>,--,<span title='原始值：35.11'>35.1</span>,<span title='原始值：6.592'>6.59</span>,<span title='原始值：0.7973'>0.797</span>,<span title='原始值：0.3074'>0.307</span>,<span title='原始值：4.209'>4.21</span>,--,--
江苏省,淮河流域,新村桥,02-25 09:00,3,<span title='原始值：11.731'>11.7</span>,<span title='原始值：8.299'>8.30</span>,<span title='原始值：11.183'>11.18</span>,<span title='原始值：876.47'>876.5</span>,<span title='原始值：9.74'>9.7</span>,<span title='原始值：4.826'>4.83</span>,<span title='原始值：0.0332'>0.033</span>,<span title='原始值：0.0387'>0.039</span>,<span title='原始值：4.084'>4.08</span>,--,--
江苏省,淮河流域,沭南闸,02-25 09:00,3,<span title='原始值：8.942'>8.9</span>,<span title='原始值：8.206'>8.21</span>,<span title='原始值：10.52'>10.52</span>,<span title='原始值：641.83'>641.8</span>,<span title='原始值：1.75'>1.8</span>,<span title='原始值：4.796'>4.80</span>,<span title='原始值：0.0513'>0.051</span>,<span title='原始值：0.0403'>0.040</span>,<span title='原始值：4.147'>4.15</span>,--,--
江苏省,淮河流域,袁闸,02-25 09:00,3,<span title='原始值：14.59'>14.6</span>,<span title='原始值：8.033'>8.03</span>,<span title='原始值：9.324'>9.32</span>,<span title='原始值：922.37'>922.4</span>,<span title='原始值：58.58'>58.6</span>,<span title='原始值：4.296'>4.30</span>,<span title='原始值：0.3736'>0.374</span>,<span title='原始值：0.0648'>0.065</span>,<span title='原始值：4.037'>4.04</span>,--,--
江苏省,淮河流域,墩尚水漫桥,02-25 09:00,3,<span title='原始值：6.22'>6.2</span>,<span title='原始值：7.934'>7.93</span>,<span title='原始值：7.082'>7.08</span>,<span title='原始值：708.512'>708.5</span>,<span title='原始值：1.736'>1.7</span>,<span title='原始值：4.358'>4.36</span>,<span title='原始值：0.022'>0.022</span>,<span title='原始值：0.04'>0.040</span>,<span title='原始值：4.755'>4.76</span>,--,--
江苏省,淮河流域,烧香北闸,02-25 09:00,3,<span title='原始值：9.056'>9.1</span>,<span title='原始值：8.343'>8.34</span>,<span title='原始值：10.542'>10.54</span>,<span title='原始值：2146.6'>2146.6</span>,<span title='原始值：37.2'>37.2</span>,<span title='原始值：5.182'>5.18</span>,<span title='原始值：0.3775'>0.378</span>,<span title='原始值：0.0695'>0.070</span>,<span title='原始值：6.384'>6.38</span>,--,--
江苏省,淮河流域,大浦闸,02-25 09:00,3,<span title='原始值：10.76'>10.8</span>,<span title='原始值：7.731'>7.73</span>,<span title='原始值：12.358'>12.36</span>,<span title='原始值：1545.7'>1545.7</span>,<span title='原始值：12.25'>12.2</span>,<span title='原始值：4.066'>4.07</span>,<span title='原始值：0.0413'>0.041</span>,<span title='原始值：0.0496'>0.050</span>,<span title='原始值：6.593'>6.59</span>,--,--
江苏省,淮河流域,大板跳闸,02-25 09:00,3,<span title='原始值：8.894'>8.9</span>,<span title='原始值：8.057'>8.06</span>,<span title='原始值：13.057'>13.06</span>,<span title='原始值：1906.01'>1906.0</span>,<span title='原始值：478.48'>478.5</span>,<span title='原始值：4.417'>4.42</span>,<span title='原始值：0.0114'>0.011</span>,<span title='原始值：0.0467'>0.047</span>,<span title='原始值：6.768'>6.77</span>,--,--
江苏省,淮河流域,海头大桥,02-25 09:00,2,<span title='原始值：9.21'>9.2</span>,<span title='原始值：8.19'>8.19</span>,<span title='原始值：10.998'>11.00</span>,<span title='原始值：1142.53'>1142.5</span>,<span title='原始值：3.11'>3.1</span>,<span title='原始值：3.58'>3.58</span>,<span title='原始值：0.0314'>0.031</span>,<span title='原始值：0.0634'>0.063</span>,<span title='原始值：6.794'>6.79</span>,--,--
江苏省,淮河流域,坝头桥,02-25 09:00,3,<span title='原始值：9.085'>9.1</span>,<span title='原始值：8.647'>8.65</span>,<span title='原始值：14.289'>14.29</span>,<span title='原始值：618.17'>618.2</span>,<span title='原始值：5.89'>5.9</span>,<span title='原始值：4.57'>4.57</span>,--,<span title='原始值：0.0133'>0.013</span>,<span title='原始值：2.987'>2.99</span>,--,--
江苏省,淮河流域,郑园桥,02-25 09:00,3,<span title='原始值：9.01'>9.0</span>,<span title='原始值：8.097'>8.10</span>,<span title='原始值：11.677'>11.68</span>,<span title='原始值：991.05'>991.0</span>,<span title='原始值：8.28'>8.3</span>,<span title='原始值：4.192'>4.19</span>,<span title='原始值：0.1896'>0.190</span>,<span title='原始值：0.0619'>0.062</span>,<span title='原始值：4.071'>4.07</span>,--,--
江苏省,淮河流域,四队桥,02-25 09:00,3,<span title='原始值：9.44'>9.4</span>,<span title='原始值：8.16'>8.16</span>,<span title='原始值：10.797'>10.80</span>,<span title='原始值：1079.11'>1079.1</span>,<span title='原始值：5.13'>5.1</span>,<span title='原始值：5.909'>5.91</span>,<span title='原始值：0.0456'>0.046</span>,<span title='原始值：0.0639'>0.064</span>,<span title='原始值：4.722'>4.72</span>,--,--
江苏省,淮河流域,新浦二桥,02-25 09:00,3,<span title='原始值：9.12'>9.1</span>,<span title='原始值：8.505'>8.50</span>,<span title='原始值：11.874'>11.87</span>,<span title='原始值：886.011'>886.0</span>,<span title='原始值：11.03'>11.0</span>,<span title='原始值：4.563'>4.56</span>,<span title='原始值：0.0174'>0.017</span>,<span title='原始值：0.0509'>0.051</span>,<span data-toggle='tooltip' data-placement='right' title='当天质控不合格'>--</span>,--,--
江苏省,淮河流域,淮河大桥,02-25 08:00,2,<span title='原始值：9.06'>9.1</span>,<span title='原始值：8.425'>8.42</span>,<span title='原始值：11.79'>11.79</span>,<span title='原始值：856.63'>856.6</span>,<span title='原始值：15.4'>15.4</span>,<span title='原始值：3.395'>3.40</span>,<span title='原始值：0.0494'>0.049</span>,<span title='原始值：0.0317'>0.032</span>,<span title='原始值：3.743'>3.74</span>,--,--
江苏省,淮河流域,五叉河口,02-25 08:00,2,<span title='原始值：9.17'>9.2</span>,<span title='原始值：8.527'>8.53</span>,<span title='原始值：11.256'>11.26</span>,<span title='原始值：874.968'>875.0</span>,<span title='原始值：33.699'>33.7</span>,<span title='原始值：2.994'>2.99</span>,<span title='原始值：0.078'>0.078</span>,<span title='原始值：0.0375'>0.038</span>,<span title='原始值：2.927'>2.93</span>,--,--
江苏省,淮河流域,戴楼衡阳(塔集),02-25 08:00,2,<span title='原始值：8.86'>8.9</span>,<span title='原始值：8.4'>8.40</span>,<span title='原始值：9.92'>9.92</span>,<span title='原始值：711.06'>711.1</span>,<span title='原始值：15.87'>15.9</span>,<span title='原始值：3.27'>3.27</span>,<span title='原始值：0.0898'>0.090</span>,<span title='原始值：0.048'>0.048</span>,<span title='原始值：3.093'>3.09</span>,<span title='原始值：0.01868'>0.019</span>,--
江苏省,淮河流域,总渠苏嘴,02-25 09:00,2,<span title='原始值：8.78'>8.8</span>,<span title='原始值：8.311'>8.31</span>,<span title='原始值：10.965'>10.96</span>,<span title='原始值：835.04'>835.0</span>,<span title='原始值：33.67'>33.7</span>,<span title='原始值：2.583'>2.58</span>,<span title='原始值：0.0398'>0.040</span>,<span title='原始值：0.0311'>0.031</span>,<span title='原始值：3.243'>3.24</span>,--,--
江苏省,淮河流域,唐曹,02-25 08:00,3,<span title='原始值：10.6'>10.6</span>,<span title='原始值：7.98'>7.98</span>,<span title='原始值：7.629'>7.63</span>,<span title='原始值：823.3'>823.3</span>,<span title='原始值：31.28'>31.3</span>,<span title='原始值：3.633'>3.63</span>,<span title='原始值：0.8383'>0.838</span>,<span title='原始值：0.0973'>0.097</span>,<span title='原始值：3.516'>3.52</span>,--,--
江苏省,淮河流域,新洋港闸,02-25 09:00,2,<span title='原始值：9.19'>9.2</span>,<span title='原始值：7.984'>7.98</span>,<span title='原始值：10.146'>10.15</span>,<span title='原始值：854.11'>854.1</span>,<span title='原始值：7.42'>7.4</span>,<span title='原始值：3.604'>3.60</span>,<span title='原始值：0.1106'>0.111</span>,<span title='原始值：0.0816'>0.082</span>,<span title='原始值：2.507'>2.51</span>,--,--
江苏省,淮河流域,富民桥,02-25 09:00,2,<span title='原始值：10.3'>10.3</span>,<span title='原始值：7.801'>7.80</span>,<span title='原始值：9.212'>9.21</span>,<span title='原始值：628.79'>628.8</span>,<span title='原始值：10.64'>10.6</span>,<span title='原始值：1.394'>1.39</span>,<span title='原始值：0.0698'>0.070</span>,<span title='原始值：0.0498'>0.050</span>,<span title='原始值：1.957'>1.96</span>,--,--
江苏省,淮河流域,龙冈凤凰桥,02-25 09:00,2,<span title='原始值：10.66'>10.7</span>,<span title='原始值：7.912'>7.91</span>,<span title='原始值：10.072'>10.07</span>,<span title='原始值：623.67'>623.7</span>,<span title='原始值：13.76'>13.8</span>,<span title='原始值：3.211'>3.21</span>,<span title='原始值：0.0818'>0.082</span>,<span title='原始值：0.0555'>0.056</span>,<span title='原始值：2.137'>2.14</span>,--,--
江苏省,淮河流域,六垛闸,02-25 07:00,2,<span title='原始值：8.465'>8.5</span>,<span title='原始值：7.77'>7.77</span>,<span title='原始值：10.579'>10.58</span>,<span title='原始值：800.83'>800.8</span>,<span title='原始值：9.45'>9.4</span>,<span title='原始值：2.459'>2.46</span>,<span title='原始值：0.0214'>0.021</span>,<span title='原始值：0.0201'>0.020</span>,<span title='原始值：3.619'>3.62</span>,--,--
江苏省,淮河流域,泰东大桥,02-25 09:00,2,<span title='原始值：10.95'>11.0</span>,<span title='原始值：7.3'>7.30</span>,<span title='原始值：10.443'>10.44</span>,<span title='原始值：442.02'>442.0</span>,<span title='原始值：7.81'>7.8</span>,<span title='原始值：1.59'>1.59</span>,<span title='原始值：0.043'>0.043</span>,<span title='原始值：0.074'>0.074</span>,<span title='原始值：2.02'>2.02</span>,--,--
江苏省,淮河流域,城北大桥,02-25 09:00,3,<span title='原始值：10.426'>10.4</span>,<span title='原始值：8.198'>8.20</span>,<span title='原始值：10.176'>10.18</span>,<span title='原始值：866.71'>866.7</span>,<span title='原始值：9.41'>9.4</span>,<span title='原始值：5.061'>5.06</span>,<span title='原始值：0.1205'>0.120</span>,<span title='原始值：0.1093'>0.109</span>,<span title='原始值：3.212'>3.21</span>,--,--
江苏省,淮河流域,草堰大桥,02-25 09:00,2,<span title='原始值：10.027'>10.0</span>,<span title='原始值：8.23'>8.23</span>,<span title='原始值：9.325'>9.32</span>,<span title='原始值：573.919'>573.9</span>,<span title='原始值：88.704'>88.7</span>,<span title='原始值：2.958'>2.96</span>,<span title='原始值：0.1289'>0.129</span>,<span title='原始值：0.0676'>0.068</span>,<span title='原始值：2.444'>2.44</span>,--,--
江苏省,淮河流域,射阳河闸,02-25 09:00,3,<span title='原始值：8.94'>8.9</span>,<span title='原始值：8.079'>8.08</span>,<span title='原始值：10.691'>10.69</span>,<span title='原始值：905.25'>905.2</span>,<span title='原始值：18.53'>18.5</span>,<span title='原始值：4.517'>4.52</span>,<span title='原始值：0.17'>0.170</span>,<span title='原始值：0.1012'>0.101</span>,<span title='原始值：2.455'>2.46</span>,--,--
江苏省,淮河流域,黄沙港闸,02-25 09:00,3,<span title='原始值：9.74'>9.7</span>,<span title='原始值：7.964'>7.96</span>,<span title='原始值：10.078'>10.08</span>,<span title='原始值：832.93'>832.9</span>,<span title='原始值：7.49'>7.5</span>,<span title='原始值：4.823'>4.82</span>,<span title='原始值：0.0722'>0.072</span>,<span title='原始值：0.1572'>0.157</span>,<span title='原始值：2.639'>2.64</span>,--,--
江苏省,淮河流域,斗龙港闸,02-25 09:00,2,<span title='原始值：8.544'>8.5</span>,<span title='原始值：7.689'>7.69</span>,<span title='原始值：9.755'>9.76</span>,<span title='原始值：1334.846'>1334.8</span>,<span title='原始值：16.255'>16.3</span>,<span title='原始值：3.376'>3.38</span>,<span title='原始值：0.2635'>0.264</span>,<span title='原始值：0.0973'>0.097</span>,<span title='原始值：2.815'>2.82</span>,--,--
江苏省,淮河流域,川东闸,02-25 09:00,2,<span title='原始值：10.2'>10.2</span>,<span title='原始值：8.59'>8.59</span>,<span title='原始值：11.598'>11.60</span>,<span title='原始值：1546.14'>1546.1</span>,<span title='原始值：5.79'>5.8</span>,<span title='原始值：3.939'>3.94</span>,<span title='原始值：0.0965'>0.096</span>,<span title='原始值：0.0587'>0.059</span>,<span title='原始值：3.456'>3.46</span>,--,--
江苏省,淮河流域,头罾闸,02-25 09:00,2,<span title='原始值：8.61'>8.6</span>,<span title='原始值：8.524'>8.52</span>,<span title='原始值：10.125'>10.12</span>,<span title='原始值：791.01'>791.0</span>,<span title='原始值：61.66'>61.7</span>,<span title='原始值：2.914'>2.91</span>,<span title='原始值：0.0289'>0.029</span>,<span title='原始值：0.0271'>0.027</span>,<span title='原始值：2.932'>2.93</span>,--,--
江苏省,淮河流域,王港闸,02-25 09:00,2,<span title='原始值：8.93'>8.9</span>,<span title='原始值：8.702'>8.70</span>,<span title='原始值：12.912'>12.91</span>,<span title='原始值：2209.28'>2209.3</span>,<span title='原始值：28.21'>28.2</span>,<span title='原始值：3.41'>3.41</span>,<span title='原始值：0.0423'>0.042</span>,<span title='原始值：0.0614'>0.061</span>,<span title='原始值：2.232'>2.23</span>,--,--
江苏省,长江流域,三江营,02-25 09:00,2,<span title='原始值：11.1'>11.1</span>,<span title='原始值：8.353'>8.35</span>,<span title='原始值：10.474'>10.47</span>,<span title='原始值：452'>452.0</span>,<span title='原始值：35.2'>35.2</span>,<span title='原始值：1.328'>1.33</span>,<span title='原始值：0.0722'>0.072</span>,<span title='原始值：0.041'>0.041</span>,<span title='原始值：1.981'>1.98</span>,--,--
江苏省,淮河流域,槐泗河口,02-25 08:00,2,<span title='原始值：10.07'>10.1</span>,<span title='原始值：8.56'>8.56</span>,<span title='原始值：9.375'>9.38</span>,<span title='原始值：627.6'>627.6</span>,<span title='原始值：33.29'>33.3</span>,<span title='原始值：3.165'>3.16</span>,<span title='原始值：0.0406'>0.041</span>,<span title='原始值：0.0337'>0.034</span>,<span title='原始值：2.245'>2.24</span>,--,--
江苏省,淮河流域,大运河船闸(宝应船闸),02-25 08:00,2,<span title='原始值：9.04'>9.0</span>,<span title='原始值：8.41'>8.41</span>,<span title='原始值：10.443'>10.44</span>,<span title='原始值：834.5'>834.5</span>,<span title='原始值：40.9'>40.9</span>,<span title='原始值：3.991'>3.99</span>,<span title='原始值：0.0376'>0.038</span>,<span title='原始值：0.0381'>0.038</span>,<span title='原始值：3.169'>3.17</span>,--,--
江苏省,淮河流域,三垛西大桥,02-25 09:00,2,<span title='原始值：9.31'>9.3</span>,<span title='原始值：7.929'>7.93</span>,<span title='原始值：9.275'>9.28</span>,<span title='原始值：944.1'>944.1</span>,<span title='原始值：26.3'>26.3</span>,<span title='原始值：3.365'>3.36</span>,<span title='原始值：0.2009'>0.201</span>,<span title='原始值：0.069'>0.069</span>,<span title='原始值：2.87'>2.87</span>,--,--
江苏省,淮河流域,江都西闸,02-25 09:00,2,<span title='原始值：9.81'>9.8</span>,<span title='原始值：7.991'>7.99</span>,<span title='原始值：11.037'>11.04</span>,<span title='原始值：454.5'>454.5</span>,<span title='原始值：33.5'>33.5</span>,<span title='原始值：0.388'>0.39</span>,<span data-toggle='tooltip' data-placement='right' title='当天质控不合格'>--</span>,<span title='原始值：0.0666'>0.067</span>,<span title='原始值：2.113'>2.11</span>,--,--
江苏省,长江流域,冻青桥,02-25 09:00,3,<span title='原始值：10.27'>10.3</span>,<span title='原始值：7.95'>7.95</span>,<span title='原始值：10.092'>10.09</span>,<span title='原始值：658.9'>658.9</span>,<span title='原始值：27.62'>27.6</span>,<span title='原始值：4.939'>4.94</span>,<span title='原始值：0.311'>0.311</span>,<span title='原始值：0.0704'>0.070</span>,<span title='原始值：2.771'>2.77</span>,--,--
江苏省,长江流域,小河口上游,02-25 08:00,2,<span title='原始值：11.44'>11.4</span>,<span title='原始值：7.65'>7.65</span>,<span title='原始值：10.422'>10.42</span>,<span title='原始值：428.6'>428.6</span>,<span title='原始值：8.45'>8.4</span>,<span title='原始值：0.912'>0.91</span>,<span title='原始值：0.0425'>0.042</span>,<span title='原始值：0.0371'>0.037</span>,<span title='原始值：1.844'>1.84</span>,--,--
江苏省,淮河流域,曹庄桥,02-25 08:00,2,<span title='原始值：10.32'>10.3</span>,<span title='原始值：8.08'>8.08</span>,<span title='原始值：10.349'>10.35</span>,<span title='原始值：449.6'>449.6</span>,<span title='原始值：22.54'>22.5</span>,<span title='原始值：1.999'>2.00</span>,<span title='原始值：0.046'>0.046</span>,<span title='原始值：0.0565'>0.056</span>,<span title='原始值：2.222'>2.22</span>,--,--
江苏省,太湖流域,辛丰镇,02-25 09:00,2,<span title='原始值：12.4'>12.4</span>,<span title='原始值：7.96'>7.96</span>,<span title='原始值：9.417'>9.42</span>,<span title='原始值：416.4'>416.4</span>,<span title='原始值：17.86'>17.9</span>,<span title='原始值：1.268'>1.27</span>,<span title='原始值：0.0642'>0.064</span>,<span title='原始值：0.0503'>0.050</span>,<span title='原始值：2.313'>2.31</span>,--,--
江苏省,太湖流域,林家闸,02-25 09:00,2,<span title='原始值：11.368'>11.4</span>,<span title='原始值：7.94'>7.94</span>,<span title='原始值：10.601'>10.60</span>,<span title='原始值：414.281'>414.3</span>,<span title='原始值：8.152'>8.2</span>,<span title='原始值：1.53'>1.53</span>,<span title='原始值：0.044'>0.044</span>,<span title='原始值：0.041'>0.041</span>,<span title='原始值：1.945'>1.94</span>,--,--
江苏省,长江流域,新河桥,02-25 09:00,2,<span title='原始值：18.4'>18.4</span>,<span title='原始值：8.09'>8.09</span>,<span title='原始值：9.749'>9.75</span>,<span title='原始值：324.2'>324.2</span>,<span title='原始值：2.75'>2.8</span>,<span title='原始值：1.957'>1.96</span>,<span title='原始值：0.0505'>0.050</span>,<span title='原始值：0.0296'>0.030</span>,<span title='原始值：1.407'>1.41</span>,--,--
江苏省,太湖流域,新港桥,02-25 09:00,2,<span title='原始值：11.85'>11.8</span>,<span title='原始值：8.09'>8.09</span>,<span title='原始值：10.283'>10.28</span>,<span title='原始值：399.8'>399.8</span>,<span title='原始值：1.7'>1.7</span>,<span title='原始值：1.954'>1.95</span>,<span title='原始值：0.0247'>0.025</span>,<span title='原始值：0.0292'>0.029</span>,<span title='原始值：1.527'>1.53</span>,--,--
江苏省,太湖流域,吕城,02-25 09:00,2,<span title='原始值：11.561'>11.6</span>,<span title='原始值：8.34'>8.34</span>,<span title='原始值：11.06'>11.06</span>,<span title='原始值：440.217'>440.2</span>,<span title='原始值：21.923'>21.9</span>,<span title='原始值：2.092'>2.09</span>,<span title='原始值：0.061'>0.061</span>,<span title='原始值：0.068'>0.068</span>,<span title='原始值：2.401'>2.40</span>,--,--
江苏省,淮河流域,海陵大桥,02-25 09:00,2,<span title='原始值：10.84'>10.8</span>,<span title='原始值：8.11'>8.11</span>,<span title='原始值：10.394'>10.39</span>,<span title='原始值：399.9'>399.9</span>,<span title='原始值：5.2'>5.2</span>,<span title='原始值：1.375'>1.38</span>,<span title='原始值：0.0494'>0.049</span>,<span title='原始值：0.0426'>0.043</span>,<span title='原始值：2.194'>2.19</span>,--,--
江苏省,长江流域,马甸闸西,02-25 09:00,2,<span title='原始值：10.93'>10.9</span>,<span title='原始值：8.67'>8.67</span>,<span title='原始值：10.965'>10.96</span>,<span title='原始值：432.1'>432.1</span>,<span title='原始值：13.61'>13.6</span>,<span title='原始值：1.647'>1.65</span>,<span title='原始值：0.0523'>0.052</span>,<span title='原始值：0.0389'>0.039</span>,<span title='原始值：1.97'>1.97</span>,--,--
江苏省,长江流域,祥和大桥,02-25 09:00,3,<span title='原始值：10.9'>10.9</span>,<span title='原始值：8.99'>8.99</span>,<span title='原始值：17.884'>17.88</span>,<span title='原始值：432.8'>432.8</span>,<span title='原始值：23.43'>23.4</span>,<span title='原始值：4.925'>4.92</span>,<span title='原始值：0.1328'>0.133</span>,<span title='原始值：0.0955'>0.096</span>,<span title='原始值：2.147'>2.15</span>,--,--
江苏省,长江流域,新十圩港大桥,02-25 09:00,1,<span title='原始值：10.68'>10.7</span>,<span title='原始值：8.08'>8.08</span>,<span title='原始值：9.885'>9.88</span>,<span title='原始值：519.4'>519.4</span>,<span title='原始值：17.91'>17.9</span>,<span title='原始值：1.613'>1.61</span>,<span title='原始值：0.0543'>0.054</span>,<span title='原始值：0.0004'>0.0004</span>,<span title='原始值：1.834'>1.83</span>,--,--
江苏省,长江流域,夏仕港大桥,02-25 09:00,2,<span title='原始值：10.81'>10.8</span>,<span title='原始值：8.242'>8.24</span>,<span title='原始值：10.708'>10.71</span>,<span title='原始值：429.17'>429.2</span>,<span title='原始值：16.86'>16.9</span>,<span title='原始值：1.561'>1.56</span>,<span title='原始值：0.0256'>0.026</span>,<span title='原始值：0.0584'>0.058</span>,<span title='原始值：1.9'>1.90</span>,--,--
江苏省,淮河流域,骆马湖乡,02-25 09:00,1,<span title='原始值：7.83'>7.8</span>,<span title='原始值：8.3472'>8.35</span>,<span title='原始值：12.4216'>12.42</span>,<span title='原始值：861.733'>861.7</span>,<span title='原始值：27.836'>27.8</span>,<span data-toggle='tooltip' data-placement='right' title='当天质控不合格'>--</span>,<span data-toggle='tooltip' data-placement='right' title='当天质控不合格'>--</span>,<span data-toggle='tooltip' data-placement='right' title='当天质控不合格'>--</span>,<span data-toggle='tooltip' data-placement='right' title='当天质控不合格'>--</span>,--,<span title='原始值：6144804'>6144804</span>
江苏省,淮河流域,三场,02-25 09:00,1,<span title='原始值：7.62'>7.6</span>,<span title='原始值：8.4078'>8.41</span>,<span title='原始值：13.917'>13.92</span>,<span title='原始值：875.59'>875.6</span>,<span title='原始值：725.2734'>725.3</span>,<span data-toggle='tooltip' data-placement='right' title='当天质控不合格'>--</span>,<span data-toggle='tooltip' data-placement='right' title='当天质控不合格'>--</span>,<span data-toggle='tooltip' data-placement='right' title='当天质控不合格'>--</span>,<span data-toggle='tooltip' data-placement='right' title='当天质控不合格'>--</span>,<span title='原始值：0.00912'>0.009</span>,<span title='原始值：1.254497E+07'>12544970</span>
江苏省,淮河流域,马陵翻水站,02-25 08:00,3,<span title='原始值：9.12'>9.1</span>,<span title='原始值：8.32'>8.32</span>,<span title='原始值：10.7'>10.70</span>,<span title='原始值：1093.42'>1093.4</span>,<span title='原始值：17.27'>17.3</span>,<span title='原始值：4.013'>4.01</span>,<span title='原始值：0.0378'>0.038</span>,<span title='原始值：0.0351'>0.035</span>,<span title='原始值：2.502'>2.50</span>,--,--
江苏省,淮河流域,临淮乡入湖口,02-25 08:00,2,<span title='原始值：10.6'>10.6</span>,<span title='原始值：8.267'>8.27</span>,<span title='原始值：9.984'>9.98</span>,<span title='原始值：853.8'>853.8</span>,<span title='原始值：20.6'>20.6</span>,<span title='原始值：3.797'>3.80</span>,<span title='原始值：0.0483'>0.048</span>,<span title='原始值：0.0383'>0.038</span>,<span title='原始值：2.214'>2.21</span>,--,--
江苏省,淮河流域,砖瓦厂,02-25 08:00,3,<span title='原始值：10.28'>10.3</span>,<span title='原始值：8.37'>8.37</span>,<span title='原始值：12.685'>12.68</span>,<span title='原始值：1048.3'>1048.3</span>,<span title='原始值：10.58'>10.6</span>,<span title='原始值：4.472'>4.47</span>,<span title='原始值：0.011'>0.011</span>,<span title='原始值：0.0369'>0.037</span>,<span title='原始值：2.876'>2.88</span>,--,--
江苏省,淮河流域,顾勒大桥,02-25 08:00,2,<span title='原始值：9.522'>9.5</span>,<span title='原始值：8.244'>8.24</span>,<span title='原始值：11.18'>11.18</span>,<span title='原始值：833.21'>833.2</span>,<span title='原始值：8.36'>8.4</span>,<span title='原始值：3.464'>3.46</span>,<span title='原始值：0.046'>0.046</span>,<span title='原始值：0.0343'>0.034</span>,<span title='原始值：1.955'>1.96</span>,--,--
江苏省,淮河流域,团结闸,02-25 08:00,3,<span title='原始值：9.35'>9.4</span>,<span title='原始值：8.18'>8.18</span>,<span title='原始值：11.157'>11.16</span>,<span title='原始值：979.2'>979.2</span>,<span title='原始值：12.39'>12.4</span>,<span title='原始值：5.052'>5.05</span>,<span title='原始值：0.0099'>0.010</span>,<span title='原始值：0.0559'>0.056</span>,<span title='原始值：3.647'>3.65</span>,--,--
江苏省,淮河流域,大屈,02-25 09:00,3,<span title='原始值：10.893'>10.9</span>,<span title='原始值：8.341'>8.34</span>,<span title='原始值：11.526'>11.53</span>,<span title='原始值：905.062'>905.1</span>,<span title='原始值：4.265'>4.3</span>,<span title='原始值：5.165'>5.16</span>,--,<span title='原始值：0.0509'>0.051</span>,<span title='原始值：1.831'>1.83</span>,--,--
浙江省,浙闽片河流,小金山,02-25 09:00,1,<span title='原始值：12.79'>12.8</span>,<span title='原始值：7.595'>7.60</span>,<span title='原始值：10.344'>10.34</span>,<span title='原始值：141.932'>141.9</span>,<span title='原始值：1.953'>2.0</span>,<span title='原始值：0.8556'>0.86</span>,--,<span title='原始值：0.0066'>0.007</span>,<span title='原始值：0.7449'>0.74</span>,--,--
浙江省,浙闽片河流,三潭岛,02-25 09:00,1,<span title='原始值：12.85'>12.8</span>,<span title='原始值：7.56'>7.56</span>,<span title='原始值：9.242'>9.24</span>,<span title='原始值：124.284'>124.3</span>,<span title='原始值：1.783'>1.8</span>,<span title='原始值：1.3122'>1.31</span>,--,<span title='原始值：0.0063'>0.006</span>,<span title='原始值：0.6492'>0.65</span>,--,--
浙江省,浙闽片河流,千岛湖大坝前,02-25 09:00,1,<span title='原始值：13.66'>13.7</span>,<span title='原始值：7.51'>7.51</span>,<span title='原始值：10.044'>10.04</span>,<span title='原始值：121.997'>122.0</span>,<span title='原始值：2.821'>2.8</span>,<span title='原始值：0.8809'>0.88</span>,--,<span title='原始值：0.0033'>0.003</span>,<span title='原始值：0.7031'>0.70</span>,--,--
浙江省,太湖流域,奉口,02-25 09:00,2,<span title='原始值：13.3'>13.3</span>,<span title='原始值：7.82'>7.82</span>,<span title='原始值：7.39'>7.39</span>,<span title='原始值：407.5'>407.5</span>,<span title='原始值：4.64'>4.6</span>,<span title='原始值：2.52'>2.52</span>,<span title='原始值：0.038'>0.038</span>,<span title='原始值：0.03'>0.030</span>,<span title='原始值：2.592'>2.59</span>,--,--
浙江省,浙闽片河流,桐君山,02-25 09:00,2,<span title='原始值：12.62'>12.6</span>,<span title='原始值：7.87'>7.87</span>,<span title='原始值：10.842'>10.84</span>,<span title='原始值：275.1'>275.1</span>,<span title='原始值：10.3'>10.3</span>,<span title='原始值：1.087'>1.09</span>,<span title='原始值：0.0887'>0.089</span>,<span title='原始值：0.042'>0.042</span>,<span title='原始值：1.293'>1.29</span>,--,--
浙江省,浙闽片河流,洋溪渡,02-25 09:00,1,<span title='原始值：13.08'>13.1</span>,<span title='原始值：7.44'>7.44</span>,<span title='原始值：8.649'>8.65</span>,<span title='原始值：159.191'>159.2</span>,<span title='原始值：2.934'>2.9</span>,<span title='原始值：1.085'>1.08</span>,--,<span title='原始值：0.0087'>0.009</span>,<span title='原始值：0.8142'>0.81</span>,--,--
浙江省,浙闽片河流,桐庐,02-25 08:00,2,<span title='原始值：12.81'>12.8</span>,<span title='原始值：7.59'>7.59</span>,<span title='原始值：9.952'>9.95</span>,<span title='原始值：454.5'>454.5</span>,<span title='原始值：9.9'>9.9</span>,<span title='原始值：2.05'>2.05</span>,<span title='原始值：0.0633'>0.063</span>,<span title='原始值：0.027'>0.027</span>,<span data-toggle='tooltip' data-placement='right' title='当天质控不合格'>--</span>,--,--
浙江省,浙闽片河流,街口(鸠坑口),02-25 09:00,2,<span title='原始值：13'>13.0</span>,<span title='原始值：7.52'>7.52</span>,<span title='原始值：10.12'>10.12</span>,<span title='原始值：161.01'>161.0</span>,<span title='原始值：5.64'>5.6</span>,<span title='原始值：0.992'>0.99</span>,<span title='原始值：0.006'>0.006</span>,<span title='原始值：0.022'>0.022</span>,<span title='原始值：0.712'>0.71</span>,--,--
浙江省,浙闽片河流,溪口,02-25 09:00,1,<span title='原始值：13.83'>13.8</span>,<span title='原始值：6.68'>6.68</span>,<span title='原始值：8.316'>8.32</span>,<span title='原始值：101.57'>101.6</span>,<span title='原始值：7.43'>7.4</span>,<span title='原始值：0.742'>0.74</span>,<span title='原始值：0.0045'>0.004</span>,<span title='原始值：0.0075'>0.008</span>,<span title='原始值：1.058'>1.06</span>,--,--
浙江省,浙闽片河流,清林渡,02-25 09:00,3,<span title='原始值：12.585'>12.6</span>,<span title='原始值：7.681'>7.68</span>,<span title='原始值：9.572'>9.57</span>,<span title='原始值：515.644'>515.6</span>,<span title='原始值：13.478'>13.5</span>,<span title='原始值：4.06'>4.06</span>,<span title='原始值：0.594'>0.594</span>,<span title='原始值：0.1025'>0.102</span>,<span title='原始值：3.55'>3.55</span>,--,--
浙江省,浙闽片河流,水车,02-25 09:00,3,<span title='原始值：14.102'>14.1</span>,<span title='原始值：8.68'>8.68</span>,<span title='原始值：11.509'>11.51</span>,<span title='原始值：4463.03'>4463.0</span>,<span title='原始值：5.91'>5.9</span>,<span title='原始值：4.252'>4.25</span>,<span title='原始值：0.066'>0.066</span>,<span title='原始值：0.0171'>0.017</span>,<span title='原始值：1.929'>1.93</span>,--,--
浙江省,浙闽片河流,大嵩,02-25 09:00,2,<span title='原始值：13.53'>13.5</span>,<span title='原始值：8.6'>8.60</span>,<span title='原始值：12.96'>12.96</span>,<span title='原始值：1603.52'>1603.5</span>,<span title='原始值：5.8'>5.8</span>,<span title='原始值：3.832'>3.83</span>,<span title='原始值：0.0197'>0.020</span>,<span title='原始值：0.045'>0.045</span>,<span title='原始值：1.24'>1.24</span>,--,--
浙江省,浙闽片河流,北湖中心,02-25 07:00,3,<span title='原始值：12.72'>12.7</span>,<span title='原始值：6.91'>6.91</span>,<span title='原始值：9.196'>9.20</span>,<span title='原始值：103.22'>103.2</span>,<span title='原始值：36.91'>36.9</span>,<span title='原始值：2.916'>2.92</span>,<span title='原始值：0.0398'>0.040</span>,<span title='原始值：0.039'>0.039</span>,<span title='原始值：1.27'>1.27</span>,<span title='原始值：0.00787'>0.008</span>,<span title='原始值：129208'>129208</span>
浙江省,浙闽片河流,长汀,02-25 09:00,6,<span title='原始值：14.21'>14.2</span>,<span title='原始值：9.11'>9.11</span>,<span title='原始值：10.396'>10.40</span>,<span title='原始值：164.01'>164.0</span>,<span title='原始值：4.01'>4.0</span>,<span title='原始值：1.068'>1.07</span>,<span title='原始值：0.0297'>0.030</span>,<span title='原始值：0.0149'>0.015</span>,<span title='原始值：1.563'>1.56</span>,--,--
浙江省,浙闽片河流,菁江渡（浦口闸）,02-25 09:00,2,<span title='原始值：13.5'>13.5</span>,<span title='原始值：7.862'>7.86</span>,<span title='原始值：10.587'>10.59</span>,<span title='原始值：410.09'>410.1</span>,<span title='原始值：6.78'>6.8</span>,<span title='原始值：3.993367'>3.99</span>,<span title='原始值：0.0151'>0.015</span>,<span title='原始值：0.0638'>0.064</span>,<span title='原始值：2.836'>2.84</span>,--,--
浙江省,浙闽片河流,梁桥,02-25 09:00,2,<span title='原始值：16.76'>16.8</span>,<span title='原始值：7.17'>7.17</span>,<span title='原始值：9.18'>9.18</span>,<span title='原始值：99.08'>99.1</span>,<span title='原始值：2.97'>3.0</span>,<span title='原始值：1.079'>1.08</span>,<span title='原始值：0.0393'>0.039</span>,<span title='原始值：0.0484'>0.048</span>,<span title='原始值：1.705'>1.70</span>,--,--
浙江省,浙闽片河流,四灶浦闸,02-25 09:00,3,<span title='原始值：12.07'>12.1</span>,<span title='原始值：8.47'>8.47</span>,<span title='原始值：11.028'>11.03</span>,<span title='原始值：3950.51'>3950.5</span>,<span title='原始值：10.05'>10.0</span>,<span title='原始值：5.833'>5.83</span>,<span title='原始值：0.0131'>0.013</span>,<span title='原始值：0.0467'>0.047</span>,<span title='原始值：2'>2.00</span>,--,--
浙江省,浙闽片河流,赵山渡,02-25 09:00,1,<span title='原始值：16.37'>16.4</span>,<span title='原始值：7.32'>7.32</span>,<span title='原始值：10.12'>10.12</span>,<span title='原始值：48.22'>48.2</span>,<span title='原始值：2.24'>2.2</span>,<span title='原始值：0.65'>0.65</span>,<span title='原始值：0.003'>0.003</span>,<span title='原始值：0.01'>0.010</span>,<span title='原始值：0.566'>0.57</span>,--,--
浙江省,浙闽片河流,小旦,02-25 09:00,2,<span title='原始值：14.55599'>14.6</span>,<span title='原始值：6.960867'>6.96</span>,<span title='原始值：10.13971'>10.14</span>,<span title='原始值：103.4109'>103.4</span>,<span title='原始值：27.47499'>27.5</span>,<span title='原始值：1.467876'>1.47</span>,--,<span title='原始值：0.025'>0.025</span>,<span title='原始值：0.958345'>0.96</span>,--,--
浙江省,浙闽片河流,大荆,02-25 09:00,1,<span title='原始值：14.79395'>14.8</span>,<span title='原始值：7.308948'>7.31</span>,<span title='原始值：9.684212'>9.68</span>,<span title='原始值：554.8516'>554.9</span>,<span title='原始值：20.94724'>20.9</span>,<span title='原始值：0.96'>0.96</span>,<span title='原始值：0.004'>0.004</span>,<span title='原始值：0.009'>0.009</span>,<span title='原始值：0.977194'>0.98</span>,--,--
浙江省,浙闽片河流,蒲岐,02-25 09:00,2,<span title='原始值：14.43'>14.4</span>,<span title='原始值：7.89'>7.89</span>,<span title='原始值：9.95'>9.95</span>,<span title='原始值：770'>770.0</span>,<span title='原始值：11.4'>11.4</span>,<span title='原始值：2.1'>2.10</span>,<span title='原始值：0.059889'>0.060</span>,<span title='原始值：0.05'>0.050</span>,<span title='原始值：0.906819'>0.91</span>,--,--
浙江省,浙闽片河流,沙头,02-25 09:00,1,<span title='原始值：15.29'>15.3</span>,<span title='原始值：7.277'>7.28</span>,<span title='原始值：10.406'>10.41</span>,<span title='原始值：57.391'>57.4</span>,<span title='原始值：7.393'>7.4</span>,<span title='原始值：0.98'>0.98</span>,<span title='原始值：0.0173'>0.017</span>,<span title='原始值：0.0051'>0.005</span>,<span title='原始值：0.4606'>0.46</span>,--,--
浙江省,太湖流域,王江泾,02-25 09:00,2,<span title='原始值：14.17'>14.2</span>,<span title='原始值：7.568'>7.57</span>,<span title='原始值：8.22'>8.22</span>,<span title='原始值：572.01'>572.0</span>,<span title='原始值：12.58'>12.6</span>,<span title='原始值：3.469'>3.47</span>,<span title='原始值：0.076'>0.076</span>,<span title='原始值：0.061'>0.061</span>,<span title='原始值：2.672'>2.67</span>,--,--
浙江省,太湖流域,湘家荡,02-25 09:00,2,<span title='原始值：11.97'>12.0</span>,<span title='原始值：7.55'>7.55</span>,<span title='原始值：7.194'>7.19</span>,<span title='原始值：512.87'>512.9</span>,<span title='原始值：13.22'>13.2</span>,<span title='原始值：2.387'>2.39</span>,<span title='原始值：0.0341'>0.034</span>,<span title='原始值：0.0458'>0.046</span>,<span title='原始值：0.577'>0.58</span>,--,--
浙江省,太湖流域,池家浜水文站,02-25 09:00,2,<span title='原始值：12.2955'>12.3</span>,<span title='原始值：7.6833'>7.68</span>,<span title='原始值：8.9367'>8.94</span>,<span title='原始值：539.41'>539.4</span>,<span title='原始值：18.5034'>18.5</span>,<span title='原始值：2.835'>2.84</span>,<span title='原始值：0.0503'>0.050</span>,<span title='原始值：0.0413'>0.041</span>,<span title='原始值：1.91'>1.91</span>,--,--
浙江省,太湖流域,长山闸一号桥,02-25 09:00,2,<span title='原始值：12.1282'>12.1</span>,<span title='原始值：8.6623'>8.66</span>,<span title='原始值：11.9951'>12.00</span>,<span title='原始值：960.54'>960.5</span>,<span title='原始值：10.2487'>10.2</span>,<span title='原始值：3.565'>3.56</span>,<span title='原始值：0.0364'>0.036</span>,<span title='原始值：0.0311'>0.031</span>,<span title='原始值：3.027'>3.03</span>,--,--
浙江省,太湖流域,南台头闸一号桥,02-25 09:00,2,<span title='原始值：11.85'>11.8</span>,<span title='原始值：7.76'>7.76</span>,<span title='原始值：9'>9.00</span>,<span title='原始值：960'>960.0</span>,<span title='原始值：19.97'>20.0</span>,<span title='原始值：3.18'>3.18</span>,<span title='原始值：0.187'>0.187</span>,<span title='原始值：0.078'>0.078</span>,<span title='原始值：3.74'>3.74</span>,--,--
浙江省,太湖流域,上塘河排涝闸,02-25 09:00,2,<span title='原始值：13.04'>13.0</span>,<span title='原始值：8.24'>8.24</span>,<span title='原始值：7.841'>7.84</span>,<span title='原始值：879.49'>879.5</span>,<span title='原始值：10.8'>10.8</span>,<span title='原始值：2.7'>2.70</span>,<span title='原始值：0.0215'>0.022</span>,<span title='原始值：0.0499'>0.050</span>,<span title='原始值：3.021'>3.02</span>,--,--
浙江省,太湖流域,盐官排涝枢纽,02-25 09:00,2,<span title='原始值：12.52'>12.5</span>,<span title='原始值：8.32'>8.32</span>,<span title='原始值：11.27'>11.27</span>,<span title='原始值：627'>627.0</span>,<span title='原始值：13.49'>13.5</span>,<span title='原始值：3.02'>3.02</span>,<span title='原始值：0.281'>0.281</span>,<span title='原始值：0.025'>0.025</span>,<span title='原始值：3.22'>3.22</span>,--,--
浙江省,太湖流域,卫八路桥（嘉兴金桥）,02-25 08:00,2,<span title='原始值：11.88'>11.9</span>,<span title='原始值：7.568'>7.57</span>,<span title='原始值：7.464'>7.46</span>,<span title='原始值：705.421'>705.4</span>,<span title='原始值：18.166'>18.2</span>,<span title='原始值：3.047'>3.05</span>,<span title='原始值：0.124'>0.124</span>,<span title='原始值：0.076'>0.076</span>,<span title='原始值：3.289'>3.29</span>,--,--
浙江省,太湖流域,漕廊公路桥,02-25 08:00,2,<span title='原始值：11.8868'>11.9</span>,<span title='原始值：7.62391'>7.62</span>,<span title='原始值：8.20315'>8.20</span>,<span title='原始值：626.4811'>626.5</span>,<span title='原始值：24.121'>24.1</span>,<span title='原始值：3.22536'>3.23</span>,<span title='原始值：0.08805'>0.088</span>,<span title='原始值：0.05744'>0.057</span>,<span title='原始值：2.23643'>2.24</span>,--,--
浙江省,太湖流域,朱枫公路桥（清凉大桥）,02-25 09:00,2,<span title='原始值：11.62'>11.6</span>,<span title='原始值：7.76'>7.76</span>,<span title='原始值：9.69'>9.69</span>,<span title='原始值：580.99'>581.0</span>,<span title='原始值：18.79'>18.8</span>,<span title='原始值：3.533'>3.53</span>,<span title='原始值：0.115'>0.115</span>,<span title='原始值：0.049'>0.049</span>,<span title='原始值：3.109'>3.11</span>,--,--
浙江省,太湖流域,红旗塘大坝,02-25 09:00,3,<span title='原始值：12.26'>12.3</span>,<span title='原始值：8.03'>8.03</span>,<span title='原始值：9.71'>9.71</span>,<span title='原始值：477.2'>477.2</span>,<span title='原始值：18.63'>18.6</span>,<span title='原始值：5.07'>5.07</span>,<span title='原始值：0.127'>0.127</span>,<span title='原始值：0.046'>0.046</span>,<span title='原始值：2.902'>2.90</span>,--,--
浙江省,太湖流域,枫南大桥,02-25 09:00,2,<span title='原始值：11.8975'>11.9</span>,<span title='原始值：7.3768'>7.38</span>,<span title='原始值：8.6428'>8.64</span>,<span title='原始值：586.09'>586.1</span>,<span title='原始值：30.4911'>30.5</span>,<span title='原始值：3.725'>3.72</span>,<span title='原始值：0.074'>0.074</span>,<span title='原始值：0.0765'>0.076</span>,<span title='原始值：3.064'>3.06</span>,--,--
浙江省,太湖流域,青阳汇,02-25 09:00,2,<span title='原始值：11.89'>11.9</span>,<span title='原始值：7.73'>7.73</span>,<span title='原始值：10.68'>10.68</span>,<span title='原始值：585.8'>585.8</span>,<span title='原始值：29.39'>29.4</span>,<span title='原始值：3.33'>3.33</span>,<span title='原始值：0.151'>0.151</span>,<span title='原始值：0.063'>0.063</span>,<span title='原始值：3.738'>3.74</span>,--,--
浙江省,太湖流域,小新村,02-25 09:00,2,<span title='原始值：12.27'>12.3</span>,<span title='原始值：7.76'>7.76</span>,<span title='原始值：8.19'>8.19</span>,<span title='原始值：651.4'>651.4</span>,<span title='原始值：39.34'>39.3</span>,<span title='原始值：2.98'>2.98</span>,<span title='原始值：0.11'>0.110</span>,<span title='原始值：0.077'>0.077</span>,<span title='原始值：3.529'>3.53</span>,--,--
浙江省,太湖流域,乌镇北,02-25 09:00,2,<span title='原始值：11.61'>11.6</span>,<span title='原始值：7.78'>7.78</span>,<span title='原始值：8.46'>8.46</span>,<span title='原始值：525.1'>525.1</span>,<span title='原始值：40.85'>40.8</span>,<span title='原始值：3.88'>3.88</span>,<span title='原始值：0.143'>0.143</span>,<span title='原始值：0.057'>0.057</span>,<span title='原始值：2.825'>2.82</span>,--,--
浙江省,太湖流域,新港口(新塘港),02-25 08:00,2,<span title='原始值：11.14'>11.1</span>,<span title='原始值：8.73'>8.73</span>,<span title='原始值：10.02'>10.02</span>,<span title='原始值：446.94'>446.9</span>,<span title='原始值：122.96'>123.0</span>,<span title='原始值：3.087'>3.09</span>,<span title='原始值：0.2056'>0.206</span>,<span title='原始值：0.042'>0.042</span>,<span title='原始值：1.326'>1.33</span>,<span title='原始值：0.06538'>0.065</span>,--
浙江省,太湖流域,大钱,02-25 08:00,2,<span title='原始值：10.79'>10.8</span>,<span title='原始值：8.39149'>8.39</span>,<span title='原始值：10.6832'>10.68</span>,<span title='原始值：481.43'>481.4</span>,<span title='原始值：140.0746'>140.1</span>,<span title='原始值：3.78682'>3.79</span>,<span title='原始值：0.20139'>0.201</span>,<span title='原始值：0.05946'>0.059</span>,<span title='原始值：1.785'>1.78</span>,--,--
浙江省,太湖流域,南浔,02-25 09:00,2,<span title='原始值：12.92'>12.9</span>,<span title='原始值：7.87'>7.87</span>,<span title='原始值：8.51'>8.51</span>,<span title='原始值：480.6'>480.6</span>,<span title='原始值：34.5'>34.5</span>,<span title='原始值：2.439'>2.44</span>,<span title='原始值：0.255'>0.255</span>,<span title='原始值：0.053'>0.053</span>,<span title='原始值：2.957'>2.96</span>,--,--
浙江省,太湖流域,城西大桥,02-25 09:00,2,<span title='原始值：12.01'>12.0</span>,<span title='原始值：7.49'>7.49</span>,<span title='原始值：8.739'>8.74</span>,<span title='原始值：571.46'>571.5</span>,<span title='原始值：16.67'>16.7</span>,<span title='原始值：3.136'>3.14</span>,<span title='原始值：0.4125'>0.412</span>,<span title='原始值：0.0473'>0.047</span>,<span title='原始值：4.675'>4.68</span>,--,--
浙江省,太湖流域,汤溇,02-25 08:00,2,<span title='原始值：11.59'>11.6</span>,<span title='原始值：8.774'>8.77</span>,<span title='原始值：10.0595'>10.06</span>,<span title='原始值：383.0881'>383.1</span>,<span title='原始值：87.1985'>87.2</span>,<span title='原始值：3.0156'>3.02</span>,<span title='原始值：0.1378'>0.138</span>,<span title='原始值：0.0339'>0.034</span>,<span title='原始值：1.0738'>1.07</span>,--,--
浙江省,太湖流域,塘浦,02-25 09:00,2,<span title='原始值：12.62'>12.6</span>,<span title='原始值：7.28'>7.28</span>,<span title='原始值：10.134'>10.13</span>,<span title='原始值：172.39'>172.4</span>,<span title='原始值：4.18'>4.2</span>,<span title='原始值：2.276'>2.28</span>,<span title='原始值：0.0268'>0.027</span>,<span title='原始值：0.0264'>0.026</span>,<span title='原始值：2.239'>2.24</span>,--,--
浙江省,太湖流域,荆湾,02-25 09:00,2,<span title='原始值：11.42'>11.4</span>,<span title='原始值：6.93'>6.93</span>,<span title='原始值：9.239'>9.24</span>,<span title='原始值：424.45'>424.4</span>,<span title='原始值：1.56'>1.6</span>,<span title='原始值：1.903'>1.90</span>,<span title='原始值：0.4718'>0.472</span>,<span title='原始值：0.051'>0.051</span>,<span title='原始值：4.569'>4.57</span>,--,--
浙江省,太湖流域,铁路桥,02-25 09:00,2,<span title='原始值：11.98'>12.0</span>,<span title='原始值：7.21'>7.21</span>,<span title='原始值：8.659'>8.66</span>,<span title='原始值：453.46'>453.5</span>,<span title='原始值：2.76'>2.8</span>,<span title='原始值：3.272'>3.27</span>,<span title='原始值：0.449'>0.449</span>,<span title='原始值：0.034'>0.034</span>,<span title='原始值：5.018'>5.02</span>,--,--
浙江省,太湖流域,小梅口,02-25 09:00,2,<span title='原始值：10.81'>10.8</span>,<span title='原始值：7.19'>7.19</span>,<span title='原始值：9.63'>9.63</span>,<span title='原始值：389.8'>389.8</span>,<span title='原始值：44.87'>44.9</span>,<span title='原始值：3.18'>3.18</span>,<span title='原始值：0.04'>0.040</span>,<span title='原始值：0.042'>0.042</span>,<span title='原始值：1.493'>1.49</span>,--,--
浙江省,太湖流域,杨家浦,02-25 09:00,1,<span title='原始值：11.91141'>11.9</span>,<span title='原始值：8.08116'>8.08</span>,<span title='原始值：9.361234'>9.36</span>,<span title='原始值：470.6022'>470.6</span>,<span title='原始值：74.13297'>74.1</span>,--,--,--,--,--,--
浙江省,太湖流域,新塘,02-25 09:00,2,<span title='原始值：11.76'>11.8</span>,<span title='原始值：8.06'>8.06</span>,<span title='原始值：9.9'>9.90</span>,<span title='原始值：489.1'>489.1</span>,<span title='原始值：41.88'>41.9</span>,<span title='原始值：2.377'>2.38</span>,<span title='原始值：0.0494'>0.049</span>,<span title='原始值：0.0389'>0.039</span>,<span title='原始值：1.616'>1.62</span>,--,--
浙江省,太湖流域,合溪,02-25 09:00,2,<span title='原始值：11.67'>11.7</span>,<span title='原始值：8.04'>8.04</span>,<span title='原始值：9.36'>9.36</span>,<span title='原始值：494.4'>494.4</span>,<span title='原始值：61.23'>61.2</span>,<span title='原始值：2.931'>2.93</span>,<span title='原始值：0.0718'>0.072</span>,<span title='原始值：0.0437'>0.044</span>,<span title='原始值：1.741'>1.74</span>,--,--
浙江省,浙闽片河流,曹娥江大闸闸前,02-25 09:00,2,<span title='原始值：12.811'>12.8</span>,<span title='原始值：7.934'>7.93</span>,<span title='原始值：9.512'>9.51</span>,<span title='原始值：677.977'>678.0</span>,<span title='原始值：11.62'>11.6</span>,<span title='原始值：3.211'>3.21</span>,<span title='原始值：0.014'>0.014</span>,<span title='原始值：0.0206'>0.021</span>,<span title='原始值：1.74'>1.74</span>,--,--
浙江省,浙闽片河流,屠家埠,02-25 09:00,2,<span title='原始值：13.461'>13.5</span>,<span title='原始值：8.002'>8.00</span>,<span title='原始值：11.534'>11.53</span>,<span title='原始值：264.225'>264.2</span>,<span title='原始值：8.088'>8.1</span>,<span title='原始值：3.293'>3.29</span>,<span title='原始值：0.168'>0.168</span>,<span title='原始值：0.066'>0.066</span>,<span title='原始值：2.419'>2.42</span>,--,--
浙江省,浙闽片河流,葛山头,02-25 09:00,2,<span title='原始值：12.31'>12.3</span>,<span title='原始值：7.63'>7.63</span>,<span title='原始值：8.88'>8.88</span>,<span title='原始值：549.38'>549.4</span>,<span title='原始值：13.58'>13.6</span>,<span title='原始值：3.83'>3.83</span>,<span title='原始值：0.08'>0.080</span>,<span title='原始值：0.037'>0.037</span>,<span title='原始值：2.617'>2.62</span>,--,--
浙江省,浙闽片河流,湄池,02-25 09:00,3,<span title='原始值：13.56'>13.6</span>,<span title='原始值：7.51'>7.51</span>,<span title='原始值：9.131'>9.13</span>,<span title='原始值：560.34'>560.3</span>,<span title='原始值：19.41'>19.4</span>,<span title='原始值：4.519'>4.52</span>,<span title='原始值：0.227'>0.227</span>,<span title='原始值：0.059'>0.059</span>,<span title='原始值：3.559'>3.56</span>,--,--
浙江省,浙闽片河流,王家泾,02-25 09:00,3,<span title='原始值：13.88'>13.9</span>,<span title='原始值：7.06'>7.06</span>,<span title='原始值：6.68'>6.68</span>,<span title='原始值：289.71'>289.7</span>,<span title='原始值：10.43'>10.4</span>,<span title='原始值：4.503'>4.50</span>,<span title='原始值：0.0922'>0.092</span>,<span title='原始值：0.0567'>0.057</span>,<span title='原始值：3.041'>3.04</span>,--,--
浙江省,浙闽片河流,汤曹汇合口,02-25 09:00,2,<span title='原始值：12.15'>12.2</span>,<span title='原始值：8.01'>8.01</span>,<span title='原始值：10.899'>10.90</span>,<span title='原始值：604.88'>604.9</span>,<span title='原始值：16.23'>16.2</span>,<span title='原始值：2.767'>2.77</span>,<span title='原始值：0.0965'>0.096</span>,<span title='原始值：0.027'>0.027</span>,<span title='原始值：3.022'>3.02</span>,--,--
浙江省,浙闽片河流,义东桥,02-25 09:00,3,<span title='原始值：14.427'>14.4</span>,<span title='原始值：7.357'>7.36</span>,<span title='原始值：8.369'>8.37</span>,<span title='原始值：368.07'>368.1</span>,<span title='原始值：9.37'>9.4</span>,<span title='原始值：4.205'>4.20</span>,<span title='原始值：0.273'>0.273</span>,<span title='原始值：0.127'>0.127</span>,<span title='原始值：4.188'>4.19</span>,--,--
浙江省,浙闽片河流,塔下洲,02-25 09:00,2,<span title='原始值：14.28'>14.3</span>,<span title='原始值：7.717'>7.72</span>,<span title='原始值：7.897'>7.90</span>,<span title='原始值：540.698'>540.7</span>,<span title='原始值：15.852'>15.9</span>,<span title='原始值：3.27'>3.27</span>,<span title='原始值：0.0958'>0.096</span>,<span title='原始值：0.0968'>0.097</span>,<span title='原始值：4.2183'>4.22</span>,--,--
浙江省,浙闽片河流,东关桥,02-25 09:00,3,<span title='原始值：14.827'>14.8</span>,<span title='原始值：7.968'>7.97</span>,<span title='原始值：9.157'>9.16</span>,<span title='原始值：544.016'>544.0</span>,<span title='原始值：5.842'>5.8</span>,<span title='原始值：4.173'>4.17</span>,<span title='原始值：0.14'>0.140</span>,<span title='原始值：0.1091'>0.109</span>,<span title='原始值：4.053'>4.05</span>,--,--
浙江省,浙闽片河流,费垅,02-25 09:00,3,<span title='原始值：15.32'>15.3</span>,<span title='原始值：7.502'>7.50</span>,<span title='原始值：7.65'>7.65</span>,<span title='原始值：458.602'>458.6</span>,<span title='原始值：3.17'>3.2</span>,<span data-toggle='tooltip' data-placement='right' title='当天质控不合格'>--</span>,<span title='原始值：0.194'>0.194</span>,<span title='原始值：0.119'>0.119</span>,<span title='原始值：4.2267'>4.23</span>,--,--
浙江省,浙闽片河流,台口,02-25 09:00,2,<span title='原始值：13.55'>13.6</span>,<span title='原始值：8.683'>8.68</span>,<span title='原始值：9.335'>9.34</span>,<span title='原始值：327.394'>327.4</span>,<span title='原始值：9.116'>9.1</span>,<span title='原始值：3.9858'>3.99</span>,<span title='原始值：0.0532'>0.053</span>,<span title='原始值：0.0601'>0.060</span>,<span title='原始值：4.0179'>4.02</span>,--,--
浙江省,浙闽片河流,南江桥,02-25 09:00,3,<span title='原始值：14.79'>14.8</span>,<span title='原始值：8.21'>8.21</span>,<span title='原始值：7.997'>8.00</span>,<span title='原始值：387.021'>387.0</span>,<span title='原始值：28.989'>29.0</span>,<span title='原始值：5.07'>5.07</span>,<span title='原始值：0.0286'>0.029</span>,<span title='原始值：0.0875'>0.088</span>,<span title='原始值：2.9004'>2.90</span>,--,--
浙江省,浙闽片河流,横山,02-25 09:00,2,<span title='原始值：14.91'>14.9</span>,<span title='原始值：7.529'>7.53</span>,<span title='原始值：8.416'>8.42</span>,<span title='原始值：497.115'>497.1</span>,<span title='原始值：3.832'>3.8</span>,<span title='原始值：2.6028'>2.60</span>,<span title='原始值：0.2509'>0.251</span>,<span title='原始值：0.0772'>0.077</span>,<span title='原始值：2.1652'>2.17</span>,--,--
浙江省,浙闽片河流,洪坞桥,02-25 09:00,3,<span title='原始值：14.32'>14.3</span>,<span title='原始值：7.28'>7.28</span>,<span title='原始值：8.58'>8.58</span>,<span title='原始值：315.6'>315.6</span>,<span title='原始值：2.87'>2.9</span>,<span title='原始值：3.368'>3.37</span>,<span title='原始值：0.111'>0.111</span>,<span title='原始值：0.116'>0.116</span>,<span title='原始值：4.206'>4.21</span>,--,--
浙江省,浙闽片河流,章店,02-25 09:00,3,<span title='原始值：14.98'>15.0</span>,<span title='原始值：7.451'>7.45</span>,<span title='原始值：7.254'>7.25</span>,<span title='原始值：291.728'>291.7</span>,<span title='原始值：7.251'>7.3</span>,<span title='原始值：3.51'>3.51</span>,<span title='原始值：0.1708'>0.171</span>,<span title='原始值：0.1373'>0.137</span>,<span title='原始值：3.8865'>3.89</span>,--,--
浙江省,浙闽片河流,将军岩,02-25 07:00,2,<span title='原始值：13.276'>13.3</span>,<span title='原始值：7.418'>7.42</span>,<span title='原始值：11.75'>11.75</span>,<span title='原始值：484.28'>484.3</span>,<span title='原始值：1.25'>1.2</span>,<span title='原始值：3.48'>3.48</span>,<span title='原始值：0.409'>0.409</span>,<span title='原始值：0.1'>0.100</span>,<span title='原始值：3.775'>3.78</span>,--,--
浙江省,浙闽片河流,浮石渡,02-25 09:00,2,<span title='原始值：15.46'>15.5</span>,<span title='原始值：7.77'>7.77</span>,<span title='原始值：9.323'>9.32</span>,<span title='原始值：294.94'>294.9</span>,<span title='原始值：2.62'>2.6</span>,<span title='原始值：2.388'>2.39</span>,<span title='原始值：0.1172'>0.117</span>,<span title='原始值：0.0501'>0.050</span>,<span title='原始值：2.464'>2.46</span>,--,--
浙江省,浙闽片河流,双港口,02-25 09:00,2,<span title='原始值：15.56'>15.6</span>,<span title='原始值：7.64'>7.64</span>,<span title='原始值：8.407'>8.41</span>,<span title='原始值：314.35'>314.4</span>,<span title='原始值：1.24'>1.2</span>,<span title='原始值：2.396'>2.40</span>,<span title='原始值：0.0525'>0.052</span>,<span title='原始值：0.0441'>0.044</span>,<span title='原始值：2.065'>2.06</span>,--,--
浙江省,浙闽片河流,郑家,02-25 09:00,2,<span title='原始值：14.17'>14.2</span>,<span title='原始值：6.76'>6.76</span>,<span title='原始值：8.221'>8.22</span>,<span title='原始值：153.17'>153.2</span>,<span title='原始值：8.87'>8.9</span>,<span title='原始值：1.811'>1.81</span>,<span title='原始值：0.0678'>0.068</span>,<span title='原始值：0.0395'>0.040</span>,<span title='原始值：2.438'>2.44</span>,--,--
浙江省,浙闽片河流,下界首,02-25 09:00,1,<span title='原始值：15.37'>15.4</span>,<span title='原始值：8.3'>8.30</span>,<span title='原始值：9.671'>9.67</span>,<span title='原始值：254.726'>254.7</span>,<span title='原始值：0.67'>0.7</span>,<span title='原始值：1.887'>1.89</span>,<span title='原始值：0.0505'>0.050</span>,<span title='原始值：0.018'>0.018</span>,<span title='原始值：0.932'>0.93</span>,--,--
浙江省,浙闽片河流,下童,02-25 09:00,2,<span title='原始值：13.57'>13.6</span>,<span title='原始值：7.52'>7.52</span>,<span title='原始值：10.41'>10.41</span>,<span title='原始值：531.02'>531.0</span>,<span title='原始值：10.72'>10.7</span>,<span title='原始值：2.766'>2.77</span>,<span title='原始值：0.2127'>0.213</span>,<span title='原始值：0.0538'>0.054</span>,<span title='原始值：2.611'>2.61</span>,--,--
浙江省,浙闽片河流,东迹渡,02-25 09:00,2,<span title='原始值：14.01'>14.0</span>,<span title='原始值：6.85'>6.85</span>,<span title='原始值：10.089'>10.09</span>,<span title='原始值：59.43'>59.4</span>,<span title='原始值：3.77'>3.8</span>,<span title='原始值：1.431'>1.43</span>,<span title='原始值：0.0149'>0.015</span>,<span title='原始值：0.0627'>0.063</span>,<span title='原始值：1.341'>1.34</span>,--,--
浙江省,长江流域,苏庄,02-25 08:00,2,<span title='原始值：13.91277'>13.9</span>,<span title='原始值：6.85577'>6.86</span>,<span title='原始值：7.96149'>7.96</span>,<span title='原始值：87.14564'>87.1</span>,<span title='原始值：1.96702'>2.0</span>,<span title='原始值：2.45963'>2.46</span>,<span title='原始值：0.00846'>0.008</span>,<span title='原始值：0.01487'>0.015</span>,<span title='原始值：1.47959'>1.48</span>,--,--
浙江省,浙闽片河流,临城,02-25 09:00,6,<span title='原始值：13.55'>13.6</span>,<span title='原始值：9.12'>9.12</span>,<span title='原始值：13.39'>13.39</span>,<span title='原始值：2326'>2326.0</span>,<span title='原始值：16.97'>17.0</span>,<span title='原始值：5.54'>5.54</span>,<span title='原始值：0.054'>0.054</span>,<span title='原始值：0.101'>0.101</span>,<span title='原始值：1.779'>1.78</span>,--,--
浙江省,浙闽片河流,长潭水库坝口,02-25 09:00,2,<span title='原始值：13.667'>13.7</span>,<span title='原始值：7.488'>7.49</span>,<span title='原始值：10.621'>10.62</span>,<span title='原始值：46.949'>46.9</span>,<span title='原始值：1.591'>1.6</span>,<span title='原始值：1.521'>1.52</span>,<span data-toggle='tooltip' data-placement='right' title='当天质控不合格'>--</span>,<span title='原始值：0.0161'>0.016</span>,<span title='原始值：0.366'>0.37</span>,--,--
浙江省,浙闽片河流,老鼠屿,02-25 09:00,3,<span title='原始值：13.2'>13.2</span>,<span title='原始值：7.694'>7.69</span>,<span title='原始值：9.301'>9.30</span>,<span title='原始值：31899.3'>31899.3</span>,<span title='原始值：1301'>1301.0</span>,<span title='原始值：4.672'>4.67</span>,<span title='原始值：0.069'>0.069</span>,<span title='原始值：0.097'>0.097</span>,<span title='原始值：2.495'>2.50</span>,--,--
浙江省,浙闽片河流,金清新闸,02-25 09:00,3,<span title='原始值：12.79'>12.8</span>,<span title='原始值：8.382'>8.38</span>,<span title='原始值：8.177'>8.18</span>,<span title='原始值：4329.673'>4329.7</span>,<span title='原始值：10.19'>10.2</span>,<span title='原始值：5.84'>5.84</span>,<span title='原始值：0.1226'>0.123</span>,<span title='原始值：0.0977'>0.098</span>,<span title='原始值：4.5903'>4.59</span>,--,--
浙江省,浙闽片河流,里石门水库,02-25 09:00,1,<span title='原始值：13.71'>13.7</span>,<span title='原始值：7.454'>7.45</span>,<span title='原始值：10.054'>10.05</span>,<span title='原始值：80.353'>80.4</span>,<span title='原始值：1.33'>1.3</span>,<span title='原始值：1.9'>1.90</span>,<span title='原始值：0.0079'>0.008</span>,<span title='原始值：0.0061'>0.006</span>,<span title='原始值：0.6097'>0.61</span>,<span title='原始值：0.0028'>0.003</span>,<span title='原始值：3961166'>3961166</span>
浙江省,浙闽片河流,温峤,02-25 09:00,3,<span title='原始值：13.5'>13.5</span>,<span title='原始值：7.8'>7.80</span>,<span title='原始值：7.592'>7.59</span>,<span title='原始值：1596.8'>1596.8</span>,<span title='原始值：8.9'>8.9</span>,<span title='原始值：4.676'>4.68</span>,<span title='原始值：0.5257'>0.526</span>,<span title='原始值：0.1076'>0.108</span>,<span title='原始值：3.403'>3.40</span>,--,--
浙江省,浙闽片河流,永宁江口,02-25 09:00,2,<span title='原始值：13.93'>13.9</span>,<span title='原始值：7.586'>7.59</span>,<span title='原始值：8.568'>8.57</span>,<span title='原始值：344.524'>344.5</span>,<span title='原始值：3.978'>4.0</span>,<span title='原始值：2.99'>2.99</span>,<span title='原始值：0.1891'>0.189</span>,<span title='原始值：0.0255'>0.026</span>,<span title='原始值：2.0357'>2.04</span>,--,--
浙江省,浙闽片河流,沙段,02-25 09:00,2,<span title='原始值：13.19'>13.2</span>,<span title='原始值：7.944'>7.94</span>,<span title='原始值：11.809'>11.81</span>,<span title='原始值：402.368'>402.4</span>,<span title='原始值：2.686'>2.7</span>,<span title='原始值：3.05'>3.05</span>,<span title='原始值：0.0262'>0.026</span>,<span title='原始值：0.0282'>0.028</span>,<span title='原始值：2.432'>2.43</span>,--,--
浙江省,浙闽片河流,柏枝岙,02-25 09:00,2,<span title='原始值：14.525'>14.5</span>,<span title='原始值：6.955'>6.96</span>,<span title='原始值：9.021'>9.02</span>,<span title='原始值：168.485'>168.5</span>,<span title='原始值：3.417'>3.4</span>,<span title='原始值：0.941'>0.94</span>,<span title='原始值：0.098'>0.098</span>,<span title='原始值：0.043'>0.043</span>,<span title='原始值：2.003'>2.00</span>,--,--
浙江省,浙闽片河流,均溪,02-25 09:00,1,<span title='原始值：14.49'>14.5</span>,<span title='原始值：7.49'>7.49</span>,<span title='原始值：10.09'>10.09</span>,<span title='原始值：64.82'>64.8</span>,<span title='原始值：0.39'>0.4</span>,<span title='原始值：0.92'>0.92</span>,<span title='原始值：0.011'>0.011</span>,<span title='原始值：0.007'>0.007</span>,<span title='原始值：0.82'>0.82</span>,--,--
浙江省,浙闽片河流,风化,02-25 09:00,2,<span title='原始值：14.72'>14.7</span>,<span title='原始值：7.84'>7.84</span>,<span title='原始值：10.95'>10.95</span>,<span title='原始值：188.2'>188.2</span>,<span title='原始值：2.14'>2.1</span>,<span title='原始值：1.75'>1.75</span>,<span title='原始值：0.058'>0.058</span>,<span title='原始值：0.037'>0.037</span>,<span title='原始值：1.783'>1.78</span>,--,--
浙江省,浙闽片河流,临江,02-25 09:00,2,<span title='原始值：16.29'>16.3</span>,<span title='原始值：7.44'>7.44</span>,<span title='原始值：7.16'>7.16</span>,<span title='原始值：121.8'>121.8</span>,<span title='原始值：6.55'>6.6</span>,<span title='原始值：2.56'>2.56</span>,<span title='原始值：0.199'>0.199</span>,<span title='原始值：0.081'>0.081</span>,<span title='原始值：1.626'>1.63</span>,--,--
浙江省,浙闽片河流,松阳二中,02-25 09:00,1,<span title='原始值：16.45'>16.4</span>,<span title='原始值：6.492'>6.49</span>,<span title='原始值：8.074'>8.07</span>,<span title='原始值：254.506'>254.5</span>,<span title='原始值：18.735'>18.7</span>,<span data-toggle='tooltip' data-placement='right' title='当天质控不合格'>--</span>,<span data-toggle='tooltip' data-placement='right' title='当天质控不合格'>--</span>,<span data-toggle='tooltip' data-placement='right' title='当天质控不合格'>--</span>,<span data-toggle='tooltip' data-placement='right' title='当天质控不合格'>--</span>,--,--
浙江省,浙闽片河流,堰后,02-25 09:00,2,<span title='原始值：15.75'>15.8</span>,<span title='原始值：7.55'>7.55</span>,<span title='原始值：9.55'>9.55</span>,<span title='原始值：237.6'>237.6</span>,<span title='原始值：3.34'>3.3</span>,<span title='原始值：2.24'>2.24</span>,<span title='原始值：0.113'>0.113</span>,<span title='原始值：0.042'>0.042</span>,<span title='原始值：2.584'>2.58</span>,--,--
浙江省,浙闽片河流,沙湾上,02-25 09:00,1,<span title='原始值：15.99'>16.0</span>,<span title='原始值：7.304'>7.30</span>,<span title='原始值：9.285'>9.28</span>,<span title='原始值：49.263'>49.3</span>,<span title='原始值：1.381'>1.4</span>,<span title='原始值：0.4767'>0.48</span>,<span title='原始值：0.0344'>0.034</span>,<span title='原始值：0.0071'>0.007</span>,<span title='原始值：0.346'>0.35</span>,--,--
浙江省,浙闽片河流,外舍,02-25 09:00,6,<span title='原始值：17.06'>17.1</span>,<span title='原始值：7.078'>7.08</span>,<span title='原始值：7.258'>7.26</span>,<span title='原始值：75.81'>75.8</span>,<span title='原始值：67.813'>67.8</span>,<span title='原始值：0.3497'>0.35</span>,<span title='原始值：0.6435'>0.644</span>,<span title='原始值：0.4426'>0.443</span>,<span title='原始值：0.1729'>0.17</span>,--,--
浙江省,浙闽片河流,小溪口,02-25 09:00,1,<span title='原始值：13.81'>13.8</span>,<span title='原始值：6.347'>6.35</span>,<span title='原始值：8.008'>8.01</span>,<span title='原始值：40.78'>40.8</span>,<span title='原始值：1.481'>1.5</span>,<span title='原始值：0.715'>0.72</span>,<span title='原始值：0.0514'>0.051</span>,<span title='原始值：0.0041'>0.004</span>,<span title='原始值：0.354'>0.35</span>,--,--
浙江省,浙闽片河流,石溪（石门洞）,02-25 09:00,1,<span title='原始值：14.87'>14.9</span>,<span title='原始值：7.243'>7.24</span>,<span title='原始值：10.482'>10.48</span>,<span title='原始值：57.482'>57.5</span>,<span title='原始值：16.34'>16.3</span>,<span data-toggle='tooltip' data-placement='right' title='当天质控不合格'>--</span>,<span data-toggle='tooltip' data-placement='right' title='当天质控不合格'>--</span>,<span data-toggle='tooltip' data-placement='right' title='当天质控不合格'>--</span>,<span title='原始值：0.482'>0.48</span>,--,--
安徽省,巢湖流域,三胜大队渡口,02-25 08:00,2,<span title='原始值：12.17'>12.2</span>,<span title='原始值：7.3384'>7.34</span>,<span title='原始值：7.5092'>7.51</span>,<span title='原始值：412.709'>412.7</span>,<span title='原始值：9.6037'>9.6</span>,<span title='原始值：2.298'>2.30</span>,<span title='原始值：0.0455'>0.046</span>,<span title='原始值：0.0458'>0.046</span>,<span title='原始值：1.8903'>1.89</span>,--,--
安徽省,巢湖流域,入湖口渡口,02-25 09:00,2,<span title='原始值：10.86'>10.9</span>,<span title='原始值：8.031'>8.03</span>,<span title='原始值：9.5948'>9.59</span>,<span title='原始值：462.609'>462.6</span>,<span title='原始值：13.2751'>13.3</span>,<span title='原始值：3.6429'>3.64</span>,<span title='原始值：0.114'>0.114</span>,<span title='原始值：0.028'>0.028</span>,<span title='原始值：1.1772'>1.18</span>,--,--
安徽省,巢湖流域,牛角大圩,02-25 09:00,2,<span title='原始值：11.79'>11.8</span>,<span title='原始值：7.951'>7.95</span>,<span title='原始值：10.2395'>10.24</span>,<span title='原始值：628.283'>628.3</span>,<span title='原始值：46.1258'>46.1</span>,<span data-toggle='tooltip' data-placement='right' title='当天质控不合格'>--</span>,<span title='原始值：0.0939'>0.094</span>,<span title='原始值：0.0379'>0.038</span>,<span title='原始值：2.4536'>2.45</span>,--,--
安徽省,巢湖流域,北闸渡口(杭埠河),02-25 08:00,3,<span title='原始值：11.27'>11.3</span>,<span title='原始值：7.27'>7.27</span>,<span title='原始值：9.89'>9.89</span>,<span title='原始值：307.87'>307.9</span>,<span title='原始值：32.36'>32.4</span>,<span title='原始值：2.956'>2.96</span>,<span title='原始值：0.517'>0.517</span>,<span title='原始值：0.0846'>0.085</span>,<span title='原始值：4.037'>4.04</span>,--,--
安徽省,巢湖流域,希望桥,02-25 09:00,2,<span title='原始值：13'>13.0</span>,<span title='原始值：7.42'>7.42</span>,<span title='原始值：8.63'>8.63</span>,<span title='原始值：460'>460.0</span>,<span title='原始值：6.5'>6.5</span>,<span title='原始值：3.8226'>3.82</span>,<span title='原始值：0.2193'>0.219</span>,<span title='原始值：0.046'>0.046</span>,<span title='原始值：5.0004'>5.00</span>,--,--
安徽省,巢湖流域,石堆渡口,02-25 08:00,2,<span title='原始值：13.8799'>13.9</span>,<span title='原始值：7.9926'>7.99</span>,<span title='原始值：9.6617'>9.66</span>,--,<span title='原始值：8.9967'>9.0</span>,<span title='原始值：3.813'>3.81</span>,<span title='原始值：0.0478'>0.048</span>,<span title='原始值：0.055'>0.055</span>,<span title='原始值：2.2112'>2.21</span>,--,--
安徽省,巢湖流域,柘皋大桥,02-25 08:00,2,<span title='原始值：11.38'>11.4</span>,<span title='原始值：7.7893'>7.79</span>,<span title='原始值：8.949'>8.95</span>,<span title='原始值：357.4454'>357.4</span>,<span title='原始值：43.4126'>43.4</span>,<span title='原始值：3.0354'>3.04</span>,<span data-toggle='tooltip' data-placement='right' title='当天质控不合格'>--</span>,<span title='原始值：0.0668'>0.067</span>,<span title='原始值：0.9215'>0.92</span>,--,--
安徽省,巢湖流域,黄麓,02-25 09:00,3,<span title='原始值：9.66'>9.7</span>,<span title='原始值：8.183'>8.18</span>,<span title='原始值：11.083'>11.08</span>,<span title='原始值：389.46'>389.5</span>,<span title='原始值：40.682'>40.7</span>,<span title='原始值：4.474'>4.47</span>,--,<span title='原始值：0.0393'>0.039</span>,<span data-toggle='tooltip' data-placement='right' title='当天质控不合格'>--</span>,<span title='原始值：0.02257'>0.023</span>,<span title='原始值：2040845'>2040845</span>
安徽省,巢湖流域,三河镇大桥,02-25 08:00,6,<span title='原始值：12.65'>12.6</span>,<span title='原始值：9.23'>9.23</span>,<span title='原始值：0.135'>0.14</span>,<span title='原始值：1396.024'>1396.0</span>,<span title='原始值：208.98'>209.0</span>,<span title='原始值：5.401'>5.40</span>,<span data-toggle='tooltip' data-placement='right' title='当天质控不合格'>--</span>,<span title='原始值：0.1223'>0.122</span>,<span title='原始值：4.157'>4.16</span>,--,--
安徽省,巢湖流域,三河镇新大桥,02-25 08:00,3,<span title='原始值：11.85'>11.8</span>,<span title='原始值：7.66'>7.66</span>,<span title='原始值：10.45'>10.45</span>,<span title='原始值：230.3'>230.3</span>,<span title='原始值：3.83'>3.8</span>,<span title='原始值：4.853'>4.85</span>,<span title='原始值：0.1361'>0.136</span>,<span title='原始值：0.0395'>0.040</span>,<span title='原始值：3.1196'>3.12</span>,--,--
安徽省,巢湖流域,施口,02-25 08:00,3,<span title='原始值：24.95'>25.0</span>,<span title='原始值：7.5673'>7.57</span>,<span title='原始值：8.1302'>8.13</span>,<span title='原始值：125.1102'>125.1</span>,<span title='原始值：6.6316'>6.6</span>,<span title='原始值：4.079'>4.08</span>,<span title='原始值：0.2011'>0.201</span>,<span title='原始值：0.0789'>0.079</span>,<span title='原始值：3.8618'>3.86</span>,--,--
安徽省,巢湖流域,靠近大坝,02-25 09:00,2,<span title='原始值：9.22'>9.2</span>,<span title='原始值：6.709'>6.71</span>,<span title='原始值：11.0458'>11.05</span>,<span title='原始值：121.97'>122.0</span>,<span title='原始值：4.69'>4.7</span>,<span title='原始值：1.505'>1.50</span>,<span title='原始值：0.0038'>0.004</span>,<span title='原始值：0.0104'>0.010</span>,<span title='原始值：0.826'>0.83</span>,<span title='原始值：0.00232'>0.002</span>,<span title='原始值：625691.3'>625691</span>
安徽省,巢湖流域,新河入湖区,02-25 09:00,4,<span title='原始值：9.54'>9.5</span>,<span title='原始值：7.71'>7.71</span>,<span title='原始值：10.446'>10.45</span>,<span title='原始值：434.3'>434.3</span>,<span title='原始值：77.51'>77.5</span>,<span title='原始值：3.974'>3.97</span>,<span title='原始值：0.0223'>0.022</span>,<span title='原始值：0.0719'>0.072</span>,<span title='原始值：1.792'>1.79</span>,<span title='原始值：0.01039'>0.010</span>,<span title='原始值：3.727026E+07'>37270260</span>
安徽省,巢湖流域,西半湖湖心,02-25 09:00,4,<span title='原始值：9.92'>9.9</span>,<span title='原始值：7.821'>7.82</span>,<span title='原始值：10.221'>10.22</span>,<span title='原始值：518.54'>518.5</span>,<span title='原始值：40.75'>40.8</span>,<span title='原始值：3.905'>3.90</span>,<span title='原始值：0.0391'>0.039</span>,<span title='原始值：0.0639'>0.064</span>,<span title='原始值：2.68'>2.68</span>,<span title='原始值：0.06753'>0.068</span>,<span title='原始值：9075864'>9075864</span>
安徽省,巢湖流域,龟山,02-25 09:00,3,<span title='原始值：10.03'>10.0</span>,<span title='原始值：7.652'>7.65</span>,<span title='原始值：10.849'>10.85</span>,<span title='原始值：405.41'>405.4</span>,<span title='原始值：30.24'>30.2</span>,<span title='原始值：3.411'>3.41</span>,--,<span title='原始值：0.0354'>0.035</span>,<span title='原始值：0.569'>0.57</span>,<span title='原始值：0.01536'>0.015</span>,<span title='原始值：1643310'>1643310</span>
安徽省,巢湖流域,忠庙,02-25 09:00,4,<span title='原始值：10.86'>10.9</span>,<span title='原始值：8.197'>8.20</span>,<span title='原始值：10.256'>10.26</span>,<span title='原始值：465.36'>465.4</span>,<span title='原始值：52.09'>52.1</span>,<span title='原始值：3.324'>3.32</span>,<span title='原始值：0.003'>0.003</span>,<span title='原始值：0.0582'>0.058</span>,<span title='原始值：1.802'>1.80</span>,<span title='原始值：0.00748'>0.007</span>,<span title='原始值：3088193'>3088193</span>
安徽省,巢湖流域,兆河入湖区,02-25 09:00,4,<span title='原始值：9.21'>9.2</span>,<span title='原始值：8.16'>8.16</span>,<span title='原始值：10.76'>10.76</span>,<span title='原始值：417.96'>418.0</span>,<span title='原始值：98.42'>98.4</span>,<span title='原始值：3.343'>3.34</span>,--,<span title='原始值：0.0606'>0.061</span>,<span title='原始值：1.018'>1.02</span>,<span title='原始值：0.01272'>0.013</span>,<span title='原始值：2235603'>2235603</span>
安徽省,巢湖流域,双桥河入湖口,02-25 08:00,2,<span title='原始值：11.64'>11.6</span>,<span title='原始值：7.6309'>7.63</span>,<span title='原始值：8.9999'>9.00</span>,<span title='原始值：400.8759'>400.9</span>,<span title='原始值：51.7221'>51.7</span>,<span title='原始值：2.7887'>2.79</span>,<span title='原始值：0.1081'>0.108</span>,<span title='原始值：0.0391'>0.039</span>,<span title='原始值：1.4184'>1.42</span>,--,--
安徽省,巢湖流域,繁华大道桥,02-25 08:00,4,<span title='原始值：12.16'>12.2</span>,<span title='原始值：7.6468'>7.65</span>,<span title='原始值：9.5543'>9.55</span>,<span title='原始值：567.6987'>567.7</span>,<span title='原始值：14.6722'>14.7</span>,<span title='原始值：7.2'>7.20</span>,<span title='原始值：0.5764'>0.576</span>,<span title='原始值：0.118'>0.118</span>,<span title='原始值：4.977'>4.98</span>,--,--
安徽省,长江流域,东西梁山,02-25 08:00,2,<span title='原始值：12.3'>12.3</span>,<span title='原始值：7.8829'>7.88</span>,<span title='原始值：9.9035'>9.90</span>,<span title='原始值：401.0236'>401.0</span>,<span title='原始值：0.7315'>0.7</span>,<span title='原始值：1.261'>1.26</span>,<span title='原始值：0.0409'>0.041</span>,<span title='原始值：0.057'>0.057</span>,<span title='原始值：2.0546'>2.05</span>,--,--
安徽省,长江流域,宝塔根,02-25 08:00,2,<span title='原始值：12.04'>12.0</span>,<span title='原始值：8.0403'>8.04</span>,<span title='原始值：10.143'>10.14</span>,<span title='原始值：246.1722'>246.2</span>,<span title='原始值：16.4527'>16.5</span>,<span title='原始值：2.262'>2.26</span>,<span title='原始值：0.0853'>0.085</span>,<span title='原始值：0.0448'>0.045</span>,<span title='原始值：1.9087'>1.91</span>,--,--
安徽省,巢湖流域,裕溪口,02-25 08:00,2,<span title='原始值：10.91'>10.9</span>,<span title='原始值：8.0166'>8.02</span>,<span title='原始值：10.3202'>10.32</span>,<span title='原始值：414.1273'>414.1</span>,<span title='原始值：33.0491'>33.0</span>,<span title='原始值：1.575'>1.58</span>,<span title='原始值：0.0915'>0.092</span>,<span title='原始值：0.0457'>0.046</span>,<span title='原始值：1.9252'>1.93</span>,--,--
安徽省,长江流域,荻港,02-25 08:00,2,<span title='原始值：11.95'>12.0</span>,<span title='原始值：7.609'>7.61</span>,<span title='原始值：9.3038'>9.30</span>,<span title='原始值：348.4478'>348.4</span>,<span title='原始值：21.992'>22.0</span>,<span title='原始值：1.833'>1.83</span>,<span title='原始值：0.0745'>0.074</span>,<span title='原始值：0.037'>0.037</span>,<span title='原始值：1.7396'>1.74</span>,--,--
安徽省,长江流域,澛港桥,02-25 08:00,2,<span title='原始值：10.71'>10.7</span>,<span title='原始值：7.9334'>7.93</span>,<span title='原始值：9.8761'>9.88</span>,<span title='原始值：280.4347'>280.4</span>,<span title='原始值：7.6782'>7.7</span>,<span title='原始值：3.588'>3.59</span>,<span title='原始值：0.225'>0.225</span>,<span title='原始值：0.048'>0.048</span>,<span title='原始值：2.1762'>2.18</span>,--,--
安徽省,长江流域,西河入裕溪河口,02-25 08:00,2,<span title='原始值：11.94'>11.9</span>,<span title='原始值：8.045'>8.04</span>,<span title='原始值：10.2661'>10.27</span>,<span title='原始值：625.6835'>625.7</span>,<span title='原始值：12.2537'>12.3</span>,<span title='原始值：3.335'>3.34</span>,<span title='原始值：0.0324'>0.032</span>,<span title='原始值：0.0385'>0.038</span>,<span title='原始值：1.2977'>1.30</span>,--,--
安徽省,淮河流域,沫河口,02-25 08:00,2,<span title='原始值：10.45'>10.4</span>,<span title='原始值：8.02'>8.02</span>,<span title='原始值：9.932'>9.93</span>,<span title='原始值：802.3471'>802.3</span>,<span title='原始值：7.78'>7.8</span>,<span title='原始值：2.623'>2.62</span>,<span title='原始值：0.027'>0.027</span>,<span title='原始值：0.0422'>0.042</span>,<span title='原始值：3.964'>3.96</span>,--,--
安徽省,淮河流域,关咀,02-25 08:00,2,<span title='原始值：10.98148'>11.0</span>,<span title='原始值：7.94229'>7.94</span>,<span title='原始值：8.43526'>8.44</span>,<span title='原始值：1163.235'>1163.2</span>,<span title='原始值：1.6879'>1.7</span>,<span title='原始值：2.60118'>2.60</span>,<span title='原始值：0.01744'>0.017</span>,<span title='原始值：0.03092'>0.031</span>,<span title='原始值：2.02439'>2.02</span>,--,--
安徽省,淮河流域,五河,02-25 08:00,2,<span title='原始值：8.84'>8.8</span>,<span title='原始值：8.21775'>8.22</span>,<span title='原始值：9.1533'>9.15</span>,<span title='原始值：1141.739'>1141.7</span>,<span title='原始值：0.6993'>0.7</span>,<span title='原始值：3.42489'>3.42</span>,<span title='原始值：0.03054'>0.031</span>,<span title='原始值：0.03155'>0.032</span>,<span title='原始值：2.70962'>2.71</span>,--,--
安徽省,淮河流域,蚌埠固镇,02-25 08:00,2,<span title='原始值：9.92'>9.9</span>,<span title='原始值：8.3955'>8.40</span>,<span title='原始值：11.814'>11.81</span>,<span title='原始值：1592.078'>1592.1</span>,<span title='原始值：23.06'>23.1</span>,<span title='原始值：3.0063'>3.01</span>,<span title='原始值：0.1194'>0.119</span>,<span title='原始值：0.0666'>0.067</span>,<span title='原始值：5.725'>5.72</span>,--,--
安徽省,淮河流域,蚌埠闸上(蚌埠闸),02-25 09:00,2,<span title='原始值：10.41'>10.4</span>,<span title='原始值：8.08'>8.08</span>,<span title='原始值：9.76'>9.76</span>,<span title='原始值：794.71'>794.7</span>,<span title='原始值：10.39'>10.4</span>,<span title='原始值：2.844'>2.84</span>,<span title='原始值：0.022'>0.022</span>,--,<span title='原始值：4.098'>4.10</span>,--,--
安徽省,淮河流域,湖沟,02-25 08:00,3,<span title='原始值：10.35192'>10.4</span>,<span title='原始值：8.17928'>8.18</span>,<span title='原始值：11.08621'>11.09</span>,<span title='原始值：1832.437'>1832.4</span>,<span title='原始值：12.90092'>12.9</span>,<span title='原始值：5.28618'>5.29</span>,<span title='原始值：0.11429'>0.114</span>,<span title='原始值：0.04785'>0.048</span>,<span title='原始值：6.74363'>6.74</span>,--,--
安徽省,淮河流域,石头埠,02-25 08:00,2,<span title='原始值：9.20238'>9.2</span>,<span title='原始值：8.20271'>8.20</span>,<span title='原始值：12.48172'>12.48</span>,<span title='原始值：632.3653'>632.4</span>,<span title='原始值：4.0607'>4.1</span>,<span title='原始值：2.91048'>2.91</span>,<span title='原始值：0.09454'>0.095</span>,<span title='原始值：0.03195'>0.032</span>,<span title='原始值：3.87849'>3.88</span>,--,--
安徽省,淮河流域,鲁台孜,02-25 08:00,2,<span title='原始值：10.09'>10.1</span>,<span title='原始值：8.13408'>8.13</span>,<span title='原始值：10.62345'>10.62</span>,<span title='原始值：655.325'>655.3</span>,<span title='原始值：7.42079'>7.4</span>,<span title='原始值：2.78223'>2.78</span>,<span title='原始值：0.06934'>0.069</span>,<span title='原始值：0.0357'>0.036</span>,<span title='原始值：3.56631'>3.57</span>,--,--
安徽省,淮河流域,西淝河闸下,02-25 08:00,2,<span title='原始值：10.3138'>10.3</span>,<span title='原始值：8.42154'>8.42</span>,<span title='原始值：10.96075'>10.96</span>,<span title='原始值：900.4644'>900.5</span>,<span title='原始值：17.56814'>17.6</span>,<span title='原始值：2.28016'>2.28</span>,<span title='原始值：0.02869'>0.029</span>,<span title='原始值：0.02654'>0.027</span>,<span title='原始值：3.5158'>3.52</span>,--,--
安徽省,淮河流域,新城口,02-25 08:00,2,<span title='原始值：9.96884'>10.0</span>,<span title='原始值：8.03024'>8.03</span>,<span title='原始值：11.94043'>11.94</span>,<span title='原始值：637.3852'>637.4</span>,<span title='原始值：3.71237'>3.7</span>,<span title='原始值：2.40092'>2.40</span>,<span title='原始值：0.0407'>0.041</span>,<span title='原始值：0.0227'>0.023</span>,<span title='原始值：3.19906'>3.20</span>,--,--
安徽省,淮河流域,焦岗湖,02-25 09:00,3,<span title='原始值：10.56'>10.6</span>,<span title='原始值：8.278'>8.28</span>,<span title='原始值：10.221'>10.22</span>,<span title='原始值：807.58'>807.6</span>,<span title='原始值：40.94'>40.9</span>,<span title='原始值：5.356'>5.36</span>,<span title='原始值：0.0324'>0.032</span>,<span title='原始值：0.0282'>0.028</span>,<span title='原始值：0.907'>0.91</span>,--,<span title='原始值：2032972'>2032972</span>
安徽省,淮河流域,大店岗,02-25 08:00,1,<span title='原始值：11.69'>11.7</span>,<span title='原始值：7.32058'>7.32</span>,<span title='原始值：10.65593'>10.66</span>,<span title='原始值：284.4132'>284.4</span>,<span title='原始值：9.20975'>9.2</span>,--,--,--,--,--,--
安徽省,淮河流域,五里闸,02-25 08:00,2,<span title='原始值：10.3'>10.3</span>,<span title='原始值：8.65168'>8.65</span>,<span title='原始值：12.97134'>12.97</span>,<span title='原始值：464.1585'>464.2</span>,<span title='原始值：7.27716'>7.3</span>,<span title='原始值：3.63584'>3.64</span>,<span title='原始值：0.0176'>0.018</span>,<span title='原始值：0.05417'>0.054</span>,<span title='原始值：0.74398'>0.74</span>,--,--
安徽省,淮河流域,白洋淀渡口,02-25 08:00,3,<span title='原始值：10.25082'>10.3</span>,<span title='原始值：7.69442'>7.69</span>,<span title='原始值：11.70712'>11.71</span>,<span title='原始值：385.494'>385.5</span>,<span title='原始值：15.64776'>15.6</span>,<span title='原始值：4.50257'>4.50</span>,<span title='原始值：0.1638'>0.164</span>,<span title='原始值：0.03366'>0.034</span>,<span title='原始值：1.98853'>1.99</span>,--,--
安徽省,长江流域,三兴村,02-25 08:00,2,<span title='原始值：12.06'>12.1</span>,<span title='原始值：8.12363'>8.12</span>,<span title='原始值：9.7332'>9.73</span>,<span title='原始值：401.2882'>401.3</span>,<span title='原始值：13.0235'>13.0</span>,<span title='原始值：1.74282'>1.74</span>,<span data-toggle='tooltip' data-placement='right' title='当天质控不合格'>--</span>,<span title='原始值：0.04644'>0.046</span>,<span title='原始值：2.19607'>2.20</span>,--,--
安徽省,长江流域,得胜河入江口,02-25 08:00,2,<span title='原始值：11.29'>11.3</span>,<span title='原始值：8.0325'>8.03</span>,<span title='原始值：7.9954'>8.00</span>,<span title='原始值：868.0692'>868.1</span>,<span title='原始值：36.5161'>36.5</span>,<span title='原始值：3.941'>3.94</span>,<span title='原始值：0.1592'>0.159</span>,<span title='原始值：0.0695'>0.070</span>,<span title='原始值：3.0581'>3.06</span>,--,--
安徽省,长江流域,姑溪河大桥,02-25 08:00,2,<span title='原始值：11.532'>11.5</span>,<span title='原始值：7.5162'>7.52</span>,<span title='原始值：10.7588'>10.76</span>,<span title='原始值：301.0359'>301.0</span>,<span title='原始值：42.1834'>42.2</span>,<span title='原始值：2.6856'>2.69</span>,<span title='原始值：0.1023'>0.102</span>,<span title='原始值：0.0582'>0.058</span>,<span title='原始值：2.1299'>2.13</span>,--,--
安徽省,长江流域,当涂查湾,02-25 08:00,2,<span title='原始值：12.04'>12.0</span>,<span title='原始值：7.5767'>7.58</span>,<span title='原始值：10.4321'>10.43</span>,<span title='原始值：229.6328'>229.6</span>,<span title='原始值：44.0503'>44.1</span>,<span title='原始值：2.724'>2.72</span>,<span title='原始值：0.0153'>0.015</span>,<span title='原始值：0.026'>0.026</span>,<span title='原始值：1.8357'>1.84</span>,--,--
安徽省,长江流域,乌江,02-25 08:00,2,<span title='原始值：10.14809'>10.1</span>,<span title='原始值：8.26782'>8.27</span>,<span title='原始值：11.54224'>11.54</span>,<span title='原始值：426.1252'>426.1</span>,<span title='原始值：24.62274'>24.6</span>,<span title='原始值：1.664047'>1.66</span>,<span title='原始值：0.2014547'>0.201</span>,<span title='原始值：0.04709251'>0.047</span>,<span title='原始值：2.336124'>2.34</span>,--,--
安徽省,长江流域,雨山河下游,02-25 08:00,3,<span title='原始值：14.117'>14.1</span>,<span title='原始值：7.2726'>7.27</span>,<span title='原始值：8.5318'>8.53</span>,<span title='原始值：790.792'>790.8</span>,<span title='原始值：15.7768'>15.8</span>,<span title='原始值：3.0069'>3.01</span>,<span title='原始值：0.419'>0.419</span>,<span title='原始值：0.1704'>0.170</span>,<span title='原始值：6.9119'>6.91</span>,--,--
安徽省,淮河流域,小王桥,02-25 09:00,3,<span title='原始值：10.48'>10.5</span>,<span title='原始值：8.08'>8.08</span>,<span title='原始值：7.36'>7.36</span>,<span title='原始值：2248.35'>2248.4</span>,<span title='原始值：1.91'>1.9</span>,<span title='原始值：4.15'>4.15</span>,<span title='原始值：0.078'>0.078</span>,<span title='原始值：0.0662'>0.066</span>,<span title='原始值：4.184'>4.18</span>,--,--
安徽省,淮河流域,后常桥,02-25 08:00,2,<span title='原始值：9.95917'>10.0</span>,<span title='原始值：8.35333'>8.35</span>,<span title='原始值：11.45236'>11.45</span>,<span title='原始值：1503.669'>1503.7</span>,<span title='原始值：22.66873'>22.7</span>,<span title='原始值：3.2039'>3.20</span>,<span title='原始值：0.01401'>0.014</span>,<span title='原始值：0.05273'>0.053</span>,<span title='原始值：1.16294'>1.16</span>,--,--
安徽省,淮河流域,李大桥闸,02-25 08:00,3,<span title='原始值：10.45'>10.4</span>,<span title='原始值：8.401'>8.40</span>,<span title='原始值：14.532'>14.53</span>,<span title='原始值：1037.44'>1037.4</span>,<span title='原始值：5.829'>5.8</span>,<span title='原始值：4.939'>4.94</span>,<span title='原始值：0.0238'>0.024</span>,<span title='原始值：0.0316'>0.032</span>,<span title='原始值：0.7647'>0.76</span>,--,--
安徽省,长江流域,顺安河入江口,02-25 08:00,2,<span title='原始值：11.97635'>12.0</span>,<span title='原始值：7.79113'>7.79</span>,<span title='原始值：13.58325'>13.58</span>,<span title='原始值：551.0784'>551.1</span>,<span title='原始值：10.06835'>10.1</span>,<span title='原始值：2.34074'>2.34</span>,<span title='原始值：0.07043'>0.070</span>,<span title='原始值：0.06487'>0.065</span>,<span title='原始值：2.22958'>2.23</span>,--,--
安徽省,长江流域,陈家墩,02-25 08:00,2,<span title='原始值：12.24'>12.2</span>,<span title='原始值：8.23877'>8.24</span>,<span title='原始值：10.52767'>10.53</span>,<span title='原始值：395.6412'>395.6</span>,<span title='原始值：8.29461'>8.3</span>,<span title='原始值：1.5813'>1.58</span>,<span title='原始值：0.0559'>0.056</span>,<span title='原始值：0.04693'>0.047</span>,<span title='原始值：1.88756'>1.89</span>,--,--
安徽省,长江流域,枞阳大闸,02-25 08:00,1,<span title='原始值：10.40751'>10.4</span>,<span title='原始值：7.57528'>7.58</span>,<span title='原始值：9.5134'>9.51</span>,<span title='原始值：261.7859'>261.8</span>,<span title='原始值：59.99643'>60.0</span>,<span data-toggle='tooltip' data-placement='right' title='当天质控不合格'>--</span>,<span data-toggle='tooltip' data-placement='right' title='当天质控不合格'>--</span>,<span data-toggle='tooltip' data-placement='right' title='当天质控不合格'>--</span>,<span data-toggle='tooltip' data-placement='right' title='当天质控不合格'>--</span>,--,--
安徽省,长江流域,武昌湖,02-25 08:00,4,<span title='原始值：11.92656'>11.9</span>,<span title='原始值：7.36264'>7.36</span>,<span title='原始值：8.72109'>8.72</span>,<span title='原始值：202.2367'>202.2</span>,<span title='原始值：26.76357'>26.8</span>,<span title='原始值：5.08698'>5.09</span>,<span title='原始值：0.08863'>0.089</span>,<span title='原始值：0.07052'>0.071</span>,<span title='原始值：1.55001'>1.55</span>,<span title='原始值：0.01166'>0.012</span>,<span title='原始值：9817063'>9817063</span>
安徽省,长江流域,前江口,02-25 08:00,2,<span title='原始值：11.70005'>11.7</span>,<span title='原始值：8.05932'>8.06</span>,<span title='原始值：10.67895'>10.68</span>,<span title='原始值：397.0841'>397.1</span>,<span title='原始值：16.60565'>16.6</span>,<span title='原始值：1.59026'>1.59</span>,<span title='原始值：0.02887'>0.029</span>,<span title='原始值：0.04575'>0.046</span>,<span title='原始值：2.202'>2.20</span>,--,--
安徽省,长江流域,花亭湖坝前,02-25 08:00,1,<span title='原始值：9.57911'>9.6</span>,<span title='原始值：7.32088'>7.32</span>,<span title='原始值：9.86176'>9.86</span>,<span title='原始值：104.0379'>104.0</span>,<span title='原始值：0.81197'>0.8</span>,<span title='原始值：1.55037'>1.55</span>,<span title='原始值：0.0097'>0.010</span>,<span title='原始值：0.00604'>0.006</span>,<span title='原始值：0.48396'>0.48</span>,<span title='原始值：0.00083'>0.001</span>,<span title='原始值：139947.4'>139947</span>
安徽省,长江流域,华阳河入江口,02-25 08:00,2,<span title='原始值：11.73568'>11.7</span>,<span title='原始值：8.16719'>8.17</span>,<span title='原始值：9.8983'>9.90</span>,<span title='原始值：467.8028'>467.8</span>,<span title='原始值：25.12129'>25.1</span>,<span title='原始值：2.79109'>2.79</span>,<span title='原始值：0.19093'>0.191</span>,<span title='原始值：0.04209'>0.042</span>,<span title='原始值：1.70756'>1.71</span>,--,--
安徽省,长江流域,水厂取水口,02-25 08:00,2,<span title='原始值：11.89873'>11.9</span>,<span title='原始值：8.04008'>8.04</span>,<span title='原始值：10.72826'>10.73</span>,<span title='原始值：148.0513'>148.1</span>,<span title='原始值：14.98559'>15.0</span>,<span title='原始值：2.80348'>2.80</span>,<span title='原始值：0.01851'>0.019</span>,<span title='原始值：0.03087'>0.031</span>,<span title='原始值：1.30766'>1.31</span>,--,--
安徽省,长江流域,皖河大桥,02-25 08:00,2,<span title='原始值：10.97449'>11.0</span>,<span title='原始值：7.44535'>7.45</span>,<span title='原始值：11.03904'>11.04</span>,<span title='原始值：151.2557'>151.3</span>,<span title='原始值：69.17064'>69.2</span>,<span title='原始值：2.67896'>2.68</span>,<span title='原始值：0.06826'>0.068</span>,<span title='原始值：0.05187'>0.052</span>,<span title='原始值：1.46529'>1.47</span>,--,--
安徽省,长江流域,车轴寺大桥,02-25 08:00,2,<span title='原始值：11.74'>11.7</span>,<span title='原始值：8.04448'>8.04</span>,<span title='原始值：9.35902'>9.36</span>,<span title='原始值：154.4146'>154.4</span>,<span title='原始值：13.62066'>13.6</span>,<span title='原始值：3.55682'>3.56</span>,<span title='原始值：0.01729'>0.017</span>,<span title='原始值：0.03101'>0.031</span>,<span title='原始值：1.54738'>1.55</span>,--,--
安徽省,浙闽片河流,篁墩,02-25 08:00,2,<span title='原始值：11.82'>11.8</span>,<span title='原始值：7.12898'>7.13</span>,<span title='原始值：9.17188'>9.17</span>,<span title='原始值：260.7426'>260.7</span>,<span title='原始值：14.23074'>14.2</span>,<span data-toggle='tooltip' data-placement='right' title='当天质控不合格'>--</span>,<span title='原始值：0.40289'>0.403</span>,<span data-toggle='tooltip' data-placement='right' title='当天质控不合格'>--</span>,<span data-toggle='tooltip' data-placement='right' title='当天质控不合格'>--</span>,--,--
安徽省,浙闽片河流,率水大桥,02-25 08:00,2,<span title='原始值：14.1117'>14.1</span>,<span title='原始值：6.79055'>6.79</span>,<span title='原始值：7.21747'>7.22</span>,<span title='原始值：91.44349'>91.4</span>,<span title='原始值：41.77979'>41.8</span>,<span title='原始值：2.31567'>2.32</span>,<span title='原始值：0.04186'>0.042</span>,<span title='原始值：0.04096'>0.041</span>,<span title='原始值：1.91524'>1.92</span>,--,--
安徽省,浙闽片河流,横江大桥,02-25 08:00,2,<span title='原始值：14.2036'>14.2</span>,<span title='原始值：7.70572'>7.71</span>,<span title='原始值：10.01744'>10.02</span>,<span title='原始值：372.6215'>372.6</span>,<span title='原始值：56.58163'>56.6</span>,<span title='原始值：2.59087'>2.59</span>,<span title='原始值：0.01222'>0.012</span>,<span title='原始值：0.02809'>0.028</span>,<span title='原始值：1.69135'>1.69</span>,--,--
安徽省,浙闽片河流,浦口,02-25 08:00,4,<span title='原始值：14.25'>14.2</span>,<span title='原始值：6.63387'>6.63</span>,<span title='原始值：8.67603'>8.68</span>,<span title='原始值：521.5433'>521.5</span>,<span title='原始值：593.6515'>593.7</span>,<span title='原始值：7.76211'>7.76</span>,<span title='原始值：0.01233'>0.012</span>,<span title='原始值：0.10595'>0.106</span>,<span title='原始值：4.78712'>4.79</span>,--,--
安徽省,长江流域,太平湖湖心,02-25 09:00,1,<span title='原始值：10.5'>10.5</span>,<span title='原始值：7.625'>7.62</span>,<span title='原始值：10.9764'>10.98</span>,<span title='原始值：107.28'>107.3</span>,<span title='原始值：2.36'>2.4</span>,<span title='原始值：1.366'>1.37</span>,--,<span title='原始值：0.0089'>0.009</span>,<span title='原始值：0.49'>0.49</span>,<span title='原始值：0.00179'>0.002</span>,<span title='原始值：127969.7'>127970</span>
安徽省,浙闽片河流,新管,02-25 08:00,2,<span title='原始值：12.23787'>12.2</span>,<span title='原始值：7.02929'>7.03</span>,<span title='原始值：14.12772'>14.13</span>,<span title='原始值：402.9293'>402.9</span>,<span title='原始值：14.0177'>14.0</span>,<span title='原始值：1.57061'>1.57</span>,<span title='原始值：0.01079'>0.011</span>,<span title='原始值：0.0423'>0.042</span>,<span title='原始值：2.06608'>2.07</span>,--,--
安徽省,淮河流域,天长化工厂,02-25 08:00,4,<span title='原始值：10.4'>10.4</span>,<span title='原始值：7.95'>7.95</span>,<span title='原始值：7.657'>7.66</span>,<span title='原始值：1218.2'>1218.2</span>,<span title='原始值：31.69'>31.7</span>,<span title='原始值：6.021'>6.02</span>,<span title='原始值：0.0067'>0.007</span>,<span title='原始值：0.1013'>0.101</span>,<span data-toggle='tooltip' data-placement='right' title='当天质控不合格'>--</span>,--,--
安徽省,淮河流域,公路桥,02-25 08:00,3,<span title='原始值：10.45'>10.4</span>,<span title='原始值：7.5488'>7.55</span>,<span title='原始值：7.8589'>7.86</span>,<span title='原始值：734.8298'>734.8</span>,<span title='原始值：17.9983'>18.0</span>,<span title='原始值：5.606'>5.61</span>,<span title='原始值：0.1082'>0.108</span>,<span title='原始值：0.0835'>0.084</span>,<span title='原始值：2.1223'>2.12</span>,--,--
安徽省,淮河流域,小柳巷,02-25 08:00,6,<span title='原始值：24.08'>24.1</span>,<span title='原始值：5.708'>5.71</span>,<span title='原始值：8.477'>8.48</span>,--,<span title='原始值：0.808'>0.8</span>,<span title='原始值：2.206'>2.21</span>,<span title='原始值：0.065'>0.065</span>,<span title='原始值：0.0482'>0.048</span>,<span title='原始值：4.616'>4.62</span>,--,--
安徽省,长江流域,水口,02-25 08:00,3,<span title='原始值：11.13'>11.1</span>,<span title='原始值：7.9945'>7.99</span>,<span title='原始值：7.2491'>7.25</span>,<span title='原始值：1429.552'>1429.6</span>,<span title='原始值：26.0538'>26.1</span>,<span data-toggle='tooltip' data-placement='right' title='当天质控不合格'>--</span>,<span title='原始值：0.3813'>0.381</span>,<span title='原始值：0.143'>0.143</span>,<span title='原始值：11.4498'>11.45</span>,--,--
安徽省,长江流域,乌衣下,02-25 08:00,2,<span title='原始值：11.91'>11.9</span>,<span title='原始值：7.8979'>7.90</span>,<span title='原始值：10.4037'>10.40</span>,<span title='原始值：1275.333'>1275.3</span>,<span title='原始值：11.1611'>11.2</span>,<span title='原始值：3.958'>3.96</span>,<span title='原始值：0.122'>0.122</span>,<span title='原始值：0.073'>0.073</span>,<span title='原始值：8.2489'>8.25</span>,--,--
安徽省,长江流域,襄河大桥,02-25 08:00,2,<span title='原始值：11.51'>11.5</span>,<span title='原始值：7.925'>7.92</span>,<span title='原始值：9.3233'>9.32</span>,<span title='原始值：500.0995'>500.1</span>,<span title='原始值：11.0224'>11.0</span>,<span title='原始值：3.653'>3.65</span>,<span title='原始值：0.2542'>0.254</span>,<span title='原始值：0.0463'>0.046</span>,<span title='原始值：2.8347'>2.83</span>,--,--
安徽省,长江流域,清流河口,02-25 08:00,3,<span title='原始值：10.54222'>10.5</span>,<span title='原始值：7.8812'>7.88</span>,<span title='原始值：12.41143'>12.41</span>,<span title='原始值：1368.64'>1368.6</span>,<span title='原始值：48.33582'>48.3</span>,<span title='原始值：4.208'>4.21</span>,<span title='原始值：0.1213'>0.121</span>,<span title='原始值：0.08491'>0.085</span>,<span title='原始值：7.58318'>7.58</span>,--,--
安徽省,淮河流域,阜阳段下,02-25 08:00,2,<span title='原始值：10.40599'>10.4</span>,<span title='原始值：7.97643'>7.98</span>,<span title='原始值：9.05348'>9.05</span>,<span title='原始值：1047.998'>1048.0</span>,<span title='原始值：9.76077'>9.8</span>,<span title='原始值：3.51745'>3.52</span>,<span title='原始值：0.16819'>0.168</span>,<span title='原始值：0.09811'>0.098</span>,<span title='原始值：7.67568'>7.68</span>,--,--
安徽省,淮河流域,杨湖,02-25 08:00,2,<span title='原始值：10.0494'>10.0</span>,<span title='原始值：8.06747'>8.07</span>,<span title='原始值：10.91946'>10.92</span>,<span title='原始值：993.6047'>993.6</span>,<span title='原始值：7.0184'>7.0</span>,<span title='原始值：3.63016'>3.63</span>,<span title='原始值：0.11253'>0.113</span>,<span title='原始值：0.06317'>0.063</span>,<span title='原始值：5.45246'>5.45</span>,--,--
安徽省,淮河流域,张大桥,02-25 08:00,2,<span title='原始值：11.54'>11.5</span>,<span title='原始值：8.2'>8.20</span>,<span title='原始值：11.53'>11.53</span>,<span title='原始值：1645.43'>1645.4</span>,<span title='原始值：6.68'>6.7</span>,<span title='原始值：2.762'>2.76</span>,<span title='原始值：0.348'>0.348</span>,<span title='原始值：0.0558'>0.056</span>,<span title='原始值：13.6033'>13.60</span>,--,--
安徽省,淮河流域,王家坝,02-25 08:00,3,<span title='原始值：11.2'>11.2</span>,<span title='原始值：8.227'>8.23</span>,<span title='原始值：10.18'>10.18</span>,<span title='原始值：509.4'>509.4</span>,<span title='原始值：7.16'>7.2</span>,<span title='原始值：4.604'>4.60</span>,<span title='原始值：0.095'>0.095</span>,<span title='原始值：0.0672'>0.067</span>,<span title='原始值：2.723'>2.72</span>,--,--
安徽省,淮河流域,界首七渡口(七渡口),02-25 08:00,2,<span title='原始值：9.61'>9.6</span>,<span title='原始值：7.732'>7.73</span>,<span title='原始值：9.17'>9.17</span>,<span title='原始值：968.5'>968.5</span>,<span title='原始值：12.17'>12.2</span>,<span title='原始值：3.06'>3.06</span>,<span title='原始值：0.086'>0.086</span>,<span title='原始值：0.0824'>0.082</span>,<span title='原始值：8.334'>8.33</span>,--,--
安徽省,淮河流域,阜南,02-25 08:00,2,<span title='原始值：11.47'>11.5</span>,<span title='原始值：8.14554'>8.15</span>,<span title='原始值：12.11659'>12.12</span>,<span title='原始值：623.5448'>623.5</span>,<span title='原始值：4.16414'>4.2</span>,<span title='原始值：3.09873'>3.10</span>,<span title='原始值：0.01418'>0.014</span>,<span title='原始值：0.02429'>0.024</span>,<span title='原始值：0.28836'>0.29</span>,--,--
安徽省,淮河流域,阜阳段上游,02-25 08:00,2,<span title='原始值：10.58165'>10.6</span>,<span title='原始值：7.76987'>7.77</span>,<span title='原始值：8.80376'>8.80</span>,<span title='原始值：1021.939'>1021.9</span>,<span title='原始值：9.84919'>9.8</span>,<span title='原始值：3.3548'>3.35</span>,<span title='原始值：0.08887'>0.089</span>,<span title='原始值：0.05811'>0.058</span>,<span title='原始值：8.1317'>8.13</span>,--,--
安徽省,淮河流域,奎河苏皖省界（黄桥）,02-25 08:00,3,<span title='原始值：11.48'>11.5</span>,<span title='原始值：7.361'>7.36</span>,<span title='原始值：10.662'>10.66</span>,<span title='原始值：1167.8'>1167.8</span>,<span title='原始值：13.2'>13.2</span>,<span title='原始值：5.637'>5.64</span>,<span title='原始值：0.1146'>0.115</span>,<span title='原始值：0.1125'>0.112</span>,<span title='原始值：5.934'>5.93</span>,--,--
安徽省,淮河流域,东坪集,02-25 08:00,3,<span title='原始值：10.05'>10.0</span>,<span title='原始值：8.30247'>8.30</span>,<span title='原始值：11.27402'>11.27</span>,<span title='原始值：1919.864'>1919.9</span>,<span title='原始值：12.45112'>12.5</span>,<span title='原始值：4.1147'>4.11</span>,<span title='原始值：0.04526'>0.045</span>,<span title='原始值：0.04504'>0.045</span>,<span title='原始值：7.12613'>7.13</span>,--,--
安徽省,淮河流域,符离闸,02-25 08:00,3,<span title='原始值：12.71796'>12.7</span>,<span title='原始值：8.12148'>8.12</span>,<span title='原始值：9.73929'>9.74</span>,<span title='原始值：1275.286'>1275.3</span>,<span title='原始值：3.73466'>3.7</span>,<span title='原始值：4.29801'>4.30</span>,<span title='原始值：0.01653'>0.017</span>,<span title='原始值：0.04608'>0.046</span>,<span title='原始值：2.8014'>2.80</span>,--,--
安徽省,淮河流域,芦岭桥,02-25 08:00,2,<span title='原始值：9.53'>9.5</span>,<span title='原始值：8.229'>8.23</span>,<span title='原始值：10.957'>10.96</span>,<span title='原始值：1229.505'>1229.5</span>,<span title='原始值：7.61'>7.6</span>,<span title='原始值：3.71'>3.71</span>,<span title='原始值：0.0662'>0.066</span>,<span title='原始值：0.0349'>0.035</span>,<span title='原始值：3.6409'>3.64</span>,--,--
安徽省,淮河流域,下楼公路桥,02-25 08:00,2,<span title='原始值：11.05'>11.0</span>,<span title='原始值：7.86'>7.86</span>,<span title='原始值：11.18'>11.18</span>,<span title='原始值：830.45'>830.4</span>,<span title='原始值：4.02'>4.0</span>,<span title='原始值：2.47'>2.47</span>,<span title='原始值：0.0633'>0.063</span>,<span title='原始值：0.0569'>0.057</span>,<span title='原始值：1.3501'>1.35</span>,--,--
安徽省,淮河流域,工农兵大桥,02-25 08:00,2,<span title='原始值：11.68094'>11.7</span>,<span title='原始值：8.15852'>8.16</span>,<span title='原始值：13.10829'>13.11</span>,<span title='原始值：480.0954'>480.1</span>,<span title='原始值：15.53693'>15.5</span>,<span title='原始值：3.64903'>3.65</span>,<span title='原始值：0.06088'>0.061</span>,<span title='原始值：0.06243'>0.062</span>,<span title='原始值：2.68878'>2.69</span>,--,--
安徽省,淮河流域,陶洪集,02-25 08:00,2,<span title='原始值：11.41191'>11.4</span>,<span title='原始值：7.72505'>7.73</span>,<span title='原始值：11.1059'>11.11</span>,<span title='原始值：170.7686'>170.8</span>,<span title='原始值：37.3655'>37.4</span>,<span title='原始值：2.01549'>2.02</span>,<span title='原始值：0.02502'>0.025</span>,<span title='原始值：0.02993'>0.030</span>,<span title='原始值：1.41402'>1.41</span>,--,--
安徽省,淮河流域,东湖闸,02-25 08:00,2,<span title='原始值：11.12'>11.1</span>,<span title='原始值：7.43376'>7.43</span>,<span title='原始值：10.95137'>10.95</span>,<span title='原始值：232.0717'>232.1</span>,<span title='原始值：21.72676'>21.7</span>,<span title='原始值：2.69231'>2.69</span>,<span title='原始值：0.03239'>0.032</span>,<span title='原始值：0.05324'>0.053</span>,<span title='原始值：1.22702'>1.23</span>,--,--
安徽省,淮河流域,新安渡口,02-25 08:00,2,<span title='原始值：11.33'>11.3</span>,<span title='原始值：7.44537'>7.45</span>,<span title='原始值：9.26678'>9.27</span>,<span title='原始值：332.2626'>332.3</span>,<span title='原始值：5.05736'>5.1</span>,<span title='原始值：2.858'>2.86</span>,<span title='原始值：0.04172'>0.042</span>,<span title='原始值：0.01485'>0.015</span>,<span title='原始值：2.68524'>2.69</span>,--,--
安徽省,淮河流域,响洪甸水库出水口,02-25 08:00,1,<span title='原始值：9.39'>9.4</span>,<span title='原始值：7.2663'>7.27</span>,<span title='原始值：11.0272'>11.03</span>,<span title='原始值：90.94949'>90.9</span>,<span title='原始值：2.58056'>2.6</span>,<span title='原始值：1.28205'>1.28</span>,<span title='原始值：0.01234'>0.012</span>,<span title='原始值：0.00855'>0.009</span>,<span title='原始值：1.00798'>1.01</span>,--,--
安徽省,淮河流域,丁埠大桥,02-25 08:00,2,<span title='原始值：10.19199'>10.2</span>,<span title='原始值：7.67857'>7.68</span>,<span title='原始值：9.65483'>9.65</span>,<span title='原始值：124.1314'>124.1</span>,<span title='原始值：2.68503'>2.7</span>,<span title='原始值：1.73674'>1.74</span>,<span title='原始值：0.00842'>0.008</span>,<span title='原始值：0.02355'>0.024</span>,<span title='原始值：0.991'>0.99</span>,--,--
安徽省,巢湖流域,将军宕大桥,02-25 08:00,2,<span title='原始值：11.03'>11.0</span>,<span title='原始值：7.14'>7.14</span>,<span title='原始值：8.399'>8.40</span>,<span title='原始值：214.314'>214.3</span>,<span title='原始值：8.328'>8.3</span>,<span title='原始值：2.419'>2.42</span>,<span title='原始值：0.043'>0.043</span>,<span title='原始值：0.029'>0.029</span>,<span title='原始值：2.653'>2.65</span>,--,--
安徽省,淮河流域,固始李畈,02-25 08:00,2,<span title='原始值：9.75'>9.8</span>,<span title='原始值：7.41575'>7.42</span>,<span title='原始值：10.78191'>10.78</span>,<span title='原始值：234.8634'>234.9</span>,<span title='原始值：2.53094'>2.5</span>,<span title='原始值：2.27965'>2.28</span>,<span title='原始值：0.01415'>0.014</span>,<span title='原始值：0.02312'>0.023</span>,<span title='原始值：2.60336'>2.60</span>,--,--
安徽省,淮河流域,龙亢,02-25 07:00,2,<span title='原始值：9.8'>9.8</span>,<span title='原始值：7.986'>7.99</span>,<span title='原始值：8.6'>8.60</span>,<span title='原始值：1644.97'>1645.0</span>,<span title='原始值：17.82'>17.8</span>,<span title='原始值：3.6909'>3.69</span>,<span title='原始值：0.036'>0.036</span>,<span title='原始值：0.0571'>0.057</span>,<span title='原始值：5.1062'>5.11</span>,--,--
安徽省,淮河流域,刘寨村后,02-25 09:00,1,<span title='原始值：10.04'>10.0</span>,<span title='原始值：8.11'>8.11</span>,<span title='原始值：11.45'>11.45</span>,<span title='原始值：2854'>2854.0</span>,<span title='原始值：18.96'>19.0</span>,<span data-toggle='tooltip' data-placement='right' title='当天质控不合格'>--</span>,<span data-toggle='tooltip' data-placement='right' title='当天质控不合格'>--</span>,<span data-toggle='tooltip' data-placement='right' title='当天质控不合格'>--</span>,<span data-toggle='tooltip' data-placement='right' title='当天质控不合格'>--</span>,--,--
安徽省,淮河流域,涡阳义门大桥,02-25 08:00,3,<span title='原始值：10.85'>10.8</span>,<span title='原始值：8.0035'>8.00</span>,<span title='原始值：8.3291'>8.33</span>,<span title='原始值：1785.144'>1785.1</span>,<span title='原始值：7.2923'>7.3</span>,<span title='原始值：4.27'>4.27</span>,<span title='原始值：0.5832'>0.583</span>,<span title='原始值：0.0849'>0.085</span>,<span title='原始值：4.6777'>4.68</span>,--,--
安徽省,淮河流域,利辛段,02-25 08:00,2,<span title='原始值：11.35'>11.4</span>,<span title='原始值：8.19'>8.19</span>,<span title='原始值：12.58'>12.58</span>,<span title='原始值：1175.77'>1175.8</span>,<span title='原始值：5.41'>5.4</span>,<span title='原始值：1.78'>1.78</span>,<span title='原始值：0.0399'>0.040</span>,<span title='原始值：0.0201'>0.020</span>,<span title='原始值：6.9'>6.90</span>,--,--
安徽省,长江流域,五步沟,02-25 08:00,2,<span title='原始值：12.07'>12.1</span>,<span title='原始值：7.96047'>7.96</span>,<span title='原始值：9.95705'>9.96</span>,<span title='原始值：394.7579'>394.8</span>,<span title='原始值：8.09943'>8.1</span>,<span title='原始值：1.7709'>1.77</span>,<span title='原始值：0.04396'>0.044</span>,<span title='原始值：0.04701'>0.047</span>,<span title='原始值：1.92281'>1.92</span>,--,--
安徽省,长江流域,青通河河口,02-25 08:00,2,<span title='原始值：12.65487'>12.7</span>,<span title='原始值：7.85025'>7.85</span>,<span title='原始值：8.91639'>8.92</span>,<span title='原始值：297.1995'>297.2</span>,<span title='原始值：31.15781'>31.2</span>,<span title='原始值：2.69307'>2.69</span>,<span title='原始值：0.13644'>0.136</span>,<span title='原始值：0.04753'>0.048</span>,<span title='原始值：2.56548'>2.57</span>,--,--
安徽省,长江流域,秋浦河入江口,02-25 08:00,2,<span title='原始值：11.40244'>11.4</span>,<span title='原始值：7.92248'>7.92</span>,<span title='原始值：10.53578'>10.54</span>,<span title='原始值：288.9166'>288.9</span>,<span title='原始值：59.6829'>59.7</span>,<span title='原始值：1.48475'>1.48</span>,<span title='原始值：0.04559'>0.046</span>,<span title='原始值：0.03172'>0.032</span>,<span title='原始值：1.28123'>1.28</span>,--,--
安徽省,长江流域,东流,02-25 08:00,2,<span title='原始值：11.21'>11.2</span>,<span title='原始值：7.5348'>7.53</span>,<span title='原始值：7.02877'>7.03</span>,<span title='原始值：223.8275'>223.8</span>,<span title='原始值：85.4147'>85.4</span>,<span title='原始值：2.90304'>2.90</span>,<span title='原始值：0.18965'>0.190</span>,<span title='原始值：0.08358'>0.084</span>,<span data-toggle='tooltip' data-placement='right' title='当天质控不合格'>--</span>,--,--
安徽省,长江流域,南漪湖西湖湖心,02-25 09:00,4,<span title='原始值：10.57'>10.6</span>,<span title='原始值：7.759'>7.76</span>,<span title='原始值：10.5758'>10.58</span>,<span title='原始值：287.05'>287.0</span>,<span title='原始值：70.58'>70.6</span>,<span title='原始值：2.706'>2.71</span>,<span title='原始值：0.0346'>0.035</span>,<span title='原始值：0.0618'>0.062</span>,<span title='原始值：1.157'>1.16</span>,<span title='原始值：0.00392'>0.004</span>,<span title='原始值：3.632348E+07'>36323480</span>
安徽省,太湖流域,殷桥,02-25 08:00,4,<span title='原始值：12.14801'>12.1</span>,<span title='原始值：7.47995'>7.48</span>,<span title='原始值：7.86276'>7.86</span>,<span title='原始值：362.9674'>363.0</span>,<span title='原始值：13.08147'>13.1</span>,<span title='原始值：6.56498'>6.56</span>,<span title='原始值：0.09277'>0.093</span>,<span title='原始值：0.06802'>0.068</span>,--,--,--
安徽省,长江流域,泾南交界,02-25 08:00,2,<span title='原始值：12.11'>12.1</span>,<span title='原始值：7.7031'>7.70</span>,<span title='原始值：9.1711'>9.17</span>,<span title='原始值：148.7619'>148.8</span>,<span title='原始值：8.9347'>8.9</span>,<span title='原始值：1.419'>1.42</span>,<span title='原始值：0.008'>0.008</span>,<span title='原始值：0.0326'>0.033</span>,<span title='原始值：1.0998'>1.10</span>,--,--
安徽省,长江流域,汪溪,02-25 08:00,2,<span title='原始值：13.86'>13.9</span>,<span title='原始值：8.1197'>8.12</span>,<span title='原始值：9.5688'>9.57</span>,<span title='原始值：193.5395'>193.5</span>,<span title='原始值：5.2546'>5.3</span>,<span title='原始值：0.959'>0.96</span>,<span title='原始值：0.0327'>0.033</span>,<span title='原始值：0.0405'>0.040</span>,<span title='原始值：1.1449'>1.14</span>,--,--
安徽省,长江流域,狮子口,02-25 08:00,3,<span title='原始值：12.07'>12.1</span>,<span title='原始值：7.641'>7.64</span>,<span title='原始值：8.7326'>8.73</span>,<span title='原始值：421.141'>421.1</span>,<span title='原始值：23.996'>24.0</span>,<span title='原始值：4.167'>4.17</span>,<span title='原始值：0.1874'>0.187</span>,<span title='原始值：0.1009'>0.101</span>,<span title='原始值：4.99'>4.99</span>,--,--
安徽省,长江流域,东村桥,02-25 08:00,2,<span title='原始值：10.97916'>11.0</span>,<span title='原始值：7.85822'>7.86</span>,<span title='原始值：7.65852'>7.66</span>,<span title='原始值：533.4617'>533.5</span>,<span title='原始值：3.47585'>3.5</span>,<span title='原始值：2.24863'>2.25</span>,<span title='原始值：0.06167'>0.062</span>,<span title='原始值：0.02291'>0.023</span>,<span title='原始值：1.23006'>1.23</span>,--,--
安徽省,长江流域,旌泾交界,02-25 08:00,2,<span title='原始值：12.259'>12.3</span>,<span title='原始值：7.456'>7.46</span>,<span title='原始值：8.936'>8.94</span>,<span title='原始值：205.859'>205.9</span>,<span title='原始值：9.142'>9.1</span>,<span title='原始值：2.157'>2.16</span>,<span title='原始值：0.062'>0.062</span>,<span title='原始值：0.097'>0.097</span>,<span title='原始值：2.042'>2.04</span>,--,--
安徽省,长江流域,水碧桥,02-25 08:00,2,<span title='原始值：11.05'>11.0</span>,<span title='原始值：7.64356'>7.64</span>,<span title='原始值：10.23038'>10.23</span>,<span title='原始值：277.349'>277.3</span>,<span title='原始值：8.79409'>8.8</span>,<span title='原始值：1.82498'>1.82</span>,<span title='原始值：0.19831'>0.198</span>,<span title='原始值：0.04609'>0.046</span>,<span title='原始值：2.52752'>2.53</span>,--,--
福建省,浙闽片河流,闽侯竹岐,02-25 08:00,2,<span title='原始值：16.8'>16.8</span>,<span title='原始值：7.23'>7.23</span>,<span title='原始值：10.4'>10.40</span>,<span title='原始值：256.8'>256.8</span>,<span title='原始值：19.34'>19.3</span>,<span title='原始值：2.162'>2.16</span>,<span title='原始值：0.03302'>0.033</span>,<span title='原始值：0.08128'>0.081</span>,<span title='原始值：1.6'>1.60</span>,--,--
福建省,浙闽片河流,闽安,02-25 09:00,3,<span title='原始值：15.3'>15.3</span>,<span title='原始值：7.7'>7.70</span>,<span title='原始值：8.306'>8.31</span>,<span title='原始值：16547.23'>16547.2</span>,<span title='原始值：130.3'>130.3</span>,<span title='原始值：3.594'>3.59</span>,<span title='原始值：0.3646'>0.365</span>,<span title='原始值：0.123'>0.123</span>,<span title='原始值：3.418'>3.42</span>,--,--
福建省,浙闽片河流,连江荷山渡口,02-25 09:00,5,<span title='原始值：16.786'>16.8</span>,<span title='原始值：8.071'>8.07</span>,<span title='原始值：6.972'>6.97</span>,<span title='原始值：201.22'>201.2</span>,<span title='原始值：388.06'>388.1</span>,<span title='原始值：5.241'>5.24</span>,<span title='原始值：0.8032'>0.803</span>,<span title='原始值：0.3124'>0.312</span>,<span title='原始值：3.317'>3.32</span>,--,--
福建省,浙闽片河流,永泰横龙,02-25 09:00,1,<span title='原始值：17.969'>18.0</span>,<span title='原始值：8.189'>8.19</span>,<span title='原始值：9.917'>9.92</span>,<span title='原始值：82.431'>82.4</span>,<span title='原始值：6.571'>6.6</span>,<span title='原始值：1.225'>1.22</span>,<span title='原始值：0.0053'>0.005</span>,<span title='原始值：0.0061'>0.006</span>,<span title='原始值：0.608'>0.61</span>,--,--
福建省,浙闽片河流,闽清雄江,02-25 09:00,2,<span title='原始值：16.62'>16.6</span>,<span title='原始值：7.45'>7.45</span>,<span title='原始值：7.09'>7.09</span>,<span title='原始值：225.542'>225.5</span>,<span title='原始值：3'>3.0</span>,<span title='原始值：1.951'>1.95</span>,<span title='原始值：0.0223'>0.022</span>,<span title='原始值：0.0399'>0.040</span>,<span title='原始值：1.433'>1.43</span>,--,--
福建省,浙闽片河流,梅溪口,02-25 09:00,2,<span title='原始值：18.83'>18.8</span>,<span title='原始值：7.47'>7.47</span>,<span title='原始值：8.378'>8.38</span>,<span title='原始值：179.5'>179.5</span>,<span title='原始值：5.57'>5.6</span>,<span title='原始值：2.5'>2.50</span>,<span title='原始值：0.0698'>0.070</span>,<span title='原始值：0.0583'>0.058</span>,<span title='原始值：2.472'>2.47</span>,--,--
福建省,浙闽片河流,隘头潭,02-25 09:00,4,<span title='原始值：20.76'>20.8</span>,<span title='原始值：6.323'>6.32</span>,<span title='原始值：4.965'>4.96</span>,<span title='原始值：197.393'>197.4</span>,<span title='原始值：3.324'>3.3</span>,<span title='原始值：1.2403'>1.24</span>,<span title='原始值：0.0289'>0.029</span>,<span title='原始值：0.039'>0.039</span>,<span title='原始值：0.4758'>0.48</span>,--,--
福建省,浙闽片河流,园头桥,02-25 09:00,3,<span title='原始值：19.2'>19.2</span>,<span title='原始值：7.31'>7.31</span>,<span title='原始值：7.68'>7.68</span>,<span title='原始值：258.75'>258.8</span>,<span title='原始值：14.42'>14.4</span>,<span title='原始值：2.298'>2.30</span>,<span title='原始值：0.0561'>0.056</span>,<span title='原始值：0.1368'>0.137</span>,<span title='原始值：5.019'>5.02</span>,--,--
福建省,浙闽片河流,江口桥,02-25 09:00,3,<span title='原始值：17.77'>17.8</span>,<span title='原始值：7.73'>7.73</span>,<span title='原始值：8.412'>8.41</span>,<span title='原始值：31266.65'>31266.6</span>,<span title='原始值：9.43'>9.4</span>,<span title='原始值：1.928'>1.93</span>,<span title='原始值：0.778'>0.778</span>,<span title='原始值：0.073'>0.073</span>,<span title='原始值：4.481'>4.48</span>,--,--
福建省,浙闽片河流,将乐万全,02-25 09:00,1,<span title='原始值：13.772'>13.8</span>,<span title='原始值：7.035'>7.04</span>,<span title='原始值：9.19'>9.19</span>,<span title='原始值：93.928'>93.9</span>,<span title='原始值：1.72'>1.7</span>,<span title='原始值：1.486'>1.49</span>,<span title='原始值：0.022'>0.022</span>,<span title='原始值：0.019'>0.019</span>,<span title='原始值：1.027'>1.03</span>,--,--
福建省,浙闽片河流,宁化肖家,02-25 09:00,2,<span title='原始值：16.454'>16.5</span>,<span title='原始值：7.113'>7.11</span>,<span title='原始值：6.827'>6.83</span>,<span title='原始值：153.821'>153.8</span>,<span title='原始值：4.859'>4.9</span>,<span title='原始值：2.981'>2.98</span>,<span title='原始值：0.245'>0.245</span>,<span title='原始值：0.096'>0.096</span>,<span title='原始值：2.516'>2.52</span>,--,--
福建省,浙闽片河流,永安安砂水库下游,02-25 09:00,1,<span title='原始值：16.432'>16.4</span>,<span title='原始值：7.095'>7.10</span>,<span title='原始值：7.816'>7.82</span>,<span title='原始值：149.332'>149.3</span>,<span title='原始值：0.789'>0.8</span>,<span title='原始值：1.24'>1.24</span>,<span title='原始值：0.006'>0.006</span>,<span title='原始值：0.02'>0.020</span>,<span data-toggle='tooltip' data-placement='right' title='当天质控不合格'>--</span>,--,--
福建省,浙闽片河流,永安贡川桥,02-25 07:00,2,<span title='原始值：18.05'>18.0</span>,<span title='原始值：6.98'>6.98</span>,<span title='原始值：7.15'>7.15</span>,<span title='原始值：203.83'>203.8</span>,<span title='原始值：3.87'>3.9</span>,<span title='原始值：1.622'>1.62</span>,<span title='原始值：0.0428'>0.043</span>,<span title='原始值：0.033'>0.033</span>,<span title='原始值：1.277'>1.28</span>,--,--
福建省,浙闽片河流,斑竹溪渡口,02-25 09:00,2,<span title='原始值：17.719'>17.7</span>,<span title='原始值：7.272'>7.27</span>,<span title='原始值：8.153'>8.15</span>,<span title='原始值：439.989'>440.0</span>,<span title='原始值：1.588'>1.6</span>,<span title='原始值：1.887'>1.89</span>,<span title='原始值：0.02'>0.020</span>,<span title='原始值：0.063'>0.063</span>,<span title='原始值：1.488'>1.49</span>,--,--
福建省,浙闽片河流,建宁袁庄,02-25 09:00,2,<span title='原始值：14.942'>14.9</span>,<span title='原始值：7.059'>7.06</span>,<span title='原始值：9.333'>9.33</span>,<span title='原始值：109.665'>109.7</span>,<span title='原始值：1.727'>1.7</span>,<span title='原始值：1.03'>1.03</span>,<span title='原始值：0.059'>0.059</span>,<span title='原始值：0.058'>0.058</span>,<span title='原始值：1.66'>1.66</span>,--,--
福建省,浙闽片河流,尤溪拥口大桥,02-25 09:00,2,<span title='原始值：18.11'>18.1</span>,<span title='原始值：7.532'>7.53</span>,<span title='原始值：8.081'>8.08</span>,<span title='原始值：130.711'>130.7</span>,<span title='原始值：2.359'>2.4</span>,<span title='原始值：2.061'>2.06</span>,<span title='原始值：0.1958'>0.196</span>,<span title='原始值：0.0232'>0.023</span>,<span title='原始值：1.1424'>1.14</span>,--,--
福建省,浙闽片河流,南安康美桥,02-25 09:00,2,<span title='原始值：18.78'>18.8</span>,<span title='原始值：7.349'>7.35</span>,<span title='原始值：8.103'>8.10</span>,<span title='原始值：152.638'>152.6</span>,<span title='原始值：4.213'>4.2</span>,<span title='原始值：2.32'>2.32</span>,<span title='原始值：0.0123'>0.012</span>,<span title='原始值：0.0662'>0.066</span>,<span title='原始值：2.0818'>2.08</span>,--,--
福建省,浙闽片河流,永春东关桥,02-25 09:00,3,<span title='原始值：21.1'>21.1</span>,<span title='原始值：7.541239'>7.54</span>,<span title='原始值：7.62'>7.62</span>,<span title='原始值：252.8167'>252.8</span>,<span title='原始值：2.907951'>2.9</span>,<span title='原始值：2.9'>2.90</span>,<span title='原始值：0.167'>0.167</span>,<span title='原始值：0.113442'>0.113</span>,<span title='原始值：5.05'>5.05</span>,--,--
福建省,浙闽片河流,安溪罗内桥,02-25 09:00,3,<span title='原始值：19.768'>19.8</span>,<span title='原始值：6.936'>6.94</span>,<span title='原始值：6.206'>6.21</span>,<span title='原始值：200.9'>200.9</span>,<span title='原始值：8.023'>8.0</span>,<span title='原始值：1.43'>1.43</span>,<span title='原始值：0.266'>0.266</span>,<span title='原始值：0.117'>0.117</span>,<span title='原始值：4.197'>4.20</span>,--,--
福建省,浙闽片河流,南安霞东桥,02-25 09:00,3,<span title='原始值：20.35'>20.4</span>,<span title='原始值：7.24'>7.24</span>,<span title='原始值：7.055'>7.06</span>,<span title='原始值：268.939'>268.9</span>,<span title='原始值：3.765'>3.8</span>,<span title='原始值：0.8156'>0.82</span>,<span title='原始值：0.2606'>0.261</span>,<span title='原始值：0.1124'>0.112</span>,<span title='原始值：3.5696'>3.57</span>,--,--
福建省,浙闽片河流,华安西陂,02-25 09:00,2,<span title='原始值：19.93129'>19.9</span>,<span title='原始值：7.309995'>7.31</span>,<span title='原始值：9.431577'>9.43</span>,<span title='原始值：410.0136'>410.0</span>,<span title='原始值：19.03157'>19.0</span>,<span title='原始值：1.792'>1.79</span>,<span title='原始值：0.096'>0.096</span>,<span title='原始值：0.066'>0.066</span>,<span title='原始值：1.62'>1.62</span>,--,--
福建省,浙闽片河流,南靖靖城桥,02-25 09:00,3,<span title='原始值：20.43'>20.4</span>,<span title='原始值：6.601'>6.60</span>,<span title='原始值：5.98'>5.98</span>,<span title='原始值：152.6'>152.6</span>,<span title='原始值：10.447'>10.4</span>,<span title='原始值：1.913'>1.91</span>,<span title='原始值：0.214'>0.214</span>,<span title='原始值：0.086'>0.086</span>,<span title='原始值：5.721'>5.72</span>,--,--
福建省,浙闽片河流,诏安澳子头,02-25 09:00,2,<span title='原始值：20.67'>20.7</span>,<span title='原始值：7.302'>7.30</span>,<span title='原始值：9.922'>9.92</span>,<span title='原始值：177.809'>177.8</span>,<span title='原始值：1.294'>1.3</span>,<span title='原始值：2.82'>2.82</span>,<span title='原始值：0.0597'>0.060</span>,<span title='原始值：0.0496'>0.050</span>,<span title='原始值：1.4476'>1.45</span>,--,--
福建省,浙闽片河流,南靖洪濑汤坑桥,02-25 09:00,2,<span title='原始值：20.71'>20.7</span>,<span title='原始值：6.812'>6.81</span>,<span title='原始值：6.2'>6.20</span>,<span title='原始值：263.4'>263.4</span>,<span title='原始值：25.926'>25.9</span>,<span title='原始值：2.209'>2.21</span>,<span title='原始值：0.145'>0.145</span>,<span title='原始值：0.055'>0.055</span>,<span title='原始值：14.214'>14.21</span>,--,--
福建省,浙闽片河流,浦南水文站,02-25 09:00,2,<span title='原始值：19.64964'>19.6</span>,<span title='原始值：6.863'>6.86</span>,<span title='原始值：7.047325'>7.05</span>,<span title='原始值：407.3'>407.3</span>,<span title='原始值：34.822'>34.8</span>,<span title='原始值：0.814'>0.81</span>,<span title='原始值：0.321'>0.321</span>,<span title='原始值：0.012'>0.012</span>,<span title='原始值：3.085'>3.08</span>,--,--
福建省,浙闽片河流,南溪浮宫桥,02-25 09:00,3,<span title='原始值：19.57'>19.6</span>,<span title='原始值：7.511'>7.51</span>,<span title='原始值：5.606'>5.61</span>,<span title='原始值：17489.63'>17489.6</span>,<span title='原始值：53.529'>53.5</span>,<span title='原始值：2.467'>2.47</span>,<span data-toggle='tooltip' data-placement='right' title='当天质控不合格'>--</span>,<span title='原始值：0.1202'>0.120</span>,<span title='原始值：3.1532'>3.15</span>,--,--
福建省,浙闽片河流,上坂,02-25 09:00,3,<span title='原始值：21.34'>21.3</span>,<span title='原始值：6.79'>6.79</span>,<span title='原始值：6.163'>6.16</span>,<span title='原始值：221.44'>221.4</span>,<span title='原始值：10.085'>10.1</span>,<span title='原始值：2.29'>2.29</span>,<span title='原始值：0.1857'>0.186</span>,<span title='原始值：0.103'>0.103</span>,<span title='原始值：4.0605'>4.06</span>,--,--
福建省,浙闽片河流,云霄高塘渡口,02-25 09:00,3,<span title='原始值：20.85'>20.8</span>,<span title='原始值：7.532'>7.53</span>,<span title='原始值：9.669'>9.67</span>,<span title='原始值：814.847'>814.8</span>,<span title='原始值：4.773'>4.8</span>,<span data-toggle='tooltip' data-placement='right' title='当天质控不合格'>--</span>,<span data-toggle='tooltip' data-placement='right' title='当天质控不合格'>--</span>,<span title='原始值：0.1333'>0.133</span>,<span title='原始值：4.1576'>4.16</span>,--,--
福建省,浙闽片河流,水汾桥,02-25 09:00,3,<span title='原始值：18.35'>18.4</span>,<span title='原始值：7.331'>7.33</span>,<span title='原始值：8.82'>8.82</span>,<span title='原始值：522.74'>522.7</span>,<span title='原始值：2.39'>2.4</span>,<span title='原始值：4.029'>4.03</span>,<span title='原始值：0.1693'>0.169</span>,<span title='原始值：0.0533'>0.053</span>,<span title='原始值：2.014'>2.01</span>,--,--
福建省,浙闽片河流,十里庵,02-25 09:00,2,<span title='原始值：17'>17.0</span>,<span title='原始值：7.19'>7.19</span>,<span title='原始值：7.986'>7.99</span>,<span title='原始值：359.21'>359.2</span>,<span title='原始值：7.99'>8.0</span>,<span title='原始值：2.19'>2.19</span>,<span title='原始值：0.1239'>0.124</span>,<span title='原始值：0.0677'>0.068</span>,<span title='原始值：2.256'>2.26</span>,--,--
福建省,浙闽片河流,邵武晒口桥,02-25 09:00,2,<span title='原始值：16.44'>16.4</span>,<span title='原始值：7.06'>7.06</span>,<span title='原始值：8.303'>8.30</span>,<span title='原始值：380.53'>380.5</span>,<span title='原始值：12.22'>12.2</span>,<span title='原始值：1.68'>1.68</span>,<span title='原始值：0.1335'>0.134</span>,<span title='原始值：0.0841'>0.084</span>,<span title='原始值：2.567'>2.57</span>,--,--
福建省,浙闽片河流,武夷山兴田,02-25 08:00,2,<span title='原始值：16.18344'>16.2</span>,<span title='原始值：7.50495'>7.50</span>,<span title='原始值：11.33645'>11.34</span>,<span title='原始值：86.53478'>86.5</span>,<span title='原始值：6.99714'>7.0</span>,<span title='原始值：1.52118'>1.52</span>,<span title='原始值：0.02415'>0.024</span>,<span title='原始值：0.03065'>0.031</span>,<span title='原始值：1.3377'>1.34</span>,--,--
福建省,浙闽片河流,建瓯蓬墩,02-25 09:00,3,<span title='原始值：16.866'>16.9</span>,<span title='原始值：6.7'>6.70</span>,<span title='原始值：5.7473'>5.75</span>,<span title='原始值：125.17'>125.2</span>,<span title='原始值：8.25'>8.2</span>,<span title='原始值：2.284'>2.28</span>,<span title='原始值：0.61'>0.610</span>,<span title='原始值：0.0676'>0.068</span>,<span title='原始值：2.269'>2.27</span>,--,--
福建省,浙闽片河流,浪石,02-25 09:00,2,<span title='原始值：17.433'>17.4</span>,<span title='原始值：7.031'>7.03</span>,<span title='原始值：8.833'>8.83</span>,<span title='原始值：370.045'>370.0</span>,<span title='原始值：8.53'>8.5</span>,<span title='原始值：1.61'>1.61</span>,<span title='原始值：0.218'>0.218</span>,<span title='原始值：0.043'>0.043</span>,<span title='原始值：1.953'>1.95</span>,--,--
福建省,浙闽片河流,将乐樟应,02-25 09:00,1,<span title='原始值：17.075'>17.1</span>,<span title='原始值：7.243'>7.24</span>,<span title='原始值：9.43'>9.43</span>,<span title='原始值：106.201'>106.2</span>,<span title='原始值：10.841'>10.8</span>,<span title='原始值：1.811'>1.81</span>,<span title='原始值：0.0531'>0.053</span>,<span title='原始值：0.0186'>0.019</span>,<span title='原始值：0.89'>0.89</span>,--,--
福建省,浙闽片河流,建阳坪州大桥,02-25 08:00,2,<span title='原始值：17.46'>17.5</span>,<span title='原始值：7.115'>7.12</span>,<span title='原始值：9.124'>9.12</span>,<span title='原始值：231.82'>231.8</span>,<span title='原始值：3.705'>3.7</span>,<span title='原始值：2.247'>2.25</span>,<span title='原始值：0.0469'>0.047</span>,<span title='原始值：0.0621'>0.062</span>,<span title='原始值：1.549'>1.55</span>,--,--
福建省,浙闽片河流,政和西津,02-25 09:00,2,<span title='原始值：18.446'>18.4</span>,<span title='原始值：7.452'>7.45</span>,<span title='原始值：8.144'>8.14</span>,<span title='原始值：171.084'>171.1</span>,<span title='原始值：15.363'>15.4</span>,<span title='原始值：2.664'>2.66</span>,<span title='原始值：0.311'>0.311</span>,<span title='原始值：0.08'>0.080</span>,<span title='原始值：2.391'>2.39</span>,--,--
福建省,浙闽片河流,松溪岩下,02-25 08:00,2,<span title='原始值：16.31'>16.3</span>,<span title='原始值：7.22171'>7.22</span>,<span title='原始值：8.2922'>8.29</span>,<span title='原始值：143.6259'>143.6</span>,<span title='原始值：5.25644'>5.3</span>,<span title='原始值：2.00402'>2.00</span>,<span title='原始值：0.114'>0.114</span>,<span title='原始值：0.054'>0.054</span>,<span title='原始值：1.893'>1.89</span>,--,--
福建省,浙闽片河流,雁石桥,02-25 09:00,2,<span title='原始值：20.81'>20.8</span>,<span title='原始值：7.022'>7.02</span>,<span title='原始值：10.902'>10.90</span>,<span title='原始值：421.579'>421.6</span>,<span title='原始值：7.137'>7.1</span>,<span title='原始值：1.042'>1.04</span>,<span title='原始值：0.004'>0.004</span>,<span title='原始值：0.0751'>0.075</span>,<span title='原始值：2.834'>2.83</span>,--,--
福建省,珠江流域,长汀美西桥,02-25 09:00,2,<span title='原始值：16.61'>16.6</span>,<span title='原始值：6.855'>6.86</span>,<span title='原始值：9.091'>9.09</span>,<span title='原始值：565.077'>565.1</span>,<span title='原始值：0.765'>0.8</span>,<span title='原始值：1.87'>1.87</span>,<span title='原始值：0.0089'>0.009</span>,<span title='原始值：0.048'>0.048</span>,<span title='原始值：1.9552'>1.96</span>,--,--
福建省,浙闽片河流,福安赛岐,02-25 09:00,3,<span title='原始值：16.54'>16.5</span>,<span title='原始值：7.351'>7.35</span>,<span title='原始值：8.056'>8.06</span>,<span title='原始值：4653.6'>4653.6</span>,<span title='原始值：94.56'>94.6</span>,<span title='原始值：4.869'>4.87</span>,<span title='原始值：0.3055'>0.306</span>,<span title='原始值：0.1808'>0.181</span>,<span title='原始值：3.238'>3.24</span>,--,--
福建省,浙闽片河流,八都,02-25 08:00,2,<span title='原始值：17.79'>17.8</span>,<span title='原始值：7.17'>7.17</span>,<span title='原始值：8.034'>8.03</span>,<span title='原始值：127.786'>127.8</span>,<span title='原始值：2.128'>2.1</span>,<span title='原始值：1.617'>1.62</span>,<span title='原始值：0.0401'>0.040</span>,<span title='原始值：0.0561'>0.056</span>,<span title='原始值：1.531'>1.53</span>,--,--
福建省,浙闽片河流,福安白塔,02-25 09:00,2,<span title='原始值：16.847'>16.8</span>,<span title='原始值：7.343'>7.34</span>,<span title='原始值：8.77'>8.77</span>,<span title='原始值：84.39'>84.4</span>,<span title='原始值：3.74'>3.7</span>,<span title='原始值：1.093'>1.09</span>,<span title='原始值：0.0703'>0.070</span>,<span title='原始值：0.044'>0.044</span>,<span title='原始值：1.736'>1.74</span>,--,--
福建省,浙闽片河流,古田黄田,02-25 07:00,2,<span title='原始值：18.426'>18.4</span>,<span title='原始值：7.539'>7.54</span>,<span title='原始值：8.651'>8.65</span>,<span title='原始值：226.102'>226.1</span>,<span title='原始值：10.26'>10.3</span>,<span title='原始值：3.656'>3.66</span>,<span title='原始值：0.061'>0.061</span>,<span title='原始值：0.073'>0.073</span>,<span title='原始值：1.624'>1.62</span>,--,--
福建省,浙闽片河流,福安洪口,02-25 09:00,2,<span title='原始值：16.02'>16.0</span>,<span title='原始值：6.94'>6.94</span>,<span title='原始值：8.795'>8.80</span>,<span title='原始值：54.59'>54.6</span>,<span title='原始值：6.1'>6.1</span>,<span title='原始值：1.185'>1.18</span>,<span title='原始值：0.0755'>0.076</span>,<span title='原始值：0.0719'>0.072</span>,<span title='原始值：1.549'>1.55</span>,--,--
江西省,长江流域,周坊,02-25 08:00,2,<span title='原始值：12.03'>12.0</span>,<span title='原始值：7.52122'>7.52</span>,<span title='原始值：11.11906'>11.12</span>,<span title='原始值：254.6702'>254.7</span>,<span title='原始值：10.64173'>10.6</span>,<span title='原始值：1.63267'>1.63</span>,<span title='原始值：0.03658'>0.037</span>,<span title='原始值：0.02395'>0.024</span>,<span title='原始值：1.73132'>1.73</span>,--,--
江西省,长江流域,大港,02-25 08:00,-1,--,--,--,--,--,--,--,--,--,--,--
江西省,长江流域,新联,02-25 09:00,2,<span title='原始值：11.22'>11.2</span>,<span title='原始值：7.525'>7.52</span>,<span title='原始值：10.63'>10.63</span>,<span title='原始值：285.71'>285.7</span>,<span title='原始值：23.81'>23.8</span>,<span title='原始值：3.888'>3.89</span>,<span title='原始值：0.054'>0.054</span>,<span title='原始值：0.0367'>0.037</span>,<span title='原始值：3.2462'>3.25</span>,--,--
江西省,长江流域,生米,02-25 09:00,2,<span title='原始值：13.258'>13.3</span>,<span title='原始值：8.025'>8.02</span>,<span title='原始值：10.299'>10.30</span>,<span title='原始值：294.651'>294.7</span>,<span title='原始值：7.411'>7.4</span>,<span title='原始值：1.165'>1.16</span>,<span title='原始值：0.0478'>0.048</span>,<span title='原始值：0.0267'>0.027</span>,<span title='原始值：1.807'>1.81</span>,--,--
江西省,长江流域,滁槎,02-25 08:00,2,<span title='原始值：12.04'>12.0</span>,<span title='原始值：7.44'>7.44</span>,<span title='原始值：8.74'>8.74</span>,<span title='原始值：300.48'>300.5</span>,<span title='原始值：3.5'>3.5</span>,<span title='原始值：2.277'>2.28</span>,<span title='原始值：0.341'>0.341</span>,<span title='原始值：0.0489'>0.049</span>,<span title='原始值：2.912'>2.91</span>,--,--
江西省,长江流域,塔城,02-25 09:00,2,<span title='原始值：12.8'>12.8</span>,<span title='原始值：7.74'>7.74</span>,<span title='原始值：9.893'>9.89</span>,<span title='原始值：176.66'>176.7</span>,<span title='原始值：12.34'>12.3</span>,<span title='原始值：2.099'>2.10</span>,<span title='原始值：0.0479'>0.048</span>,<span title='原始值：0.028'>0.028</span>,<span title='原始值：1.401'>1.40</span>,--,--
江西省,长江流域,昌邑,02-25 09:00,2,<span title='原始值：11.86'>11.9</span>,<span title='原始值：7.543'>7.54</span>,<span title='原始值：11.27'>11.27</span>,<span title='原始值：297.67'>297.7</span>,<span title='原始值：14.33'>14.3</span>,<span title='原始值：1.6547'>1.65</span>,<span title='原始值：0.0766'>0.077</span>,<span title='原始值：0.0474'>0.047</span>,<span title='原始值：1.351'>1.35</span>,--,--
江西省,长江流域,八一桥,02-25 09:00,2,<span title='原始值：12.81'>12.8</span>,<span title='原始值：7.718'>7.72</span>,<span title='原始值：9.63'>9.63</span>,<span title='原始值：288.458'>288.5</span>,<span title='原始值：8.467'>8.5</span>,<span title='原始值：1.98'>1.98</span>,<span title='原始值：0.1061'>0.106</span>,<span title='原始值：0.0307'>0.031</span>,<span data-toggle='tooltip' data-placement='right' title='当天质控不合格'>--</span>,--,--
江西省,长江流域,焦石坝,02-25 09:00,2,<span title='原始值：12.98'>13.0</span>,<span title='原始值：8.196'>8.20</span>,<span title='原始值：9.31'>9.31</span>,<span title='原始值：176.67'>176.7</span>,<span title='原始值：9.4'>9.4</span>,<span title='原始值：3.799'>3.80</span>,<span title='原始值：0.0993'>0.099</span>,<span title='原始值：0.0322'>0.032</span>,<span title='原始值：2.0259'>2.03</span>,--,--
江西省,长江流域,鲇鱼山,02-25 09:00,2,<span title='原始值：14.77'>14.8</span>,<span title='原始值：6.81'>6.81</span>,<span title='原始值：6.356'>6.36</span>,<span title='原始值：245.06'>245.1</span>,<span title='原始值：13.68'>13.7</span>,<span title='原始值：1.711'>1.71</span>,<span title='原始值：0.1264'>0.126</span>,<span title='原始值：0.0241'>0.024</span>,<span title='原始值：1.826'>1.83</span>,--,--
江西省,长江流域,戴村,02-25 09:00,2,<span title='原始值：15.977'>16.0</span>,<span title='原始值：7.458'>7.46</span>,<span title='原始值：7.55'>7.55</span>,<span title='原始值：497.034'>497.0</span>,<span title='原始值：4.73'>4.7</span>,<span title='原始值：2.98'>2.98</span>,<span title='原始值：0.284'>0.284</span>,<span title='原始值：0.0483'>0.048</span>,<span title='原始值：1.705'>1.70</span>,--,--
江西省,长江流域,南河河口,02-25 09:00,4,<span title='原始值：16.37'>16.4</span>,<span title='原始值：6.91'>6.91</span>,<span title='原始值：4.226'>4.23</span>,<span title='原始值：299.17'>299.2</span>,<span title='原始值：3.54'>3.5</span>,<span title='原始值：3.215'>3.22</span>,<span title='原始值：0.9004'>0.900</span>,<span title='原始值：0.1713'>0.171</span>,<span title='原始值：3.394'>3.39</span>,--,--
江西省,长江流域,镇埠,02-25 09:00,1,<span title='原始值：21.08'>21.1</span>,<span title='原始值：7.37'>7.37</span>,<span title='原始值：7.503'>7.50</span>,<span title='原始值：145.71'>145.7</span>,<span title='原始值：5.38'>5.4</span>,<span title='原始值：1.647'>1.65</span>,<span title='原始值：0.06'>0.060</span>,<span title='原始值：0.0133'>0.013</span>,<span title='原始值：0.753'>0.75</span>,--,--
江西省,长江流域,龙山口,02-25 09:00,2,<span title='原始值：16.35'>16.4</span>,<span title='原始值：7.924'>7.92</span>,<span title='原始值：8.672'>8.67</span>,<span title='原始值：329.875'>329.9</span>,<span title='原始值：8.438'>8.4</span>,<span title='原始值：2.12'>2.12</span>,<span title='原始值：0.0484'>0.048</span>,<span title='原始值：0.0405'>0.040</span>,<span title='原始值：0.8247'>0.82</span>,--,--
江西省,长江流域,桐车湾,02-25 09:00,4,<span title='原始值：14.42'>14.4</span>,<span title='原始值：7.19'>7.19</span>,<span title='原始值：5.038'>5.04</span>,<span title='原始值：413.465'>413.5</span>,<span title='原始值：4.46'>4.5</span>,<span title='原始值：3.42'>3.42</span>,<span title='原始值：0.6873'>0.687</span>,<span title='原始值：0.2017'>0.202</span>,<span title='原始值：4.2194'>4.22</span>,--,--
江西省,长江流域,金鱼石,02-25 09:00,3,<span title='原始值：13.85'>13.8</span>,<span title='原始值：7.61'>7.61</span>,<span title='原始值：6.408'>6.41</span>,<span title='原始值：541.4'>541.4</span>,<span title='原始值：2.14'>2.1</span>,<span data-toggle='tooltip' data-placement='right' title='当天质控不合格'>--</span>,<span title='原始值：0.1738'>0.174</span>,<span title='原始值：0.1051'>0.105</span>,<span title='原始值：3.395'>3.40</span>,--,--
江西省,长江流域,吴城修河,02-25 09:00,2,<span title='原始值：12.715'>12.7</span>,<span title='原始值：7.35'>7.35</span>,<span title='原始值：9.59'>9.59</span>,<span title='原始值：134.02'>134.0</span>,<span title='原始值：20.73'>20.7</span>,<span title='原始值：1.48'>1.48</span>,<span title='原始值：0.0707'>0.071</span>,<span title='原始值：0.0218'>0.022</span>,<span title='原始值：0.815'>0.82</span>,--,--
江西省,长江流域,姚港(河西水厂),02-25 09:00,2,<span title='原始值：12.84'>12.8</span>,<span title='原始值：8.47'>8.47</span>,<span title='原始值：10.99'>10.99</span>,<span title='原始值：453.41'>453.4</span>,<span title='原始值：11.45'>11.4</span>,<span title='原始值：1.339'>1.34</span>,<span title='原始值：0.073'>0.073</span>,<span title='原始值：0.054'>0.054</span>,<span title='原始值：1.982'>1.98</span>,--,--
江西省,长江流域,湖口,02-25 09:00,2,<span title='原始值：12.0633'>12.1</span>,<span title='原始值：6.6165'>6.62</span>,<span title='原始值：9.998'>10.00</span>,<span title='原始值：392.51'>392.5</span>,<span title='原始值：13.26'>13.3</span>,<span title='原始值：1.253'>1.25</span>,<span title='原始值：0.0223'>0.022</span>,<span title='原始值：0.053'>0.053</span>,<span title='原始值：2.321'>2.32</span>,--,--
江西省,长江流域,蛤蟆石,02-25 09:00,2,<span title='原始值：11.61'>11.6</span>,<span title='原始值：7.27'>7.27</span>,<span title='原始值：10.22'>10.22</span>,<span title='原始值：299.04'>299.0</span>,<span title='原始值：38.65'>38.6</span>,<span title='原始值：1.729'>1.73</span>,<span title='原始值：0.044'>0.044</span>,<span title='原始值：0.0235'>0.024</span>,<span title='原始值：1.454'>1.45</span>,<span title='原始值：0.00024'>0.0002</span>,<span title='原始值：328143.7'>328144</span>
江西省,长江流域,都昌,02-25 09:00,3,<span title='原始值：10.83'>10.8</span>,<span title='原始值：7.35'>7.35</span>,<span title='原始值：9.64'>9.64</span>,<span title='原始值：428.19'>428.2</span>,<span title='原始值：48.35'>48.4</span>,<span title='原始值：2.349'>2.35</span>,<span title='原始值：0.138'>0.138</span>,<span title='原始值：0.028'>0.028</span>,<span title='原始值：2.179'>2.18</span>,<span title='原始值：0.00454'>0.005</span>,<span title='原始值：7420000'>7420000</span>
江西省,长江流域,潦河河口,02-25 09:00,2,<span title='原始值：12.82'>12.8</span>,<span title='原始值：6.65'>6.65</span>,<span title='原始值：9.59'>9.59</span>,<span title='原始值：106.67'>106.7</span>,<span title='原始值：11.97'>12.0</span>,<span title='原始值：1.78'>1.78</span>,<span title='原始值：0.2282'>0.228</span>,<span title='原始值：0.0537'>0.054</span>,<span title='原始值：1.7394'>1.74</span>,--,--
江西省,长江流域,三都,02-25 09:00,2,<span title='原始值：17.7'>17.7</span>,<span title='原始值：7.56'>7.56</span>,<span title='原始值：9.511'>9.51</span>,<span title='原始值：226.4'>226.4</span>,<span title='原始值：22.4'>22.4</span>,<span title='原始值：0.972'>0.97</span>,<span title='原始值：0.0316'>0.032</span>,<span title='原始值：0.0577'>0.058</span>,<span title='原始值：1.34'>1.34</span>,--,--
江西省,长江流域,柘林湖坝上,02-25 09:00,1,<span title='原始值：11.991'>12.0</span>,<span title='原始值：7.142'>7.14</span>,<span title='原始值：9.21'>9.21</span>,<span title='原始值：118.33'>118.3</span>,<span title='原始值：0.594'>0.6</span>,<span title='原始值：0.985'>0.98</span>,<span title='原始值：0.0261'>0.026</span>,<span title='原始值：0.0072'>0.007</span>,<span title='原始值：0.307'>0.31</span>,--,--
江西省,长江流域,洋港镇,02-25 08:00,1,<span title='原始值：13.92'>13.9</span>,<span title='原始值：7.47148'>7.47</span>,<span title='原始值：8.05709'>8.06</span>,<span title='原始值：310.3867'>310.4</span>,<span title='原始值：5.67642'>5.7</span>,<span title='原始值：1.10716'>1.11</span>,<span title='原始值：0.00971'>0.010</span>,<span title='原始值：0.01091'>0.011</span>,<span title='原始值：2.14217'>2.14</span>,--,--
江西省,长江流域,修水界上桥,02-25 08:00,3,<span title='原始值：11.83'>11.8</span>,<span title='原始值：7.03197'>7.03</span>,<span title='原始值：9.36498'>9.36</span>,<span title='原始值：83.13012'>83.1</span>,<span title='原始值：27.33379'>27.3</span>,<span data-toggle='tooltip' data-placement='right' title='当天质控不合格'>--</span>,<span title='原始值：0.25147'>0.251</span>,<span title='原始值：0.16166'>0.162</span>,<span title='原始值：5.29781'>5.30</span>,--,--
江西省,长江流域,共青城寨下,02-25 08:00,-1,--,--,--,--,--,--,--,--,--,--,--
江西省,长江流域,罗坊,02-25 09:00,2,<span title='原始值：15.07'>15.1</span>,<span title='原始值：7.192'>7.19</span>,<span title='原始值：6.548'>6.55</span>,<span title='原始值：357.8'>357.8</span>,<span title='原始值：16.865'>16.9</span>,<span title='原始值：3.72'>3.72</span>,<span title='原始值：0.1512'>0.151</span>,<span title='原始值：0.0618'>0.062</span>,<span title='原始值：2.381'>2.38</span>,--,--
江西省,长江流域,孔目江江口,02-25 09:00,4,<span title='原始值：15.1'>15.1</span>,<span title='原始值：7.734'>7.73</span>,<span title='原始值：7.215'>7.22</span>,<span title='原始值：354.017'>354.0</span>,<span title='原始值：11.255'>11.3</span>,<span title='原始值：3.17'>3.17</span>,<span title='原始值：1.1656'>1.166</span>,<span title='原始值：0.1456'>0.146</span>,<span title='原始值：2.9197'>2.92</span>,--,--
江西省,长江流域,浮桥,02-25 09:00,2,<span title='原始值：13.71'>13.7</span>,<span title='原始值：8.459'>8.46</span>,<span title='原始值：10.088'>10.09</span>,<span title='原始值：337.582'>337.6</span>,<span title='原始值：8.75'>8.8</span>,<span title='原始值：3.07'>3.07</span>,<span title='原始值：0.0812'>0.081</span>,<span title='原始值：0.0378'>0.038</span>,<span title='原始值：1.8525'>1.85</span>,--,--
江西省,长江流域,傣家村,02-25 09:00,2,<span title='原始值：12.54'>12.5</span>,<span title='原始值：8.521'>8.52</span>,<span title='原始值：10.658'>10.66</span>,<span title='原始值：287.109'>287.1</span>,<span title='原始值：23.033'>23.0</span>,<span title='原始值：3.17'>3.17</span>,<span title='原始值：0.0579'>0.058</span>,<span title='原始值：0.0241'>0.024</span>,<span title='原始值：1.0783'>1.08</span>,<span title='原始值：0.02126'>0.021</span>,<span title='原始值：1.180655E+07'>11806550</span>
江西省,长江流域,炭埠周家（梅港）,02-25 08:00,2,<span title='原始值：14.45'>14.4</span>,<span title='原始值：7.117'>7.12</span>,<span title='原始值：10.01'>10.01</span>,<span title='原始值：297.7'>297.7</span>,<span title='原始值：3.21'>3.2</span>,<span title='原始值：2.725'>2.72</span>,<span title='原始值：0.0609'>0.061</span>,<span title='原始值：0.0355'>0.036</span>,<span title='原始值：2.482'>2.48</span>,--,--
江西省,长江流域,白塔河河口,02-25 09:00,2,<span title='原始值：14.4'>14.4</span>,<span title='原始值：6.948'>6.95</span>,<span title='原始值：6.061'>6.06</span>,<span title='原始值：146.394'>146.4</span>,<span title='原始值：4.008'>4.0</span>,<span title='原始值：2.48'>2.48</span>,<span title='原始值：0.0718'>0.072</span>,<span title='原始值：0.0408'>0.041</span>,<span title='原始值：1.6694'>1.67</span>,--,--
江西省,长江流域,土桥,02-25 09:00,2,<span title='原始值：14.37'>14.4</span>,<span title='原始值：7.477'>7.48</span>,<span title='原始值：8.754'>8.75</span>,<span title='原始值：294.547'>294.5</span>,<span title='原始值：2.191'>2.2</span>,<span title='原始值：2.6'>2.60</span>,<span title='原始值：0.2814'>0.281</span>,<span title='原始值：0.0502'>0.050</span>,<span title='原始值：2.1676'>2.17</span>,--,--
江西省,长江流域,流口村,02-25 09:00,2,<span title='原始值：15.53'>15.5</span>,<span title='原始值：7.244963'>7.24</span>,<span title='原始值：7.878881'>7.88</span>,<span title='原始值：267.1219'>267.1</span>,<span title='原始值：9.170408'>9.2</span>,<span title='原始值：2.695411'>2.70</span>,<span title='原始值：0.1674472'>0.167</span>,<span title='原始值：0.06614748'>0.066</span>,<span title='原始值：2.248605'>2.25</span>,--,--
江西省,长江流域,市自来水厂,02-25 09:00,1,<span title='原始值：16.86'>16.9</span>,<span title='原始值：7.442'>7.44</span>,<span title='原始值：10.597'>10.60</span>,<span title='原始值：165.042'>165.0</span>,<span title='原始值：2.871'>2.9</span>,<span title='原始值：1.549'>1.55</span>,<span title='原始值：0.0377'>0.038</span>,<span data-toggle='tooltip' data-placement='right' title='当天质控不合格'>--</span>,<span title='原始值：0.6891'>0.69</span>,--,--
江西省,长江流域,新庙前,02-25 09:00,2,<span title='原始值：16.72'>16.7</span>,<span title='原始值：7.898'>7.90</span>,<span title='原始值：10.779'>10.78</span>,<span title='原始值：326.963'>327.0</span>,<span title='原始值：8.206'>8.2</span>,<span title='原始值：2.15'>2.15</span>,<span title='原始值：0.1071'>0.107</span>,<span data-toggle='tooltip' data-placement='right' title='当天质控不合格'>--</span>,<span data-toggle='tooltip' data-placement='right' title='当天质控不合格'>--</span>,--,--
江西省,长江流域,赣县梅林,02-25 09:00,2,<span title='原始值：16.28'>16.3</span>,<span title='原始值：7.411'>7.41</span>,<span title='原始值：7.94'>7.94</span>,<span title='原始值：414.751'>414.8</span>,<span title='原始值：17.268'>17.3</span>,<span title='原始值：1.6'>1.60</span>,<span title='原始值：0.0793'>0.079</span>,<span title='原始值：0.04'>0.040</span>,<span title='原始值：2.304'>2.30</span>,--,--
江西省,长江流域,梓坑,02-25 09:00,2,<span title='原始值：16.44'>16.4</span>,<span title='原始值：7.401'>7.40</span>,<span title='原始值：7.633'>7.63</span>,<span title='原始值：282.666'>282.7</span>,<span title='原始值：6.416'>6.4</span>,<span title='原始值：2.06'>2.06</span>,<span title='原始值：0.0568'>0.057</span>,<span title='原始值：0.033'>0.033</span>,<span title='原始值：2.1288'>2.13</span>,--,--
江西省,长江流域,峡山,02-25 09:00,2,<span title='原始值：16.43'>16.4</span>,<span title='原始值：7.677'>7.68</span>,<span title='原始值：7.947'>7.95</span>,<span title='原始值：226.188'>226.2</span>,<span title='原始值：6.757'>6.8</span>,<span title='原始值：1.705'>1.70</span>,<span title='原始值：0.0443'>0.044</span>,<span title='原始值：0.0333'>0.033</span>,<span title='原始值：1.5115'>1.51</span>,--,--
江西省,长江流域,梅江江口,02-25 09:00,2,<span title='原始值：18.02'>18.0</span>,<span title='原始值：7.602'>7.60</span>,<span title='原始值：8.994'>8.99</span>,<span title='原始值：164.405'>164.4</span>,<span title='原始值：10.29'>10.3</span>,<span title='原始值：2.22'>2.22</span>,<span title='原始值：0.0349'>0.035</span>,<span title='原始值：0.044'>0.044</span>,<span title='原始值：1.3538'>1.35</span>,--,--
江西省,长江流域,平江江口,02-25 09:00,2,<span title='原始值：18.25'>18.2</span>,<span title='原始值：7.556'>7.56</span>,<span title='原始值：8.076'>8.08</span>,<span title='原始值：173.897'>173.9</span>,<span title='原始值：7.961'>8.0</span>,<span title='原始值：1.52'>1.52</span>,<span title='原始值：0.0882'>0.088</span>,<span title='原始值：0.0374'>0.037</span>,<span title='原始值：1.4501'>1.45</span>,--,--
江西省,长江流域,上犹江江口,02-25 09:00,1,<span title='原始值：17.93'>17.9</span>,<span title='原始值：7.48'>7.48</span>,<span title='原始值：7.985'>7.98</span>,<span title='原始值：116.977'>117.0</span>,<span title='原始值：4.674'>4.7</span>,<span title='原始值：1.87'>1.87</span>,<span data-toggle='tooltip' data-placement='right' title='当天质控不合格'>--</span>,<span title='原始值：0.0147'>0.015</span>,<span title='原始值：0.5181'>0.52</span>,--,--
江西省,长江流域,龙南自来水厂,02-25 09:00,2,<span title='原始值：20.82'>20.8</span>,<span title='原始值：7.469'>7.47</span>,<span title='原始值：7.608'>7.61</span>,<span title='原始值：283.488'>283.5</span>,<span title='原始值：15.256'>15.3</span>,<span title='原始值：1.757'>1.76</span>,<span title='原始值：0.0558'>0.056</span>,<span title='原始值：0.05'>0.050</span>,<span title='原始值：1.109'>1.11</span>,--,--
江西省,长江流域,桃江江口,02-25 09:00,2,<span title='原始值：16.14'>16.1</span>,<span title='原始值：7.251'>7.25</span>,<span title='原始值：8.719'>8.72</span>,<span title='原始值：520.41'>520.4</span>,<span title='原始值：5.068'>5.1</span>,<span title='原始值：1.67'>1.67</span>,<span title='原始值：0.02'>0.020</span>,<span title='原始值：0.0267'>0.027</span>,<span title='原始值：3.4882'>3.49</span>,--,--
江西省,长江流域,大余城郊,02-25 09:00,2,<span title='原始值：17.83'>17.8</span>,<span title='原始值：7.348'>7.35</span>,<span title='原始值：8.024'>8.02</span>,<span title='原始值：143.882'>143.9</span>,<span title='原始值：1.329'>1.3</span>,<span title='原始值：1.77'>1.77</span>,<span title='原始值：0.0194'>0.019</span>,<span title='原始值：0.028'>0.028</span>,<span title='原始值：1.6023'>1.60</span>,--,--
江西省,长江流域,汝城多发电站,02-25 09:00,2,<span title='原始值：16.83'>16.8</span>,<span title='原始值：7.36'>7.36</span>,<span title='原始值：9.053'>9.05</span>,<span title='原始值：99.02'>99.0</span>,<span title='原始值：0.89'>0.9</span>,<span title='原始值：0.78'>0.78</span>,<span title='原始值：0.0084'>0.008</span>,<span title='原始值：0.047'>0.047</span>,<span title='原始值：0.788'>0.79</span>,--,--
江西省,珠江流域,兴宁电站,02-25 09:00,2,<span title='原始值：19.34'>19.3</span>,<span title='原始值：8.09952'>8.10</span>,<span title='原始值：11.1875'>11.19</span>,<span title='原始值：179.184'>179.2</span>,<span title='原始值：1.267516'>1.3</span>,<span title='原始值：1.578135'>1.58</span>,<span title='原始值：0.162336'>0.162</span>,<span title='原始值：0.009647'>0.010</span>,<span title='原始值：3.153973'>3.15</span>,--,--
江西省,长江流域,通津,02-25 09:00,2,<span title='原始值：14.2'>14.2</span>,<span title='原始值：7.565'>7.56</span>,<span title='原始值：9.617'>9.62</span>,<span title='原始值：278.869'>278.9</span>,<span title='原始值：3.064'>3.1</span>,<span title='原始值：0.82'>0.82</span>,<span title='原始值：0.0407'>0.041</span>,<span title='原始值：0.0235'>0.024</span>,<span title='原始值：1.5056'>1.51</span>,--,--
江西省,长江流域,金滩,02-25 09:00,2,<span title='原始值：14.58'>14.6</span>,<span title='原始值：7.81'>7.81</span>,<span title='原始值：10.531'>10.53</span>,<span title='原始值：267.335'>267.3</span>,<span title='原始值：6.933'>6.9</span>,<span title='原始值：1.62'>1.62</span>,<span title='原始值：0.0178'>0.018</span>,<span title='原始值：0.0276'>0.028</span>,<span title='原始值：1.2507'>1.25</span>,--,--
江西省,长江流域,孤江江口,02-25 09:00,1,<span title='原始值：16.68'>16.7</span>,<span title='原始值：7.433'>7.43</span>,<span title='原始值：9.787'>9.79</span>,<span title='原始值：185.49'>185.5</span>,<span title='原始值：21.773'>21.8</span>,<span title='原始值：1.89'>1.89</span>,<span title='原始值：0.0017'>0.002</span>,<span title='原始值：0.0197'>0.020</span>,<span title='原始值：0.8505'>0.85</span>,--,--
江西省,长江流域,禾水河口,02-25 09:00,1,<span title='原始值：15.36'>15.4</span>,<span title='原始值：7.809'>7.81</span>,<span title='原始值：9.188'>9.19</span>,<span title='原始值：271.073'>271.1</span>,<span title='原始值：7.32'>7.3</span>,<span title='原始值：1.31'>1.31</span>,<span title='原始值：0.0347'>0.035</span>,<span title='原始值：0.0153'>0.015</span>,<span title='原始值：1.0323'>1.03</span>,--,--
江西省,长江流域,蜀水河口,02-25 09:00,2,<span title='原始值：15.1'>15.1</span>,<span title='原始值：7.039'>7.04</span>,<span title='原始值：9.226'>9.23</span>,<span title='原始值：194.902'>194.9</span>,<span title='原始值：6.433'>6.4</span>,<span title='原始值：1.64'>1.64</span>,<span title='原始值：0.0667'>0.067</span>,<span title='原始值：0.0381'>0.038</span>,<span title='原始值：1.2335'>1.23</span>,--,--
江西省,长江流域,遂川江江口,02-25 09:00,2,<span title='原始值：16.24'>16.2</span>,<span title='原始值：7.268'>7.27</span>,<span title='原始值：9.09'>9.09</span>,<span title='原始值：111.455'>111.5</span>,<span title='原始值：10.823'>10.8</span>,<span title='原始值：1.16'>1.16</span>,<span title='原始值：0.1101'>0.110</span>,<span title='原始值：0.0843'>0.084</span>,<span title='原始值：1.3021'>1.30</span>,--,--
江西省,长江流域,乌江江口,02-25 09:00,2,<span title='原始值：14.78'>14.8</span>,<span title='原始值：7.405'>7.40</span>,<span title='原始值：9.199'>9.20</span>,<span title='原始值：229.561'>229.6</span>,<span title='原始值：7.825'>7.8</span>,<span title='原始值：2.79'>2.79</span>,<span title='原始值：0.0501'>0.050</span>,<span title='原始值：0.0311'>0.031</span>,<span title='原始值：1.7861'>1.79</span>,--,--
江西省,长江流域,大洋洲,02-25 09:00,2,<span title='原始值：12.86'>12.9</span>,<span title='原始值：7.553'>7.55</span>,<span title='原始值：10.368'>10.37</span>,<span title='原始值：270.908'>270.9</span>,<span title='原始值：8.186'>8.2</span>,<span title='原始值：1.65'>1.65</span>,<span title='原始值：0.0306'>0.031</span>,<span title='原始值：0.0261'>0.026</span>,<span title='原始值：1.2614'>1.26</span>,--,--
江西省,长江流域,棚下(杨村),02-25 09:00,3,<span title='原始值：15.34'>15.3</span>,<span title='原始值：7.58'>7.58</span>,<span title='原始值：7.013'>7.01</span>,<span title='原始值：264.9139'>264.9</span>,<span title='原始值：3.62'>3.6</span>,<span title='原始值：1.924'>1.92</span>,--,<span title='原始值：0.1037'>0.104</span>,<span title='原始值：1.991'>1.99</span>,--,--
江西省,长江流域,丰城小港口,02-25 09:00,2,<span title='原始值：12.822'>12.8</span>,<span title='原始值：7.297'>7.30</span>,<span title='原始值：10.893'>10.89</span>,<span title='原始值：287.82'>287.8</span>,<span title='原始值：13.8552'>13.9</span>,<span title='原始值：1.7724'>1.77</span>,<span title='原始值：0.1006'>0.101</span>,<span title='原始值：0.0282'>0.028</span>,<span title='原始值：1.4319'>1.43</span>,--,--
江西省,长江流域,良田村,02-25 09:00,3,<span title='原始值：14.2'>14.2</span>,<span title='原始值：7.209'>7.21</span>,<span title='原始值：7.094'>7.09</span>,<span title='原始值：228.25'>228.2</span>,<span title='原始值：15.21'>15.2</span>,<span title='原始值：3.718'>3.72</span>,<span title='原始值：0.1537'>0.154</span>,<span title='原始值：0.1119'>0.112</span>,<span title='原始值：2.869'>2.87</span>,--,--
江西省,长江流域,三洪村,02-25 09:00,3,<span title='原始值：14.02'>14.0</span>,<span title='原始值：7.408'>7.41</span>,<span title='原始值：8.743'>8.74</span>,<span title='原始值：103.87'>103.9</span>,<span title='原始值：48.97'>49.0</span>,<span title='原始值：3.189'>3.19</span>,<span title='原始值：0.3264'>0.326</span>,<span title='原始值：0.114'>0.114</span>,<span title='原始值：2.462'>2.46</span>,--,--
江西省,长江流域,肖江江口,02-25 09:00,3,<span title='原始值：14.401'>14.4</span>,<span title='原始值：7.185'>7.18</span>,<span title='原始值：8.37'>8.37</span>,<span title='原始值：396.212'>396.2</span>,<span title='原始值：23.026'>23.0</span>,<span title='原始值：4.58'>4.58</span>,<span title='原始值：0.277'>0.277</span>,<span title='原始值：0.069'>0.069</span>,<span title='原始值：3.094'>3.09</span>,--,--
江西省,长江流域,超坊,02-25 09:00,2,<span title='原始值：15.09'>15.1</span>,<span title='原始值：7.452'>7.45</span>,<span title='原始值：8.846'>8.85</span>,<span title='原始值：147.046'>147.0</span>,<span title='原始值：9.626'>9.6</span>,<span title='原始值：2.26'>2.26</span>,<span title='原始值：0.2843'>0.284</span>,<span title='原始值：0.0809'>0.081</span>,<span title='原始值：2.1034'>2.10</span>,--,--
江西省,长江流域,钟岭水厂,02-25 09:00,2,<span title='原始值：15.78'>15.8</span>,<span title='原始值：7.37'>7.37</span>,<span title='原始值：8.97'>8.97</span>,<span title='原始值：145.27'>145.3</span>,<span title='原始值：13.75'>13.8</span>,<span title='原始值：2.42'>2.42</span>,<span title='原始值：0.007'>0.007</span>,<span title='原始值：0.042'>0.042</span>,<span title='原始值：1.6684'>1.67</span>,--,--
江西省,长江流域,临水河口,02-25 09:00,2,<span title='原始值：15.1'>15.1</span>,<span title='原始值：7.27'>7.27</span>,<span title='原始值：8.362'>8.36</span>,<span title='原始值：123.89'>123.9</span>,<span title='原始值：12.94'>12.9</span>,<span title='原始值：2.536'>2.54</span>,<span title='原始值：0.1378'>0.138</span>,<span title='原始值：0.053'>0.053</span>,<span title='原始值：1.703'>1.70</span>,--,--
江西省,长江流域,鄱阳石门街,02-25 08:00,1,<span title='原始值：17.425'>17.4</span>,<span title='原始值：8.292'>8.29</span>,<span title='原始值：9.284'>9.28</span>,<span title='原始值：131.635'>131.6</span>,<span title='原始值：15.826'>15.8</span>,--,--,--,--,--,--
江西省,长江流域,赵家湾,02-25 09:00,2,<span title='原始值：13.06'>13.1</span>,<span title='原始值：7.364'>7.36</span>,<span title='原始值：9.83'>9.83</span>,<span title='原始值：778.828'>778.8</span>,<span title='原始值：10.1269'>10.1</span>,--,<span title='原始值：0.265'>0.265</span>,<span title='原始值：0.0278'>0.028</span>,<span title='原始值：1.988'>1.99</span>,--,--
江西省,长江流域,康山,02-25 08:00,4,<span title='原始值：11.02'>11.0</span>,<span title='原始值：7.17'>7.17</span>,<span title='原始值：10.64'>10.64</span>,<span title='原始值：258.14'>258.1</span>,<span title='原始值：52.04'>52.0</span>,<span title='原始值：2.581'>2.58</span>,<span title='原始值：0.14'>0.140</span>,<span title='原始值：0.085'>0.085</span>,<span title='原始值：2.368'>2.37</span>,<span title='原始值：0.0092'>0.009</span>,<span title='原始值：689000'>689000</span>
江西省,长江流域,野鸡山村,02-25 09:00,2,<span title='原始值：14.3'>14.3</span>,<span title='原始值：6.93'>6.93</span>,<span title='原始值：9.99'>9.99</span>,<span title='原始值：1896.13'>1896.1</span>,<span title='原始值：9.05'>9.0</span>,<span title='原始值：3.13'>3.13</span>,<span title='原始值：0.477'>0.477</span>,<span title='原始值：0.032'>0.032</span>,<span title='原始值：2.009'>2.01</span>,--,--
江西省,长江流域,瑞洪大桥,02-25 09:00,2,<span title='原始值：16.08'>16.1</span>,<span title='原始值：7.149'>7.15</span>,<span title='原始值：7.76'>7.76</span>,<span title='原始值：321.44'>321.4</span>,<span title='原始值：23.05'>23.0</span>,<span title='原始值：2.18'>2.18</span>,--,<span title='原始值：0.025'>0.025</span>,<span title='原始值：2.279'>2.28</span>,--,--
江西省,长江流域,弋阳,02-25 09:00,2,<span title='原始值：14.99'>15.0</span>,<span title='原始值：7.22'>7.22</span>,<span title='原始值：6.842'>6.84</span>,<span title='原始值：268.09'>268.1</span>,<span title='原始值：6.58'>6.6</span>,<span title='原始值：2.541'>2.54</span>,<span title='原始值：0.0738'>0.074</span>,<span title='原始值：0.0835'>0.084</span>,<span title='原始值：2.243'>2.24</span>,--,--
江西省,长江流域,鄱阳花园,02-25 09:00,2,<span title='原始值：12.29'>12.3</span>,<span title='原始值：7.32'>7.32</span>,<span title='原始值：8.853'>8.85</span>,<span title='原始值：295.88'>295.9</span>,<span title='原始值：6.06'>6.1</span>,<span title='原始值：2.915'>2.92</span>,<span title='原始值：0.1089'>0.109</span>,<span title='原始值：0.0209'>0.021</span>,<span title='原始值：2.183'>2.18</span>,--,--
江西省,长江流域,洎水河河口,02-25 09:00,3,<span title='原始值：15.82'>15.8</span>,<span title='原始值：6.963'>6.96</span>,<span title='原始值：6.903'>6.90</span>,<span title='原始值：278.82'>278.8</span>,<span title='原始值：8.29'>8.3</span>,<span title='原始值：3.792'>3.79</span>,<span title='原始值：0.9052'>0.905</span>,<span data-toggle='tooltip' data-placement='right' title='当天质控不合格'>--</span>,<span title='原始值：3.435'>3.44</span>,--,--
江西省,长江流域,旗山,02-25 09:00,2,<span title='原始值：15.94'>15.9</span>,<span title='原始值：7.68'>7.68</span>,<span title='原始值：8.315'>8.32</span>,<span title='原始值：253.82'>253.8</span>,<span title='原始值：5.8'>5.8</span>,<span title='原始值：2.601'>2.60</span>,<span title='原始值：0.0975'>0.098</span>,<span title='原始值：0.0909'>0.091</span>,<span title='原始值：2.14'>2.14</span>,--,--
江西省,长江流域,应家坊,02-25 09:00,2,<span title='原始值：14.32'>14.3</span>,<span title='原始值：7.62'>7.62</span>,<span title='原始值：9.026'>9.03</span>,<span title='原始值：271.93'>271.9</span>,<span title='原始值：4.43'>4.4</span>,<span title='原始值：2.801'>2.80</span>,<span title='原始值：0.115'>0.115</span>,<span title='原始值：0.0808'>0.081</span>,<span title='原始值：2.106'>2.11</span>,--,--
山东省,淮河流域,辛丰庄,02-25 09:00,3,<span title='原始值：11.347'>11.3</span>,<span title='原始值：8.165'>8.16</span>,<span title='原始值：13.548'>13.55</span>,<span title='原始值：1217.62'>1217.6</span>,<span title='原始值：16.266'>16.3</span>,<span title='原始值：2.419'>2.42</span>,<span title='原始值：0.0741'>0.074</span>,<span title='原始值：0.1003'>0.100</span>,<span title='原始值：7.511'>7.51</span>,--,--
山东省,黄河流域,泺口,02-25 08:00,2,<span title='原始值：10.64'>10.6</span>,<span title='原始值：8.377'>8.38</span>,<span title='原始值：10.6'>10.60</span>,<span title='原始值：991.93'>991.9</span>,<span title='原始值：296.11'>296.1</span>,<span title='原始值：1.898'>1.90</span>,<span title='原始值：0.374'>0.374</span>,<span title='原始值：0.063'>0.063</span>,<span title='原始值：3.709'>3.71</span>,--,--
山东省,淮河流域,睦里庄,02-25 09:00,1,<span title='原始值：10.588'>10.6</span>,<span title='原始值：7.941'>7.94</span>,<span title='原始值：8.403'>8.40</span>,<span title='原始值：756.026'>756.0</span>,<span title='原始值：7.086'>7.1</span>,<span title='原始值：1.352'>1.35</span>,<span title='原始值：0.0175'>0.018</span>,<span title='原始值：0.019'>0.019</span>,<span title='原始值：2.663'>2.66</span>,--,--
山东省,黄河流域,卧虎山水库,02-25 09:00,1,<span title='原始值：6.18'>6.2</span>,<span title='原始值：8.178'>8.18</span>,<span title='原始值：14.199'>14.20</span>,<span title='原始值：611.86'>611.9</span>,<span title='原始值：5.156'>5.2</span>,<span title='原始值：1.764'>1.76</span>,--,<span title='原始值：0.0079'>0.008</span>,<span title='原始值：7.564'>7.56</span>,--,--
山东省,淮河流域,斜拉桥,02-25 09:00,3,<span title='原始值：6.944'>6.9</span>,<span title='原始值：8.335'>8.34</span>,<span title='原始值：13.788'>13.79</span>,<span title='原始值：1461.396'>1461.4</span>,<span title='原始值：2.531'>2.5</span>,<span title='原始值：5.9689'>5.97</span>,<span title='原始值：0.022'>0.022</span>,<span title='原始值：0.0465'>0.046</span>,<span title='原始值：12.26'>12.26</span>,--,--
山东省,淮河流域,马连庄,02-25 09:00,2,<span title='原始值：7.155'>7.2</span>,<span title='原始值：8.039'>8.04</span>,<span title='原始值：11.389'>11.39</span>,<span title='原始值：1037.07'>1037.1</span>,<span title='原始值：1.768'>1.8</span>,<span title='原始值：1.639'>1.64</span>,<span title='原始值：0.0226'>0.023</span>,<span title='原始值：0.0213'>0.021</span>,<span title='原始值：28.778'>28.78</span>,--,--
山东省,淮河流域,吉利河水库出口,02-25 09:00,2,<span title='原始值：7.735'>7.7</span>,<span title='原始值：7.983'>7.98</span>,<span title='原始值：10.723'>10.72</span>,<span title='原始值：388.306'>388.3</span>,<span title='原始值：0.876'>0.9</span>,<span title='原始值：2.8804'>2.88</span>,<span title='原始值：0.004'>0.004</span>,<span title='原始值：0.0134'>0.013</span>,<span title='原始值：1.75'>1.75</span>,--,--
山东省,淮河流域,墨水河入海口,02-25 09:00,3,<span title='原始值：9.283'>9.3</span>,<span title='原始值：7.473'>7.47</span>,<span title='原始值：9.729'>9.73</span>,<span title='原始值：1537.1'>1537.1</span>,<span title='原始值：9.01'>9.0</span>,<span data-toggle='tooltip' data-placement='right' title='当天质控不合格'>--</span>,<span title='原始值：0.1386'>0.139</span>,<span title='原始值：0.1614'>0.161</span>,<span title='原始值：11.239'>11.24</span>,--,--
山东省,淮河流域,韩旺大桥,02-25 09:00,2,<span title='原始值：8.46'>8.5</span>,<span title='原始值：8.097'>8.10</span>,<span title='原始值：9.71'>9.71</span>,<span title='原始值：1012.964'>1013.0</span>,<span title='原始值：8.481'>8.5</span>,<span title='原始值：2.322'>2.32</span>,<span title='原始值：0.1819'>0.182</span>,<span title='原始值：0.0219'>0.022</span>,<span title='原始值：27'>27.00</span>,--,--
山东省,淮河流域,台儿庄大桥,02-25 08:00,2,<span title='原始值：8.53'>8.5</span>,<span title='原始值：8.887'>8.89</span>,<span title='原始值：10'>10.00</span>,<span title='原始值：1317.88'>1317.9</span>,<span title='原始值：5.6'>5.6</span>,<span title='原始值：3.634'>3.63</span>,<span title='原始值：0.245'>0.245</span>,<span title='原始值：0.0417'>0.042</span>,<span title='原始值：7.577'>7.58</span>,--,--
山东省,淮河流域,群乐桥,02-25 08:00,2,<span title='原始值：14.17'>14.2</span>,<span title='原始值：7.83'>7.83</span>,<span title='原始值：6.653'>6.65</span>,<span title='原始值：1823.51'>1823.5</span>,<span title='原始值：1.506'>1.5</span>,<span title='原始值：3.473'>3.47</span>,<span title='原始值：0.005'>0.005</span>,<span title='原始值：0.064'>0.064</span>,<span data-toggle='tooltip' data-placement='right' title='当天质控不合格'>--</span>,--,--
山东省,淮河流域,王晁桥,02-25 09:00,2,<span title='原始值：9.625'>9.6</span>,<span title='原始值：7.705'>7.70</span>,<span title='原始值：9.095'>9.10</span>,<span title='原始值：939.342'>939.3</span>,<span title='原始值：6.322'>6.3</span>,<span title='原始值：2.932'>2.93</span>,<span title='原始值：0.063'>0.063</span>,<span title='原始值：0.079'>0.079</span>,<span data-toggle='tooltip' data-placement='right' title='当天质控不合格'>--</span>,--,--
山东省,淮河流域,十字河大桥,02-25 09:00,2,<span title='原始值：9.452'>9.5</span>,<span title='原始值：8.606'>8.61</span>,<span title='原始值：12.182'>12.18</span>,<span title='原始值：1306.34'>1306.3</span>,<span title='原始值：8.698'>8.7</span>,<span title='原始值：2.16'>2.16</span>,<span title='原始值：0.008'>0.008</span>,<span title='原始值：0.0188'>0.019</span>,<span title='原始值：2.642'>2.64</span>,--,--
山东省,淮河流域,贾庄闸,02-25 09:00,2,<span title='原始值：9.77'>9.8</span>,<span title='原始值：8.049'>8.05</span>,<span title='原始值：9.687'>9.69</span>,<span title='原始值：1460.49'>1460.5</span>,<span title='原始值：10.427'>10.4</span>,<span title='原始值：2.854'>2.85</span>,<span title='原始值：0.132'>0.132</span>,<span data-toggle='tooltip' data-placement='right' title='当天质控不合格'>--</span>,<span title='原始值：9.062'>9.06</span>,--,--
山东省,淮河流域,支脉河陈桥,02-25 09:00,2,<span title='原始值：8.241'>8.2</span>,<span title='原始值：8.639'>8.64</span>,<span title='原始值：15.575'>15.58</span>,<span title='原始值：6755.111'>6755.1</span>,<span title='原始值：22.408'>22.4</span>,<span data-toggle='tooltip' data-placement='right' title='当天质控不合格'>--</span>,<span title='原始值：0.0986'>0.099</span>,<span title='原始值：0.0881'>0.088</span>,<span title='原始值：6.553'>6.55</span>,--,--
山东省,淮河流域,新夹河大桥,02-25 08:00,2,<span title='原始值：8.1149'>8.1</span>,<span title='原始值：7.54028'>7.54</span>,<span title='原始值：10.2116'>10.21</span>,<span title='原始值：816.6033'>816.6</span>,<span title='原始值：44.75'>44.8</span>,<span title='原始值：3.60641'>3.61</span>,<span title='原始值：0.04254'>0.043</span>,<span title='原始值：0.03536'>0.035</span>,<span title='原始值：8.28328'>8.28</span>,--,--
山东省,淮河流域,桥头,02-25 09:00,4,<span title='原始值：5.746'>5.7</span>,<span title='原始值：8.6217'>8.62</span>,<span title='原始值：13.408'>13.41</span>,<span title='原始值：1427.17'>1427.2</span>,<span title='原始值：14.88'>14.9</span>,<span title='原始值：6.609'>6.61</span>,<span title='原始值：0.1291'>0.129</span>,<span title='原始值：0.1003'>0.100</span>,<span title='原始值：22.297'>22.30</span>,--,--
山东省,淮河流域,东村河入海口,02-25 09:00,4,<span title='原始值：5.723'>5.7</span>,<span title='原始值：8.608'>8.61</span>,<span title='原始值：20.332'>20.33</span>,<span title='原始值：635.981'>636.0</span>,<span title='原始值：17.446'>17.4</span>,<span title='原始值：6.5652'>6.57</span>,<span title='原始值：0.0263'>0.026</span>,<span title='原始值：0.0757'>0.076</span>,<span title='原始值：1.346'>1.35</span>,--,--
山东省,淮河流域,羊口,02-25 09:00,3,<span title='原始值：8.73'>8.7</span>,<span title='原始值：8.146'>8.15</span>,<span title='原始值：11.018'>11.02</span>,<span title='原始值：3912.37'>3912.4</span>,<span title='原始值：55.959'>56.0</span>,<span title='原始值：5.562'>5.56</span>,<span title='原始值：0.2069'>0.207</span>,<span title='原始值：0.0985'>0.098</span>,<span title='原始值：8.672'>8.67</span>,--,--
山东省,淮河流域,柳疃桥,02-25 09:00,3,<span title='原始值：8.848'>8.8</span>,<span title='原始值：7.989'>7.99</span>,<span title='原始值：11.9747'>11.97</span>,<span title='原始值：1674.758'>1674.8</span>,<span title='原始值：24.522'>24.5</span>,<span title='原始值：4.558'>4.56</span>,<span title='原始值：0.2009'>0.201</span>,<span title='原始值：0.1096'>0.110</span>,<span title='原始值：9.471'>9.47</span>,--,--
山东省,淮河流域,张建桥,02-25 09:00,5,<span title='原始值：9.551'>9.6</span>,<span title='原始值：8.657'>8.66</span>,<span title='原始值：11.918'>11.92</span>,<span title='原始值：1859.281'>1859.3</span>,<span title='原始值：26.57'>26.6</span>,<span title='原始值：10.7746'>10.77</span>,<span title='原始值：0.0914'>0.091</span>,<span title='原始值：0.1023'>0.102</span>,<span title='原始值：21.8201'>21.82</span>,--,--
山东省,淮河流域,兖州南大桥,02-25 09:00,4,<span title='原始值：9.314'>9.3</span>,<span title='原始值：8.219'>8.22</span>,<span title='原始值：12.617'>12.62</span>,<span title='原始值：1164.72'>1164.7</span>,<span title='原始值：22.836'>22.8</span>,<span title='原始值：6.2702'>6.27</span>,<span title='原始值：0.0815'>0.082</span>,<span title='原始值：0.0717'>0.072</span>,<span title='原始值：3.6004'>3.60</span>,--,--
山东省,淮河流域,105公路桥,02-25 09:00,3,<span title='原始值：9.594'>9.6</span>,<span title='原始值：8.341'>8.34</span>,<span title='原始值：12.519'>12.52</span>,<span title='原始值：3096.26'>3096.3</span>,<span title='原始值：10.578'>10.6</span>,<span title='原始值：4.895'>4.90</span>,<span title='原始值：0.0213'>0.021</span>,<span title='原始值：0.0859'>0.086</span>,<span title='原始值：4.066'>4.07</span>,--,--
山东省,淮河流域,高河桥（老万福河口）,02-25 08:00,3,<span title='原始值：9.314'>9.3</span>,<span title='原始值：8.397'>8.40</span>,<span title='原始值：11.034'>11.03</span>,<span title='原始值：1939.44'>1939.4</span>,<span title='原始值：11.642'>11.6</span>,<span title='原始值：5.335'>5.34</span>,<span title='原始值：0.025'>0.025</span>,<span title='原始值：0.052'>0.052</span>,<span title='原始值：3.21'>3.21</span>,--,--
山东省,淮河流域,西石佛,02-25 09:00,3,<span title='原始值：10.575'>10.6</span>,<span title='原始值：8.147'>8.15</span>,<span title='原始值：12.671'>12.67</span>,<span title='原始值：1544.5'>1544.5</span>,<span title='原始值：10.11'>10.1</span>,<span title='原始值：4.519'>4.52</span>,<span title='原始值：0.089'>0.089</span>,<span title='原始值：0.043'>0.043</span>,<span title='原始值：6.197'>6.20</span>,--,--
山东省,淮河流域,李集,02-25 09:00,3,<span title='原始值：10.762'>10.8</span>,<span title='原始值：8.213'>8.21</span>,<span title='原始值：10.295'>10.30</span>,<span title='原始值：1569'>1569.0</span>,<span title='原始值：4.54'>4.5</span>,<span title='原始值：4.101'>4.10</span>,<span title='原始值：0.016'>0.016</span>,<span title='原始值：0.03'>0.030</span>,<span title='原始值：2.654'>2.65</span>,--,--
山东省,淮河流域,尹沟(入湖口),02-25 08:00,2,<span title='原始值：10.21'>10.2</span>,<span title='原始值：8.05'>8.05</span>,<span title='原始值：9.26'>9.26</span>,<span title='原始值：1183.75'>1183.8</span>,<span title='原始值：7.31'>7.3</span>,<span data-toggle='tooltip' data-placement='right' title='当天质控不合格'>--</span>,<span title='原始值：0.059'>0.059</span>,<span title='原始值：0.0496'>0.050</span>,<span title='原始值：3.928'>3.93</span>,--,--
山东省,淮河流域,西支河入湖口,02-25 09:00,3,<span title='原始值：9.61'>9.6</span>,<span title='原始值：8.391'>8.39</span>,<span title='原始值：10.799'>10.80</span>,<span title='原始值：1936.12'>1936.1</span>,<span title='原始值：12.276'>12.3</span>,<span title='原始值：5.132'>5.13</span>,<span title='原始值：0.0236'>0.024</span>,<span title='原始值：0.0707'>0.071</span>,<span title='原始值：3.129'>3.13</span>,--,--
山东省,淮河流域,东石佛,02-25 09:00,3,<span title='原始值：9.181'>9.2</span>,<span title='原始值：8.251'>8.25</span>,<span title='原始值：10.052'>10.05</span>,<span title='原始值：1745.859'>1745.9</span>,--,<span title='原始值：4.589'>4.59</span>,<span title='原始值：0.025'>0.025</span>,<span title='原始值：0.057'>0.057</span>,<span title='原始值：3.925'>3.92</span>,--,--
山东省,淮河流域,西姚,02-25 07:00,3,<span title='原始值：9.98'>10.0</span>,<span title='原始值：8.54'>8.54</span>,<span title='原始值：8.44'>8.44</span>,<span title='原始值：1837'>1837.0</span>,<span title='原始值：4.35'>4.4</span>,<span title='原始值：5.094'>5.09</span>,<span title='原始值：0.071'>0.071</span>,<span title='原始值：0.081'>0.081</span>,<span title='原始值：3.604'>3.60</span>,--,--
山东省,淮河流域,鲁桥（马楼）,02-25 09:00,3,<span title='原始值：9.148'>9.1</span>,<span title='原始值：8.108'>8.11</span>,<span title='原始值：11.497'>11.50</span>,<span title='原始值：2185.2'>2185.2</span>,<span title='原始值：22.401'>22.4</span>,<span title='原始值：5.022'>5.02</span>,<span title='原始值：0.0589'>0.059</span>,<span title='原始值：0.0429'>0.043</span>,<span title='原始值：5.547'>5.55</span>,--,--
山东省,淮河流域,牛庄闸,02-25 08:00,2,<span title='原始值：9.559'>9.6</span>,<span title='原始值：8.212'>8.21</span>,<span title='原始值：10.946'>10.95</span>,<span title='原始值：1642.5'>1642.5</span>,<span title='原始值：2.646'>2.6</span>,<span title='原始值：3.581'>3.58</span>,--,<span title='原始值：0.0027'>0.003</span>,<span title='原始值：4.066'>4.07</span>,--,--
山东省,淮河流域,湘子庙,02-25 09:00,4,<span title='原始值：8.5'>8.5</span>,<span title='原始值：8.212'>8.21</span>,<span title='原始值：10.679'>10.68</span>,<span title='原始值：2862.85'>2862.8</span>,<span title='原始值：38.559'>38.6</span>,<span title='原始值：7.142'>7.14</span>,<span title='原始值：0.14599'>0.146</span>,<span title='原始值：0.12783'>0.128</span>,<span title='原始值：4.27347'>4.27</span>,--,--
山东省,黄河流域,戴村坝（王台大桥）,02-25 08:00,2,<span title='原始值：9.64'>9.6</span>,<span title='原始值：8.12'>8.12</span>,<span title='原始值：10.67'>10.67</span>,<span title='原始值：1285.92'>1285.9</span>,<span title='原始值：14.25'>14.2</span>,<span title='原始值：3.298'>3.30</span>,<span title='原始值：0.118'>0.118</span>,<span title='原始值：0.0322'>0.032</span>,<span title='原始值：12.743'>12.74</span>,--,--
山东省,黄河流域,徐家汶,02-25 09:00,2,<span title='原始值：10.11'>10.1</span>,<span title='原始值：7.79'>7.79</span>,<span title='原始值：10.73'>10.73</span>,<span title='原始值：1136'>1136.0</span>,<span title='原始值：3.11'>3.1</span>,<span title='原始值：2.536143'>2.54</span>,<span title='原始值：0.115'>0.115</span>,<span title='原始值：0.056'>0.056</span>,<span title='原始值：40.84179'>40.84</span>,--,--
山东省,淮河流域,南桥,02-25 09:00,6,<span title='原始值：7.377'>7.4</span>,<span title='原始值：8.494'>8.49</span>,<span title='原始值：10.629'>10.63</span>,<span title='原始值：2221.403'>2221.4</span>,<span title='原始值：12.27'>12.3</span>,<span title='原始值：9.183'>9.18</span>,<span title='原始值：2.8937'>2.894</span>,<span title='原始值：0.1039'>0.104</span>,<span title='原始值：8.89'>8.89</span>,--,--
山东省,淮河流域,大古镇,02-25 09:00,4,<span title='原始值：10.52'>10.5</span>,<span title='原始值：6.967'>6.97</span>,<span title='原始值：9.35'>9.35</span>,<span title='原始值：732.46'>732.5</span>,<span title='原始值：35.22'>35.2</span>,<span title='原始值：7.529'>7.53</span>,<span title='原始值：0.1965'>0.196</span>,<span title='原始值：0.1861'>0.186</span>,<span title='原始值：6.531'>6.53</span>,--,--
山东省,淮河流域,夏庄（道口）,02-25 08:00,5,<span title='原始值：8.54'>8.5</span>,<span title='原始值：8.59'>8.59</span>,<span title='原始值：10.5795'>10.58</span>,<span title='原始值：1558.6'>1558.6</span>,<span title='原始值：15.5'>15.5</span>,<span title='原始值：11.9161'>11.92</span>,<span title='原始值：0.06359'>0.064</span>,<span title='原始值：0.2338'>0.234</span>,<span title='原始值：7.87451'>7.87</span>,--,--
山东省,黄河流域,贺小庄,02-25 09:00,2,<span title='原始值：7.899'>7.9</span>,<span title='原始值：8.146'>8.15</span>,<span title='原始值：12.042'>12.04</span>,<span title='原始值：1189.449'>1189.4</span>,<span title='原始值：3.06'>3.1</span>,<span title='原始值：3.929'>3.93</span>,<span title='原始值：0.0386'>0.039</span>,<span title='原始值：0.0308'>0.031</span>,<span title='原始值：7.872'>7.87</span>,--,--
山东省,淮河流域,临沂北大桥,02-25 08:00,3,<span title='原始值：9.8'>9.8</span>,<span title='原始值：8.103'>8.10</span>,<span title='原始值：9.585'>9.58</span>,<span title='原始值：832.81'>832.8</span>,<span title='原始值：7.223'>7.2</span>,<span title='原始值：4.298'>4.30</span>,<span title='原始值：0.0254'>0.025</span>,<span title='原始值：0.0444'>0.044</span>,<span title='原始值：16.032'>16.03</span>,--,--
山东省,淮河流域,捷庄(涝沟桥),02-25 09:00,3,<span title='原始值：10.05'>10.0</span>,<span title='原始值：8.138'>8.14</span>,<span title='原始值：10.746'>10.75</span>,<span title='原始值：978.514'>978.5</span>,<span title='原始值：7.707'>7.7</span>,<span title='原始值：4.857'>4.86</span>,<span title='原始值：0.035'>0.035</span>,<span title='原始值：0.071'>0.071</span>,<span title='原始值：4.267'>4.27</span>,--,--
山东省,淮河流域,临沭大兴桥,02-25 09:00,3,<span title='原始值：9.211'>9.2</span>,<span title='原始值：7.47'>7.47</span>,<span title='原始值：11.925'>11.92</span>,<span title='原始值：718.001'>718.0</span>,<span title='原始值：2.401'>2.4</span>,<span title='原始值：4.345'>4.34</span>,<span title='原始值：0.121'>0.121</span>,<span data-toggle='tooltip' data-placement='right' title='当天质控不合格'>--</span>,<span title='原始值：5.211'>5.21</span>,--,--
山东省,淮河流域,310公路桥,02-25 08:00,3,<span title='原始值：10.53'>10.5</span>,<span title='原始值：7.87'>7.87</span>,<span title='原始值：12.759'>12.76</span>,<span title='原始值：934.36'>934.4</span>,<span title='原始值：3.94'>3.9</span>,<span title='原始值：4.308'>4.31</span>,<span title='原始值：0.0297'>0.030</span>,<span title='原始值：0.0568'>0.057</span>,<span title='原始值：19.999'>20.00</span>,--,--
山东省,淮河流域,沙沟桥(赵楼),02-25 08:00,2,<span title='原始值：9.54'>9.5</span>,<span title='原始值：7.42'>7.42</span>,<span title='原始值：7.88'>7.88</span>,<span title='原始值：987'>987.0</span>,<span title='原始值：48.27'>48.3</span>,<span title='原始值：2.961'>2.96</span>,<span title='原始值：0.133'>0.133</span>,<span title='原始值：0.0813'>0.081</span>,<span title='原始值：18.081'>18.08</span>,--,--
山东省,淮河流域,云蒙湖湖心,02-25 09:00,2,<span title='原始值：5.4'>5.4</span>,<span title='原始值：8.11'>8.11</span>,<span title='原始值：13.4'>13.40</span>,<span title='原始值：516'>516.0</span>,<span title='原始值：0.68'>0.7</span>,<span title='原始值：2.61'>2.61</span>,<span title='原始值：0.00735'>0.007</span>,<span title='原始值：0.01893'>0.019</span>,<span title='原始值：5.674'>5.67</span>,<span title='原始值：0.0134'>0.013</span>,<span title='原始值：256010'>256010</span>
山东省,海河流域,第三店,02-25 09:00,2,<span title='原始值：9.049'>9.0</span>,<span title='原始值：8.1913'>8.19</span>,<span title='原始值：12.015'>12.02</span>,<span title='原始值：1440.95'>1441.0</span>,<span title='原始值：9.44'>9.4</span>,<span title='原始值：3.591'>3.59</span>,--,<span title='原始值：0.0314'>0.031</span>,<span title='原始值：5.669'>5.67</span>,--,--
山东省,海河流域,董姑桥,02-25 09:00,3,<span title='原始值：9.272'>9.3</span>,<span title='原始值：8'>8.00</span>,<span title='原始值：6.563'>6.56</span>,<span title='原始值：3290.5'>3290.5</span>,<span title='原始值：7.274'>7.3</span>,<span title='原始值：5.739'>5.74</span>,<span title='原始值：0.0807'>0.081</span>,<span title='原始值：0.0749'>0.075</span>,<span title='原始值：4.21'>4.21</span>,--,--
山东省,海河流域,油坊桥,02-25 09:00,4,<span title='原始值：9.253'>9.3</span>,<span title='原始值：8.703'>8.70</span>,<span title='原始值：13.051'>13.05</span>,<span title='原始值：1741.508'>1741.5</span>,<span title='原始值：18.492'>18.5</span>,<span title='原始值：6.789'>6.79</span>,<span title='原始值：0.1062'>0.106</span>,<span title='原始值：0.0619'>0.062</span>,<span title='原始值：7.675'>7.68</span>,--,--
山东省,海河流域,秤勾湾(秤钩湾),02-25 08:00,3,<span title='原始值：22.68'>22.7</span>,<span title='原始值：8.5'>8.50</span>,<span title='原始值：8.38'>8.38</span>,--,<span title='原始值：3.4'>3.4</span>,<span title='原始值：5.7664'>5.77</span>,<span title='原始值：0.1301'>0.130</span>,<span title='原始值：0.0857'>0.086</span>,<span title='原始值：8.2191'>8.22</span>,--,--
山东省,海河流域,小泊头桥,02-25 09:00,3,<span title='原始值：6.662'>6.7</span>,<span title='原始值：8.125'>8.12</span>,<span title='原始值：7.496'>7.50</span>,<span title='原始值：1521.262'>1521.3</span>,<span title='原始值：24.952'>25.0</span>,<span title='原始值：5.048'>5.05</span>,<span title='原始值：0.0413'>0.041</span>,<span title='原始值：0.105'>0.105</span>,<span title='原始值：8.339'>8.34</span>,--,--
山东省,海河流域,胜利桥,02-25 07:00,3,<span title='原始值：3.727'>3.7</span>,<span title='原始值：8.317'>8.32</span>,<span title='原始值：12.115'>12.12</span>,<span title='原始值：3096.818'>3096.8</span>,<span title='原始值：5.426'>5.4</span>,<span title='原始值：5.257'>5.26</span>,<span title='原始值：0.1606'>0.161</span>,<span title='原始值：0.0452'>0.045</span>,<span title='原始值：4.657'>4.66</span>,--,--
山东省,海河流域,富国,02-25 09:00,3,<span title='原始值：9.041'>9.0</span>,<span title='原始值：8.265'>8.26</span>,<span title='原始值：9.752'>9.75</span>,<span title='原始值：3289.98'>3290.0</span>,<span title='原始值：7.03'>7.0</span>,<span title='原始值：5.0144'>5.01</span>,<span title='原始值：0.0295'>0.030</span>,<span title='原始值：0.0313'>0.031</span>,<span title='原始值：3.42'>3.42</span>,--,--
山东省,海河流域,芦家河子水库,02-25 09:00,1,<span title='原始值：16.636'>16.6</span>,<span title='原始值：7.999'>8.00</span>,<span title='原始值：8.777'>8.78</span>,--,<span title='原始值：2.416'>2.4</span>,<span title='原始值：1.938'>1.94</span>,<span title='原始值：0.0087'>0.009</span>,<span title='原始值：0.0128'>0.013</span>,<span title='原始值：3.178'>3.18</span>,--,--
山东省,海河流域,三角洼水库,02-25 07:00,1,<span title='原始值：6.094'>6.1</span>,<span title='原始值：8.491'>8.49</span>,<span title='原始值：11.206'>11.21</span>,<span title='原始值：1142.912'>1142.9</span>,--,<span title='原始值：1.885'>1.88</span>,<span title='原始值：0.0184'>0.018</span>,<span title='原始值：0.0078'>0.008</span>,<span title='原始值：2.033'>2.03</span>,--,--
山东省,淮河流域,西闸,02-25 09:00,3,<span title='原始值：9.049'>9.0</span>,<span title='原始值：8.326'>8.33</span>,<span title='原始值：11.59'>11.59</span>,<span title='原始值：2127.018'>2127.0</span>,<span title='原始值：10.471'>10.5</span>,<span title='原始值：4.7619'>4.76</span>,<span title='原始值：0.2249'>0.225</span>,<span title='原始值：0.1094'>0.109</span>,<span title='原始值：9.07'>9.07</span>,--,--
山东省,淮河流域,范李,02-25 09:00,3,<span title='原始值：9.536'>9.5</span>,<span title='原始值：8.235'>8.24</span>,<span title='原始值：11.336'>11.34</span>,<span title='原始值：2046.784'>2046.8</span>,<span title='原始值：15.408'>15.4</span>,<span title='原始值：4.026'>4.03</span>,<span title='原始值：0.2063'>0.206</span>,<span title='原始值：0.0923'>0.092</span>,<span title='原始值：8.672'>8.67</span>,--,--
山东省,海河流域,大山,02-25 09:00,3,<span title='原始值：7.352'>7.4</span>,<span title='原始值：8.2184'>8.22</span>,<span title='原始值：10.819'>10.82</span>,<span title='原始值：3710.77'>3710.8</span>,<span title='原始值：1.946'>1.9</span>,<span title='原始值：5.807'>5.81</span>,<span title='原始值：0.1661'>0.166</span>,<span title='原始值：0.0603'>0.060</span>,<span data-toggle='tooltip' data-placement='right' title='当天质控不合格'>--</span>,--,--
山东省,海河流域,邵家,02-25 09:00,6,<span title='原始值：7.701'>7.7</span>,<span title='原始值：8.3356'>8.34</span>,<span title='原始值：9.051'>9.05</span>,<span title='原始值：10329.61'>10329.6</span>,<span title='原始值：25.94'>25.9</span>,<span title='原始值：12.745'>12.74</span>,<span title='原始值：1.9116'>1.912</span>,<span title='原始值：0.5023'>0.502</span>,<span title='原始值：5.215'>5.22</span>,--,--
山东省,淮河流域,于楼,02-25 09:00,3,<span title='原始值：9.762'>9.8</span>,<span title='原始值：8.115'>8.12</span>,<span title='原始值：8.225'>8.22</span>,<span title='原始值：2988.93'>2988.9</span>,<span title='原始值：5.543'>5.5</span>,<span title='原始值：5.519'>5.52</span>,<span title='原始值：0.143'>0.143</span>,<span title='原始值：0.107'>0.107</span>,<span title='原始值：3.124'>3.12</span>,--,--
山东省,淮河流域,徐寨,02-25 08:00,3,<span title='原始值：9.792'>9.8</span>,<span title='原始值：8.48'>8.48</span>,<span title='原始值：9.158'>9.16</span>,<span title='原始值：2687.24'>2687.2</span>,<span title='原始值：5.648'>5.6</span>,<span title='原始值：4.206'>4.21</span>,<span title='原始值：0.064'>0.064</span>,<span title='原始值：0.081'>0.081</span>,<span title='原始值：2.373'>2.37</span>,--,--
河南省,黄河流域,七里铺,02-25 09:00,3,<span title='原始值：10.712'>10.7</span>,<span title='原始值：8.2779'>8.28</span>,<span title='原始值：10.601'>10.60</span>,<span title='原始值：755.166'>755.2</span>,<span title='原始值：14.3122'>14.3</span>,<span title='原始值：4.59'>4.59</span>,<span title='原始值：0.0743'>0.074</span>,<span title='原始值：0.1032'>0.103</span>,<span title='原始值：5.571'>5.57</span>,--,--
河南省,淮河流域,新郑黄甫寨,02-25 09:00,2,<span title='原始值：10.18'>10.2</span>,<span title='原始值：8.2482'>8.25</span>,<span title='原始值：10.412'>10.41</span>,<span title='原始值：1211.71'>1211.7</span>,<span title='原始值：11.02'>11.0</span>,<span title='原始值：3.581'>3.58</span>,<span title='原始值：0.0872'>0.087</span>,<span title='原始值：0.0592'>0.059</span>,<span title='原始值：4.6228'>4.62</span>,--,--
河南省,淮河流域,口子,02-25 08:00,1,<span title='原始值：24.91'>24.9</span>,<span title='原始值：7.19383'>7.19</span>,<span title='原始值：8.22942'>8.23</span>,--,--,<span data-toggle='tooltip' data-placement='right' title='当天质控不合格'>--</span>,--,<span data-toggle='tooltip' data-placement='right' title='当天质控不合格'>--</span>,<span data-toggle='tooltip' data-placement='right' title='当天质控不合格'>--</span>,--,--
河南省,淮河流域,通许邸阁,02-25 09:00,3,<span title='原始值：13'>13.0</span>,<span title='原始值：8.08'>8.08</span>,<span title='原始值：8.11'>8.11</span>,<span title='原始值：1148.57'>1148.6</span>,<span title='原始值：26.62'>26.6</span>,<span title='原始值：4.329'>4.33</span>,<span title='原始值：0.0562'>0.056</span>,<span title='原始值：0.088'>0.088</span>,<span title='原始值：1.198'>1.20</span>,--,--
河南省,黄河流域,高崖寨,02-25 08:00,3,<span title='原始值：11.63'>11.6</span>,<span title='原始值：8.179'>8.18</span>,<span title='原始值：9.52'>9.52</span>,<span title='原始值：616.85'>616.8</span>,<span title='原始值：3.22'>3.2</span>,<span title='原始值：4.637'>4.64</span>,<span title='原始值：0.136'>0.136</span>,<span title='原始值：0.045'>0.045</span>,<span title='原始值：4.729'>4.73</span>,--,--
河南省,黄河流域,龙门大桥,02-25 09:00,2,<span title='原始值：11.614'>11.6</span>,<span title='原始值：8.21'>8.21</span>,<span title='原始值：11.776'>11.78</span>,<span title='原始值：752.813'>752.8</span>,<span title='原始值：16.756'>16.8</span>,<span title='原始值：2.17'>2.17</span>,<span title='原始值：0.0807'>0.081</span>,<span title='原始值：0.024'>0.024</span>,<span title='原始值：7.165'>7.16</span>,--,--
河南省,淮河流域,紫罗山,02-25 08:00,1,<span title='原始值：23.2567'>23.3</span>,<span title='原始值：7.08441'>7.08</span>,<span title='原始值：9.42561'>9.43</span>,--,<span title='原始值：133.9536'>134.0</span>,--,--,--,--,--,--
河南省,黄河流域,白马寺,02-25 09:00,3,<span title='原始值：12.89'>12.9</span>,<span title='原始值：8.055'>8.06</span>,<span title='原始值：12.1185'>12.12</span>,<span title='原始值：709.4'>709.4</span>,<span title='原始值：17.2'>17.2</span>,<span title='原始值：4.6187'>4.62</span>,<span title='原始值：0.02758'>0.028</span>,<span title='原始值：0.08438'>0.084</span>,<span title='原始值：6.035'>6.04</span>,--,--
河南省,黄河流域,潭头,02-25 09:00,1,<span title='原始值：9.891'>9.9</span>,<span title='原始值：8.3'>8.30</span>,<span title='原始值：10.671'>10.67</span>,<span title='原始值：573.1'>573.1</span>,<span title='原始值：1.929'>1.9</span>,<span title='原始值：0.675'>0.68</span>,--,<span title='原始值：0.0072'>0.007</span>,<span title='原始值：2.86'>2.86</span>,--,--
河南省,淮河流域,大陈闸,02-25 08:00,2,<span title='原始值：9.59341'>9.6</span>,<span title='原始值：7.97116'>7.97</span>,<span title='原始值：10.74422'>10.74</span>,<span title='原始值：964.0681'>964.1</span>,<span title='原始值：3.47659'>3.5</span>,<span title='原始值：2.48954'>2.49</span>,<span title='原始值：0.06874'>0.069</span>,<span title='原始值：0.02355'>0.024</span>,<span title='原始值：13.65043'>13.65</span>,--,--
河南省,淮河流域,白龟山水库,02-25 09:00,3,<span title='原始值：10.42'>10.4</span>,<span title='原始值：8.45'>8.45</span>,<span title='原始值：10.29'>10.29</span>,<span title='原始值：597.34'>597.3</span>,<span title='原始值：10.94'>10.9</span>,<span title='原始值：1.833'>1.83</span>,--,<span title='原始值：0.032'>0.032</span>,<span title='原始值：3.259'>3.26</span>,<span title='原始值：0.00756'>0.008</span>,<span title='原始值：633000'>633000</span>
河南省,淮河流域,杨寨中村,02-25 09:00,3,<span title='原始值：10.31'>10.3</span>,<span title='原始值：8.31'>8.31</span>,<span title='原始值：11.674'>11.67</span>,<span title='原始值：954.13'>954.1</span>,<span title='原始值：15.7'>15.7</span>,<span title='原始值：5.848'>5.85</span>,<span title='原始值：0.1898'>0.190</span>,<span title='原始值：0.1193'>0.119</span>,<span title='原始值：13.647'>13.65</span>,--,--
河南省,淮河流域,舞钢石庄桥,02-25 08:00,3,<span title='原始值：11.24716'>11.2</span>,<span title='原始值：7.9283'>7.93</span>,<span title='原始值：9.19368'>9.19</span>,<span title='原始值：879.4056'>879.4</span>,<span title='原始值：2.39302'>2.4</span>,<span title='原始值：3.28339'>3.28</span>,<span title='原始值：0.05422'>0.054</span>,<span title='原始值：0.11904'>0.119</span>,<span title='原始值：6.83028'>6.83</span>,--,--
河南省,海河流域,彰武水库,02-25 09:00,1,<span title='原始值：9.297'>9.3</span>,<span title='原始值：8.141'>8.14</span>,<span title='原始值：9.886'>9.89</span>,<span title='原始值：649.9'>649.9</span>,<span title='原始值：3.47'>3.5</span>,<span title='原始值：0.7365'>0.74</span>,<span title='原始值：0.02'>0.020</span>,<span title='原始值：0.0057'>0.006</span>,<span title='原始值：5.341'>5.34</span>,--,--
河南省,海河流域,五陵,02-25 09:00,4,<span title='原始值：10.28'>10.3</span>,<span title='原始值：8.034'>8.03</span>,<span title='原始值：10.414'>10.41</span>,<span title='原始值：1828.8'>1828.8</span>,<span title='原始值：23.8'>23.8</span>,<span title='原始值：6.1'>6.10</span>,<span title='原始值：0.3489'>0.349</span>,<span title='原始值：0.1402'>0.140</span>,<span title='原始值：10.066'>10.07</span>,--,--
河南省,海河流域,石辛庄,02-25 08:00,3,<span title='原始值：9.52'>9.5</span>,<span title='原始值：8.1455'>8.15</span>,<span title='原始值：18.546'>18.55</span>,<span title='原始值：1318.396'>1318.4</span>,<span title='原始值：3.605'>3.6</span>,<span title='原始值：5.612'>5.61</span>,<span title='原始值：0.0443'>0.044</span>,<span title='原始值：0.1525'>0.152</span>,<span title='原始值：14.7589'>14.76</span>,--,--
河南省,海河流域,黄花营,02-25 08:00,1,<span title='原始值：8.55'>8.6</span>,<span title='原始值：8.2312'>8.23</span>,<span title='原始值：10.907'>10.91</span>,<span title='原始值：470.3853'>470.4</span>,<span title='原始值：5.3136'>5.3</span>,<span title='原始值：0.958'>0.96</span>,<span title='原始值：0.0057'>0.006</span>,<span title='原始值：0.0099'>0.010</span>,<span title='原始值：5.4452'>5.45</span>,--,--
河南省,海河流域,前枋城,02-25 09:00,1,<span title='原始值：11.89'>11.9</span>,<span title='原始值：8.1137'>8.11</span>,<span title='原始值：9.715'>9.72</span>,<span title='原始值：744.21'>744.2</span>,<span title='原始值：4.461'>4.5</span>,<span title='原始值：1.047'>1.05</span>,--,<span title='原始值：0.0083'>0.008</span>,<span title='原始值：9.6352'>9.64</span>,--,--
河南省,海河流域,卫河小河口,02-25 08:00,3,<span title='原始值：10.06'>10.1</span>,<span title='原始值：7.9141'>7.91</span>,<span title='原始值：10.549'>10.55</span>,<span title='原始值：1335.649'>1335.6</span>,<span title='原始值：27.16'>27.2</span>,<span title='原始值：2.275'>2.28</span>,<span title='原始值：0.2561'>0.256</span>,<span title='原始值：0.1012'>0.101</span>,<span title='原始值：10.0195'>10.02</span>,--,--
河南省,海河流域,修武水文站,02-25 08:00,6,<span title='原始值：12.22'>12.2</span>,<span title='原始值：7.671'>7.67</span>,<span title='原始值：6.261'>6.26</span>,<span title='原始值：2557.69'>2557.7</span>,<span title='原始值：11.68'>11.7</span>,<span title='原始值：5.75'>5.75</span>,<span title='原始值：2.459'>2.459</span>,<span title='原始值：0.1784'>0.178</span>,<span title='原始值：10.073'>10.07</span>,--,--
河南省,海河流域,获嘉东碑村,02-25 09:00,4,<span title='原始值：10.05'>10.0</span>,<span title='原始值：7.89'>7.89</span>,<span title='原始值：9.833'>9.83</span>,<span title='原始值：2496.99'>2497.0</span>,<span title='原始值：9.82'>9.8</span>,<span title='原始值：6.55'>6.55</span>,<span title='原始值：0.9125'>0.912</span>,<span title='原始值：0.1599'>0.160</span>,<span title='原始值：5.753'>5.75</span>,--,--
河南省,黄河流域,封丘陶北,02-25 09:00,2,<span title='原始值：8.96'>9.0</span>,<span title='原始值：8.466'>8.47</span>,<span title='原始值：14.754'>14.75</span>,<span title='原始值：970.84'>970.8</span>,<span title='原始值：3.17'>3.2</span>,<span title='原始值：3.209'>3.21</span>,<span title='原始值：0.0563'>0.056</span>,<span title='原始值：0.05'>0.050</span>,<span title='原始值：4.304'>4.30</span>,--,--
河南省,黄河流域,封丘王堤,02-25 09:00,2,<span title='原始值：8.981'>9.0</span>,<span title='原始值：8.128'>8.13</span>,<span title='原始值：10.367'>10.37</span>,<span title='原始值：1008.17'>1008.2</span>,<span title='原始值：19.08'>19.1</span>,<span title='原始值：1.776'>1.78</span>,<span title='原始值：0.0086'>0.009</span>,<span title='原始值：0.0596'>0.060</span>,<span title='原始值：4.5138'>4.51</span>,--,--
河南省,海河流域,新乡贾太湖,02-25 09:00,4,<span title='原始值：9.33'>9.3</span>,<span title='原始值：7.963'>7.96</span>,<span title='原始值：10.929'>10.93</span>,<span title='原始值：969.736'>969.7</span>,<span title='原始值：344.713'>344.7</span>,<span title='原始值：2.2298'>2.23</span>,--,<span title='原始值：0.20787'>0.208</span>,<span title='原始值：8.5275'>8.53</span>,--,--
河南省,黄河流域,武陟渠首,02-25 09:00,2,<span title='原始值：10.14'>10.1</span>,<span title='原始值：8.229'>8.23</span>,<span title='原始值：11.009'>11.01</span>,<span title='原始值：907.77'>907.8</span>,<span title='原始值：9.02'>9.0</span>,<span title='原始值：1.407'>1.41</span>,<span title='原始值：0.1832'>0.183</span>,<span title='原始值：0.0456'>0.046</span>,<span title='原始值：6.433'>6.43</span>,--,--
河南省,黄河流域,孟州石井,02-25 08:00,3,<span title='原始值：11.34622'>11.3</span>,<span title='原始值：8.10341'>8.10</span>,<span title='原始值：6.85113'>6.85</span>,<span title='原始值：1463.401'>1463.4</span>,<span title='原始值：3.56744'>3.6</span>,<span title='原始值：3.86038'>3.86</span>,<span title='原始值：0.15491'>0.155</span>,<span title='原始值：0.12841'>0.128</span>,<span title='原始值：9.60402'>9.60</span>,--,--
河南省,黄河流域,孟州还封村,02-25 08:00,3,<span title='原始值：13.46'>13.5</span>,<span title='原始值：7.77601'>7.78</span>,<span title='原始值：7.96796'>7.97</span>,<span title='原始值：1481.015'>1481.0</span>,<span title='原始值：8.44122'>8.4</span>,<span title='原始值：3.60375'>3.60</span>,<span title='原始值：0.45771'>0.458</span>,<span title='原始值：0.16717'>0.167</span>,<span title='原始值：12.27925'>12.28</span>,--,--
河南省,黄河流域,贾垓桥（张秋）,02-25 09:00,6,<span title='原始值：14.729'>14.7</span>,<span title='原始值：7.611'>7.61</span>,<span title='原始值：1.114'>1.11</span>,<span title='原始值：1888.626'>1888.6</span>,<span title='原始值：26.021'>26.0</span>,<span title='原始值：6.03'>6.03</span>,<span title='原始值：0.0613'>0.061</span>,<span title='原始值：0.0502'>0.050</span>,<span title='原始值：1.573'>1.57</span>,--,--
河南省,海河流域,南乐元村集,02-25 09:00,3,<span title='原始值：8.38'>8.4</span>,<span title='原始值：7.837'>7.84</span>,<span title='原始值：12.279'>12.28</span>,<span title='原始值：1534.08'>1534.1</span>,<span title='原始值：13.39'>13.4</span>,<span title='原始值：4.059'>4.06</span>,<span title='原始值：0.2296'>0.230</span>,<span title='原始值：0.0779'>0.078</span>,<span title='原始值：8.786'>8.79</span>,--,--
河南省,海河流域,南乐水文站,02-25 08:00,3,<span title='原始值：9.21'>9.2</span>,<span title='原始值：8.23'>8.23</span>,<span title='原始值：8.853'>8.85</span>,<span title='原始值：971.1446'>971.1</span>,<span title='原始值：22.32'>22.3</span>,<span title='原始值：2.185'>2.18</span>,<span title='原始值：0.1734'>0.173</span>,<span title='原始值：0.126'>0.126</span>,<span title='原始值：2.9287'>2.93</span>,--,--
河南省,海河流域,濮阳西水坡,02-25 09:00,1,<span title='原始值：9.4'>9.4</span>,<span title='原始值：8.348'>8.35</span>,<span title='原始值：10.532'>10.53</span>,<span title='原始值：810.88'>810.9</span>,<span title='原始值：6.73'>6.7</span>,<span title='原始值：1.917'>1.92</span>,--,<span title='原始值：0.009'>0.009</span>,<span title='原始值：2.827'>2.83</span>,--,--
河南省,黄河流域,濮阳大韩桥,02-25 08:00,-1,--,--,--,--,--,--,--,--,--,--,--
河南省,淮河流域,白沙水库,02-25 09:00,2,<span title='原始值：7.2218'>7.2</span>,<span title='原始值：8.5403'>8.54</span>,<span title='原始值：11.0209'>11.02</span>,<span title='原始值：951.768'>951.8</span>,<span title='原始值：6.0126'>6.0</span>,<span title='原始值：2.2986'>2.30</span>,<span title='原始值：0.071'>0.071</span>,<span title='原始值：0.0215'>0.022</span>,<span title='原始值：6.1476'>6.15</span>,--,--
河南省,淮河流域,临颍吴刘闸,02-25 09:00,3,<span title='原始值：11.01'>11.0</span>,<span title='原始值：8.05'>8.05</span>,<span title='原始值：10.52'>10.52</span>,<span title='原始值：1091.24'>1091.2</span>,<span title='原始值：39.24'>39.2</span>,<span title='原始值：4.167'>4.17</span>,<span title='原始值：0.048'>0.048</span>,<span title='原始值：0.093'>0.093</span>,<span title='原始值：13.027'>13.03</span>,--,--
河南省,淮河流域,召陵武湾（西华程湾）,02-25 08:00,2,<span title='原始值：9.72'>9.7</span>,<span title='原始值：7.866'>7.87</span>,<span title='原始值：10.24'>10.24</span>,<span title='原始值：745.4'>745.4</span>,<span title='原始值：4.28'>4.3</span>,<span title='原始值：2.685'>2.68</span>,<span title='原始值：0.022'>0.022</span>,<span title='原始值：0.0274'>0.027</span>,<span title='原始值：6.04'>6.04</span>,--,--
河南省,淮河流域,郾城漯邓桥,02-25 08:00,3,<span title='原始值：13.5'>13.5</span>,<span title='原始值：7.621'>7.62</span>,<span title='原始值：7.64'>7.64</span>,<span title='原始值：1408.2'>1408.2</span>,<span title='原始值：4.13'>4.1</span>,<span title='原始值：3.829'>3.83</span>,<span title='原始值：0.248'>0.248</span>,<span title='原始值：0.1205'>0.120</span>,<span data-toggle='tooltip' data-placement='right' title='当天质控不合格'>--</span>,--,--
河南省,淮河流域,叶舞公路桥,02-25 09:00,2,<span title='原始值：11.808'>11.8</span>,<span title='原始值：8.15'>8.15</span>,<span title='原始值：11.775'>11.78</span>,<span title='原始值：489.36'>489.4</span>,<span title='原始值：4.395'>4.4</span>,<span title='原始值：2.319'>2.32</span>,<span title='原始值：0.0034'>0.003</span>,<span title='原始值：0.0151'>0.015</span>,<span title='原始值：3.533'>3.53</span>,--,--
河南省,淮河流域,临颍高村桥,02-25 08:00,2,<span title='原始值：12.58'>12.6</span>,<span title='原始值：7.83'>7.83</span>,<span title='原始值：9.02'>9.02</span>,<span title='原始值：1097.62'>1097.6</span>,<span title='原始值：3.55'>3.6</span>,<span title='原始值：3.827'>3.83</span>,<span title='原始值：0.357'>0.357</span>,<span title='原始值：0.0868'>0.087</span>,<span title='原始值：9.661'>9.66</span>,--,--
河南省,淮河流域,舞阳马湾,02-25 09:00,2,<span title='原始值：8.977'>9.0</span>,<span title='原始值：8.1114'>8.11</span>,<span title='原始值：10.01'>10.01</span>,<span title='原始值：1095.01'>1095.0</span>,<span title='原始值：8.96'>9.0</span>,<span title='原始值：2.412'>2.41</span>,<span title='原始值：0.086'>0.086</span>,<span title='原始值：0.0352'>0.035</span>,<span data-toggle='tooltip' data-placement='right' title='当天质控不合格'>--</span>,--,--
河南省,黄河流域,洛河大桥,02-25 09:00,1,<span title='原始值：9.87'>9.9</span>,<span title='原始值：8.2831'>8.28</span>,<span title='原始值：8.7145'>8.71</span>,<span title='原始值：481.508'>481.5</span>,<span title='原始值：12.386'>12.4</span>,<span title='原始值：0.4137'>0.41</span>,<span title='原始值：0.0032'>0.003</span>,<span title='原始值：0.0156'>0.016</span>,<span title='原始值：1.7371'>1.74</span>,--,--
河南省,黄河流域,三门峡水库,02-25 08:00,1,<span title='原始值：8'>8.0</span>,<span title='原始值：8.52353'>8.52</span>,<span title='原始值：10.98818'>10.99</span>,<span title='原始值：1224.935'>1224.9</span>,<span title='原始值：20.27984'>20.3</span>,<span title='原始值：1.01236'>1.01</span>,<span title='原始值：0.00337'>0.003</span>,<span title='原始值：0.00827'>0.008</span>,<span title='原始值：4.70719'>4.71</span>,<span title='原始值：0.01094'>0.011</span>,<span title='原始值：1269063'>1269063</span>
河南省,长江流域,淅川荆紫关(荆紫关),02-25 09:00,1,<span title='原始值：9.686319'>9.7</span>,<span title='原始值：8.358941'>8.36</span>,<span title='原始值：11.56248'>11.56</span>,<span title='原始值：511.5024'>511.5</span>,<span title='原始值：0.939672'>0.9</span>,<span title='原始值：1.345'>1.34</span>,<span title='原始值：0.007'>0.007</span>,<span title='原始值：0.007'>0.007</span>,<span title='原始值：2.873'>2.87</span>,--,--
河南省,长江流域,淅川史家湾(史家湾),02-25 09:00,1,<span title='原始值：12.42'>12.4</span>,<span title='原始值：7.919'>7.92</span>,<span title='原始值：9.6357'>9.64</span>,<span title='原始值：536.567'>536.6</span>,<span title='原始值：10.51'>10.5</span>,<span title='原始值：0.998'>1.00</span>,--,<span title='原始值：0.0103'>0.010</span>,<span title='原始值：2.6146'>2.61</span>,<span title='原始值：0.00214'>0.002</span>,--
河南省,长江流域,淅川高湾,02-25 09:00,1,<span title='原始值：12.7'>12.7</span>,<span title='原始值：7.8418'>7.84</span>,<span title='原始值：11.3046'>11.30</span>,<span title='原始值：462.318'>462.3</span>,<span title='原始值：60.703'>60.7</span>,<span title='原始值：0.9994'>1.00</span>,<span title='原始值：0.0789'>0.079</span>,<span title='原始值：0.0098'>0.010</span>,<span title='原始值：2.4402'>2.44</span>,<span title='原始值：0.0032'>0.003</span>,--
河南省,长江流域,淅川张营(张营),02-25 09:00,2,<span title='原始值：11.25'>11.2</span>,<span title='原始值：8.1598'>8.16</span>,<span title='原始值：10.9186'>10.92</span>,<span title='原始值：385.127'>385.1</span>,<span title='原始值：2.818'>2.8</span>,<span title='原始值：2.2784'>2.28</span>,--,<span title='原始值：0.0183'>0.018</span>,<span title='原始值：2.0196'>2.02</span>,<span title='原始值：0.00168831'>0.002</span>,--
河南省,长江流域,五龙泉,02-25 08:00,2,<span title='原始值：10.95'>11.0</span>,<span title='原始值：8.1784'>8.18</span>,<span title='原始值：10.513'>10.51</span>,<span title='原始值：288.78'>288.8</span>,<span title='原始值：3.59'>3.6</span>,<span title='原始值：1.8802'>1.88</span>,<span title='原始值：0.0462'>0.046</span>,<span title='原始值：0.0244'>0.024</span>,<span title='原始值：1.312'>1.31</span>,<span title='原始值：0.0013'>0.001</span>,<span title='原始值：718649'>718649</span>
河南省,长江流域,宋岗,02-25 09:00,2,<span title='原始值：11.157'>11.2</span>,<span title='原始值：8.25'>8.25</span>,<span title='原始值：10.402'>10.40</span>,<span title='原始值：294.7'>294.7</span>,<span title='原始值：7.286'>7.3</span>,<span title='原始值：1.978'>1.98</span>,--,<span title='原始值：0.013'>0.013</span>,<span title='原始值：1.11'>1.11</span>,<span title='原始值：0.005207'>0.005</span>,<span title='原始值：720514.1'>720514</span>
河南省,长江流域,陶岔,02-25 09:00,2,<span title='原始值：11.65'>11.6</span>,<span title='原始值：8.3961'>8.40</span>,<span title='原始值：10.6687'>10.67</span>,<span title='原始值：292.81'>292.8</span>,<span title='原始值：7.675'>7.7</span>,<span title='原始值：1.9092'>1.91</span>,<span title='原始值：0.0342'>0.034</span>,<span title='原始值：0.0169'>0.017</span>,<span title='原始值：1.1925'>1.19</span>,<span title='原始值：0.0047'>0.005</span>,<span title='原始值：651874'>651874</span>
河南省,长江流域,三道河,02-25 09:00,1,<span title='原始值：10.375'>10.4</span>,<span title='原始值：7.77'>7.77</span>,<span title='原始值：10.948'>10.95</span>,<span title='原始值：400.158'>400.2</span>,<span title='原始值：11.401'>11.4</span>,<span title='原始值：1.019'>1.02</span>,<span title='原始值：0.026'>0.026</span>,<span title='原始值：0.003'>0.003</span>,<span title='原始值：2.96'>2.96</span>,--,--
河南省,长江流域,上河,02-25 08:00,1,<span title='原始值：9.21'>9.2</span>,<span title='原始值：8.02934'>8.03</span>,<span title='原始值：11.81627'>11.82</span>,<span title='原始值：249.3743'>249.4</span>,<span title='原始值：15.54334'>15.5</span>,<span title='原始值：1.54016'>1.54</span>,<span title='原始值：0.00689'>0.007</span>,<span title='原始值：0.00889'>0.009</span>,<span title='原始值：0.83007'>0.83</span>,--,--
河南省,长江流域,方城夏河,02-25 09:00,2,<span title='原始值：11.28'>11.3</span>,<span title='原始值：7.5327'>7.53</span>,<span title='原始值：7.1975'>7.20</span>,<span title='原始值：430.145'>430.1</span>,<span title='原始值：3.028'>3.0</span>,<span title='原始值：2.6076'>2.61</span>,<span title='原始值：0.0408'>0.041</span>,<span title='原始值：0.0401'>0.040</span>,<span title='原始值：2.9842'>2.98</span>,--,--
河南省,长江流域,内乡怀乡桥,02-25 08:00,1,<span title='原始值：11.56181'>11.6</span>,<span title='原始值：8.20045'>8.20</span>,<span title='原始值：12.0252'>12.03</span>,<span title='原始值：549.0585'>549.1</span>,<span title='原始值：1.74537'>1.7</span>,<span title='原始值：1.2126'>1.21</span>,<span title='原始值：0.0051'>0.005</span>,<span title='原始值：0.01131'>0.011</span>,<span title='原始值：5.74884'>5.75</span>,--,--
河南省,淮河流域,新野溧河桥,02-25 08:00,4,<span title='原始值：10.95403'>11.0</span>,<span title='原始值：8.59862'>8.60</span>,<span title='原始值：11.5534'>11.55</span>,<span title='原始值：477.1303'>477.1</span>,<span title='原始值：62.75206'>62.8</span>,<span title='原始值：7.83689'>7.84</span>,<span title='原始值：0.00545'>0.005</span>,<span title='原始值：0.08652'>0.087</span>,<span title='原始值：5.40558'>5.41</span>,--,--
河南省,淮河流域,吕楼桥（颜集）,02-25 09:00,2,<span title='原始值：10.19'>10.2</span>,<span title='原始值：7.5002'>7.50</span>,<span title='原始值：8.3801'>8.38</span>,<span title='原始值：1661.034'>1661.0</span>,<span title='原始值：62.657'>62.7</span>,<span title='原始值：3.4388'>3.44</span>,<span title='原始值：0.1236'>0.124</span>,<span title='原始值：0.0461'>0.046</span>,<span title='原始值：1.2515'>1.25</span>,--,--
河南省,淮河流域,黄口,02-25 09:00,2,<span title='原始值：10.18'>10.2</span>,<span title='原始值：8.2609'>8.26</span>,<span title='原始值：11.7308'>11.73</span>,<span title='原始值：1556.865'>1556.9</span>,<span title='原始值：19.904'>19.9</span>,--,<span title='原始值：0.1683'>0.168</span>,--,--,--,--
河南省,淮河流域,睢县板桥,02-25 09:00,5,<span title='原始值：9.63'>9.6</span>,<span title='原始值：8.27'>8.27</span>,<span title='原始值：10.31'>10.31</span>,<span title='原始值：4091.28'>4091.3</span>,<span title='原始值：27.14'>27.1</span>,<span title='原始值：11.297'>11.30</span>,<span title='原始值：0.0595'>0.060</span>,<span title='原始值：0.119'>0.119</span>,<span title='原始值：4.855'>4.86</span>,--,--
河南省,淮河流域,永城张板桥,02-25 09:00,4,<span title='原始值：12.37'>12.4</span>,<span title='原始值：8.67'>8.67</span>,<span title='原始值：12.93'>12.93</span>,<span title='原始值：2064'>2064.0</span>,<span title='原始值：13.64'>13.6</span>,<span title='原始值：9.125'>9.12</span>,<span title='原始值：0.014'>0.014</span>,<span title='原始值：0.121'>0.121</span>,<span title='原始值：2.012'>2.01</span>,--,--
河南省,淮河流域,长台关甘岸桥,02-25 08:00,2,<span title='原始值：9.42'>9.4</span>,<span title='原始值：7.708'>7.71</span>,<span title='原始值：9.88'>9.88</span>,<span title='原始值：361.78'>361.8</span>,<span title='原始值：2.48'>2.5</span>,<span title='原始值：2.9488'>2.95</span>,<span title='原始值：0.0176'>0.018</span>,<span title='原始值：0.016'>0.016</span>,<span title='原始值：1.714'>1.71</span>,--,--
河南省,淮河流域,息县大埠口,02-25 08:00,2,<span title='原始值：10.435'>10.4</span>,<span title='原始值：7.61981'>7.62</span>,<span title='原始值：9.20354'>9.20</span>,<span title='原始值：352.8642'>352.9</span>,<span title='原始值：8.79728'>8.8</span>,<span title='原始值：2.70763'>2.71</span>,<span title='原始值：0.01996'>0.020</span>,<span title='原始值：0.03113'>0.031</span>,<span title='原始值：2.11402'>2.11</span>,--,--
河南省,淮河流域,信阳琵琶山桥,02-25 07:00,4,<span title='原始值：11.58'>11.6</span>,<span title='原始值：7.93'>7.93</span>,<span title='原始值：8.395'>8.40</span>,<span title='原始值：363.01'>363.0</span>,<span title='原始值：26.34'>26.3</span>,<span title='原始值：6.2435'>6.24</span>,<span title='原始值：0.015'>0.015</span>,<span title='原始值：0.114'>0.114</span>,<span title='原始值：3.174'>3.17</span>,--,--
河南省,淮河流域,潢川水文站,02-25 08:00,2,<span title='原始值：10.0177'>10.0</span>,<span title='原始值：7.0929'>7.09</span>,<span title='原始值：6.7725'>6.77</span>,<span title='原始值：389.573'>389.6</span>,<span title='原始值：4.0594'>4.1</span>,<span title='原始值：3.607'>3.61</span>,<span title='原始值：0.0059'>0.006</span>,<span title='原始值：0.054'>0.054</span>,<span title='原始值：3.252'>3.25</span>,--,--
河南省,淮河流域,淮滨北庙,02-25 08:00,2,<span title='原始值：10.45'>10.4</span>,<span title='原始值：7.70796'>7.71</span>,<span title='原始值：10.0157'>10.02</span>,<span title='原始值：264.4444'>264.4</span>,<span title='原始值：8.7778'>8.8</span>,<span title='原始值：2.53296'>2.53</span>,<span title='原始值：0.04549'>0.045</span>,<span title='原始值：0.03308'>0.033</span>,<span title='原始值：1.89323'>1.89</span>,--,--
河南省,淮河流域,饮用水源地取水口,02-25 09:00,2,<span title='原始值：8.91'>8.9</span>,<span title='原始值：7.302'>7.30</span>,<span title='原始值：10.807'>10.81</span>,<span title='原始值：172.1'>172.1</span>,<span title='原始值：2.48'>2.5</span>,<span title='原始值：2.666'>2.67</span>,<span title='原始值：0.0561'>0.056</span>,<span title='原始值：0.0119'>0.012</span>,<span title='原始值：0.897'>0.90</span>,<span title='原始值：0.009'>0.009</span>,<span title='原始值：144000'>144000</span>
河南省,淮河流域,竹竿铺,02-25 08:00,2,<span title='原始值：10.3'>10.3</span>,<span title='原始值：7.7'>7.70</span>,<span title='原始值：8.99'>8.99</span>,<span title='原始值：275.5'>275.5</span>,<span title='原始值：5.08'>5.1</span>,<span title='原始值：2.2904'>2.29</span>,<span title='原始值：0.0099'>0.010</span>,<span title='原始值：0.029'>0.029</span>,<span title='原始值：1.453'>1.45</span>,--,--
河南省,淮河流域,固始马罡,02-25 08:00,2,<span title='原始值：10.6031'>10.6</span>,<span title='原始值：7.7989'>7.80</span>,<span title='原始值：9.3127'>9.31</span>,<span title='原始值：320.923'>320.9</span>,<span title='原始值：2.6119'>2.6</span>,<span title='原始值：2.0514'>2.05</span>,<span title='原始值：0.0359'>0.036</span>,<span title='原始值：0.01676'>0.017</span>,<span title='原始值：2.769'>2.77</span>,--,--
河南省,淮河流域,老沈丘泉河桥（许庄）,02-25 09:00,2,<span title='原始值：11.38'>11.4</span>,<span title='原始值：8.1487'>8.15</span>,<span title='原始值：10.5933'>10.59</span>,<span title='原始值：1014.413'>1014.4</span>,<span title='原始值：22.038'>22.0</span>,<span data-toggle='tooltip' data-placement='right' title='当天质控不合格'>--</span>,<span title='原始值：0.0453'>0.045</span>,<span title='原始值：0.0725'>0.072</span>,<span title='原始值：5.1681'>5.17</span>,--,--
河南省,淮河流域,西华大王庄,02-25 09:00,4,<span title='原始值：11.2783'>11.3</span>,<span title='原始值：8.4377'>8.44</span>,<span title='原始值：11.309'>11.31</span>,<span title='原始值：877.7'>877.7</span>,<span title='原始值：42.966'>43.0</span>,<span title='原始值：7.311'>7.31</span>,<span title='原始值：0.0843'>0.084</span>,<span title='原始值：0.0907'>0.091</span>,<span title='原始值：6.942'>6.94</span>,--,--
河南省,淮河流域,周口康店,02-25 08:00,3,<span title='原始值：12.47'>12.5</span>,<span title='原始值：8.1231'>8.12</span>,<span title='原始值：10.194'>10.19</span>,<span title='原始值：1048.516'>1048.5</span>,<span title='原始值：16.3'>16.3</span>,<span title='原始值：4.527'>4.53</span>,<span title='原始值：0.331'>0.331</span>,<span title='原始值：0.061'>0.061</span>,<span title='原始值：7.4711'>7.47</span>,--,--
河南省,淮河流域,商水双桥,02-25 08:00,2,<span title='原始值：11.38'>11.4</span>,<span title='原始值：8.2527'>8.25</span>,<span title='原始值：10.8919'>10.89</span>,<span title='原始值：867.7636'>867.8</span>,<span title='原始值：2.1167'>2.1</span>,<span data-toggle='tooltip' data-placement='right' title='当天质控不合格'>--</span>,<span title='原始值：0.0711'>0.071</span>,<span title='原始值：0.0427'>0.043</span>,<span title='原始值：6.4413'>6.44</span>,--,--
河南省,淮河流域,鄢陵陶城闸,02-25 08:00,2,<span title='原始值：10.6'>10.6</span>,<span title='原始值：7.935'>7.94</span>,<span title='原始值：9.354'>9.35</span>,<span title='原始值：1023.5'>1023.5</span>,<span title='原始值：2.37'>2.4</span>,<span title='原始值：2.982'>2.98</span>,<span title='原始值：0.291'>0.291</span>,<span title='原始值：0.0831'>0.083</span>,<span title='原始值：8.447'>8.45</span>,--,--
河南省,淮河流域,鹿邑付桥(鹿邑付桥闸),02-25 09:00,3,<span title='原始值：9.64'>9.6</span>,<span title='原始值：8.1424'>8.14</span>,<span title='原始值：9.6904'>9.69</span>,<span title='原始值：1772.51'>1772.5</span>,<span title='原始值：8.361'>8.4</span>,<span title='原始值：4.4742'>4.47</span>,<span title='原始值：0.0407'>0.041</span>,<span title='原始值：0.0342'>0.034</span>,<span title='原始值：4.2148'>4.21</span>,--,--
河南省,淮河流域,西华址坊,02-25 09:00,3,<span title='原始值：9.27'>9.3</span>,<span title='原始值：8.1'>8.10</span>,<span title='原始值：10.25'>10.25</span>,<span title='原始值：1088.89'>1088.9</span>,<span title='原始值：11.92'>11.9</span>,<span title='原始值：4.948'>4.95</span>,<span title='原始值：0.046'>0.046</span>,<span title='原始值：0.08'>0.080</span>,<span title='原始值：9.333'>9.33</span>,--,--
河南省,淮河流域,冯塘邱屯,02-25 08:00,3,<span title='原始值：11.02'>11.0</span>,<span title='原始值：8.0056'>8.01</span>,<span title='原始值：8.69097'>8.69</span>,<span title='原始值：1490.206'>1490.2</span>,<span title='原始值：11.61978'>11.6</span>,<span title='原始值：3.62198'>3.62</span>,<span title='原始值：0.0464'>0.046</span>,<span title='原始值：0.1293'>0.129</span>,<span title='原始值：11.49249'>11.49</span>,--,--
河南省,淮河流域,鹿邑宋河桥,02-25 09:00,2,<span title='原始值：12.2'>12.2</span>,<span title='原始值：8.11'>8.11</span>,<span title='原始值：11.4'>11.40</span>,<span title='原始值：1732.95'>1733.0</span>,<span title='原始值：28.06'>28.1</span>,<span title='原始值：2.491'>2.49</span>,<span title='原始值：0.018'>0.018</span>,<span title='原始值：0.057'>0.057</span>,<span title='原始值：1.644'>1.64</span>,--,--
河南省,淮河流域,新蔡班台(班台),02-25 09:00,3,<span title='原始值：13.454'>13.5</span>,<span title='原始值：8.451'>8.45</span>,<span title='原始值：10.113'>10.11</span>,<span title='原始值：645.457'>645.5</span>,<span title='原始值：16.027'>16.0</span>,<span title='原始值：5.272'>5.27</span>,<span title='原始值：0.189'>0.189</span>,<span title='原始值：0.135'>0.135</span>,<span title='原始值：3.359'>3.36</span>,--,--
河南省,淮河流域,汝南沙口,02-25 08:00,3,<span title='原始值：9.98'>10.0</span>,<span title='原始值：8.23247'>8.23</span>,<span title='原始值：11.00972'>11.01</span>,<span title='原始值：641.0699'>641.1</span>,<span title='原始值：20.04169'>20.0</span>,<span title='原始值：4.19271'>4.19</span>,<span title='原始值：0.14936'>0.149</span>,<span title='原始值：0.09267'>0.093</span>,<span title='原始值：2.43492'>2.43</span>,--,--
河南省,淮河流域,西平杨庄,02-25 08:00,2,<span title='原始值：12.06718'>12.1</span>,<span title='原始值：7.90994'>7.91</span>,<span title='原始值：9.12724'>9.13</span>,<span title='原始值：779.0479'>779.0</span>,<span title='原始值：3.51313'>3.5</span>,<span title='原始值：2.46256'>2.46</span>,<span title='原始值：0.07962'>0.080</span>,<span title='原始值：0.067'>0.067</span>,<span title='原始值：6.45221'>6.45</span>,--,--
河南省,淮河流域,板桥水库,02-25 08:00,2,<span title='原始值：8.3'>8.3</span>,<span title='原始值：8.04'>8.04</span>,<span title='原始值：10.694'>10.69</span>,<span title='原始值：268.9822'>269.0</span>,<span title='原始值：4.28'>4.3</span>,<span title='原始值：3.802'>3.80</span>,<span title='原始值：0.0181'>0.018</span>,<span title='原始值：0.013'>0.013</span>,<span title='原始值：1.378'>1.38</span>,--,--
河南省,淮河流域,西平王孟寺,02-25 08:00,3,<span title='原始值：12.72922'>12.7</span>,<span title='原始值：7.48476'>7.48</span>,<span title='原始值：7.13403'>7.13</span>,<span title='原始值：933.5314'>933.5</span>,<span title='原始值：2.00617'>2.0</span>,<span title='原始值：4.80499'>4.80</span>,<span title='原始值：0.17324'>0.173</span>,<span title='原始值：0.1324'>0.132</span>,<span title='原始值：5.32846'>5.33</span>,--,--
河南省,淮河流域,新蔡李桥,02-25 09:00,3,<span title='原始值：11.766'>11.8</span>,<span title='原始值：8.166'>8.17</span>,<span title='原始值：9.666'>9.67</span>,<span title='原始值：801.614'>801.6</span>,<span title='原始值：9.04'>9.0</span>,<span title='原始值：3.484'>3.48</span>,<span title='原始值：0.002'>0.002</span>,<span title='原始值：0.1161'>0.116</span>,<span title='原始值：4.496'>4.50</span>,--,--
河南省,黄河流域,小浪底水库(小浪底),02-25 09:00,2,<span title='原始值：5.82'>5.8</span>,<span title='原始值：8.2306'>8.23</span>,<span title='原始值：10.6976'>10.70</span>,<span title='原始值：929.081'>929.1</span>,<span title='原始值：0.295'>0.3</span>,<span title='原始值：1.5338'>1.53</span>,<span title='原始值：0.0839'>0.084</span>,<span title='原始值：0.021'>0.021</span>,<span title='原始值：4.5626'>4.56</span>,--,--
河南省,黄河流域,南山,02-25 08:00,3,<span title='原始值：5.34966'>5.3</span>,<span title='原始值：8.30144'>8.30</span>,<span title='原始值：11.16044'>11.16</span>,<span title='原始值：1109.286'>1109.3</span>,<span title='原始值：12.83773'>12.8</span>,<span title='原始值：2.09806'>2.10</span>,<span title='原始值：0.07691'>0.077</span>,<span title='原始值：0.04463'>0.045</span>,<span title='原始值：4.02076'>4.02</span>,<span title='原始值：0.00093'>0.001</span>,<span title='原始值：639205.1'>639205</span>
湖北省,长江流域,朱家河口,02-25 07:00,3,<span title='原始值：12.864'>12.9</span>,<span title='原始值：7.58'>7.58</span>,<span title='原始值：7.74'>7.74</span>,<span title='原始值：696.437'>696.4</span>,<span title='原始值：45.279'>45.3</span>,<span title='原始值：3.946'>3.95</span>,<span title='原始值：0.269'>0.269</span>,<span title='原始值：0.144'>0.144</span>,<span title='原始值：4.766'>4.77</span>,--,--
湖北省,长江流域,沐家泾,02-25 09:00,3,<span title='原始值：11.38'>11.4</span>,<span title='原始值：7.87'>7.87</span>,<span title='原始值：11.59'>11.59</span>,<span title='原始值：262.322'>262.3</span>,<span title='原始值：77.56'>77.6</span>,<span title='原始值：5.65'>5.65</span>,<span title='原始值：0.026'>0.026</span>,<span title='原始值：0.122'>0.122</span>,<span title='原始值：2.624'>2.62</span>,--,--
湖北省,长江流域,牛山湖湖心,02-25 09:00,2,<span title='原始值：9.33'>9.3</span>,<span title='原始值：7.76'>7.76</span>,<span title='原始值：10.589'>10.59</span>,<span title='原始值：163.781'>163.8</span>,<span title='原始值：18.93'>18.9</span>,<span title='原始值：2.05'>2.05</span>,<span title='原始值：0.0998'>0.100</span>,<span title='原始值：0.014'>0.014</span>,<span title='原始值：0.596'>0.60</span>,<span title='原始值：0.00211'>0.002</span>,<span title='原始值：649838.2'>649838</span>
湖北省,长江流域,西梁子湖湖北,02-25 09:00,2,<span title='原始值：10.1696'>10.2</span>,<span title='原始值：7.912'>7.91</span>,<span title='原始值：11.116'>11.12</span>,<span title='原始值：179.65'>179.6</span>,<span title='原始值：14.241'>14.2</span>,<span title='原始值：2.427'>2.43</span>,--,<span title='原始值：0.008'>0.008</span>,<span title='原始值：0.738'>0.74</span>,<span title='原始值：0.003'>0.003</span>,<span title='原始值：909210.2'>909210</span>
湖北省,长江流域,宗关,02-25 09:00,2,<span title='原始值：13.496'>13.5</span>,<span title='原始值：8.44'>8.44</span>,<span title='原始值：10.618'>10.62</span>,<span title='原始值：299.7'>299.7</span>,<span title='原始值：8.694'>8.7</span>,<span title='原始值：2.86'>2.86</span>,<span title='原始值：0.03'>0.030</span>,<span title='原始值：0.054'>0.054</span>,<span title='原始值：1.4'>1.40</span>,<span title='原始值：0.013161'>0.013</span>,--
湖北省,长江流域,杨泗港,02-25 09:00,2,<span title='原始值：13.61'>13.6</span>,<span title='原始值：7.979'>7.98</span>,<span title='原始值：9.591'>9.59</span>,<span title='原始值：389.239'>389.2</span>,<span title='原始值：12.28'>12.3</span>,<span title='原始值：1.2279'>1.23</span>,--,<span title='原始值：0.0311'>0.031</span>,<span title='原始值：1.896'>1.90</span>,--,--
湖北省,长江流域,冯集,02-25 09:00,4,<span title='原始值：11.24'>11.2</span>,<span title='原始值：7.92'>7.92</span>,<span title='原始值：9.4184'>9.42</span>,<span title='原始值：269.428'>269.4</span>,<span title='原始值：20.0977'>20.1</span>,<span title='原始值：7.119'>7.12</span>,<span title='原始值：0.3146'>0.315</span>,<span title='原始值：0.1204'>0.120</span>,<span title='原始值：2.492'>2.49</span>,--,--
湖北省,长江流域,龙口,02-25 09:00,2,<span title='原始值：12.67'>12.7</span>,<span title='原始值：7.88'>7.88</span>,<span title='原始值：9.773'>9.77</span>,<span title='原始值：276.25'>276.2</span>,<span title='原始值：16.72'>16.7</span>,<span data-toggle='tooltip' data-placement='right' title='当天质控不合格'>--</span>,<span data-toggle='tooltip' data-placement='right' title='当天质控不合格'>--</span>,<span title='原始值：0.0311'>0.031</span>,<span title='原始值：1.802'>1.80</span>,--,--
湖北省,长江流域,金水闸,02-25 09:00,2,<span title='原始值：15.15'>15.2</span>,<span title='原始值：7.98'>7.98</span>,<span title='原始值：8.198'>8.20</span>,<span title='原始值：338.52'>338.5</span>,<span title='原始值：74.97'>75.0</span>,<span title='原始值：3.53'>3.53</span>,<span title='原始值：0.3024'>0.302</span>,<span title='原始值：0.0564'>0.056</span>,<span title='原始值：1.425'>1.42</span>,--,--
湖北省,长江流域,郭玉,02-25 09:00,3,<span title='原始值：12.271'>12.3</span>,<span title='原始值：7.58'>7.58</span>,<span title='原始值：10.613'>10.61</span>,<span title='原始值：230.05'>230.0</span>,<span title='原始值：59.763'>59.8</span>,<span title='原始值：4.981'>4.98</span>,--,<span title='原始值：0.11'>0.110</span>,<span title='原始值：2.652'>2.65</span>,--,--
湖北省,长江流域,滠口,02-25 08:00,2,<span title='原始值：11.82'>11.8</span>,<span title='原始值：7.72'>7.72</span>,<span title='原始值：8.728'>8.73</span>,<span title='原始值：288.538'>288.5</span>,<span title='原始值：28.95'>29.0</span>,<span title='原始值：3.436'>3.44</span>,<span title='原始值：0.0603'>0.060</span>,<span title='原始值：0.0492'>0.049</span>,<span title='原始值：1.2607'>1.26</span>,--,--
湖北省,长江流域,黄陵大桥,02-25 09:00,3,<span title='原始值：13.32'>13.3</span>,<span title='原始值：7.707'>7.71</span>,<span title='原始值：7.968122'>7.97</span>,<span title='原始值：530.1371'>530.1</span>,<span title='原始值：44.74'>44.7</span>,<span data-toggle='tooltip' data-placement='right' title='当天质控不合格'>--</span>,<span title='原始值：0.2190927'>0.219</span>,<span title='原始值：0.1876889'>0.188</span>,<span title='原始值：3.461936'>3.46</span>,--,--
湖北省,长江流域,太平沙,02-25 09:00,3,<span title='原始值：11.47'>11.5</span>,<span title='原始值：7.91'>7.91</span>,<span title='原始值：8.64'>8.64</span>,<span title='原始值：687.7'>687.7</span>,<span title='原始值：28.83'>28.8</span>,<span title='原始值：4.993'>4.99</span>,<span title='原始值：0.188'>0.188</span>,<span title='原始值：0.107'>0.107</span>,<span title='原始值：3.676'>3.68</span>,--,--
湖北省,长江流域,白浒山,02-25 09:00,2,<span title='原始值：13.45'>13.4</span>,<span title='原始值：8.092037'>8.09</span>,<span title='原始值：10.12011'>10.12</span>,<span title='原始值：433.5547'>433.6</span>,<span title='原始值：12.75571'>12.8</span>,<span title='原始值：1.521253'>1.52</span>,<span title='原始值：0.007307665'>0.007</span>,<span title='原始值：0.0506'>0.051</span>,<span title='原始值：2.06269'>2.06</span>,--,--
湖北省,长江流域,挖沟泵站,02-25 09:00,1,<span title='原始值：12.07529'>12.1</span>,<span title='原始值：7.588198'>7.59</span>,<span title='原始值：10.71532'>10.72</span>,<span title='原始值：627.0847'>627.1</span>,<span title='原始值：22.67656'>22.7</span>,--,--,--,--,--,--
湖北省,长江流域,富池闸,02-25 09:00,2,<span title='原始值：13.13'>13.1</span>,<span title='原始值：7.696344'>7.70</span>,<span title='原始值：8.415451'>8.42</span>,<span title='原始值：342.9995'>343.0</span>,<span title='原始值：16.7957'>16.8</span>,<span title='原始值：1.837607'>1.84</span>,<span title='原始值：0.09739583'>0.097</span>,<span title='原始值：0.05292428'>0.053</span>,<span title='原始值：1.933431'>1.93</span>,--,--
湖北省,长江流域,大冶湖闸,02-25 08:00,2,<span title='原始值：12.3'>12.3</span>,<span title='原始值：7.8'>7.80</span>,<span title='原始值：8.631'>8.63</span>,<span title='原始值：611.32'>611.3</span>,<span title='原始值：8.97'>9.0</span>,<span title='原始值：2.384'>2.38</span>,<span title='原始值：0.0416'>0.042</span>,<span title='原始值：0.0379'>0.038</span>,<span title='原始值：1'>1.00</span>,--,--
湖北省,长江流域,夹河口,02-25 08:00,1,<span title='原始值：10.51'>10.5</span>,<span title='原始值：8.249'>8.25</span>,<span title='原始值：10.439'>10.44</span>,<span title='原始值：371.3985'>371.4</span>,<span title='原始值：1.52'>1.5</span>,<span title='原始值：0.743'>0.74</span>,--,--,<span title='原始值：1.647'>1.65</span>,--,--
湖北省,长江流域,天河口,02-25 08:00,6,<span title='原始值：13'>13.0</span>,<span title='原始值：8.299'>8.30</span>,<span title='原始值：10.53'>10.53</span>,<span title='原始值：432.75'>432.8</span>,<span title='原始值：7.62'>7.6</span>,<span title='原始值：1.5371'>1.54</span>,<span title='原始值：0.2785'>0.278</span>,<span title='原始值：2.1462'>2.146</span>,<span title='原始值：1.975'>1.98</span>,--,--
湖北省,长江流域,焦家院,02-25 09:00,2,<span title='原始值：11.97'>12.0</span>,<span title='原始值：7.922'>7.92</span>,<span title='原始值：9.586'>9.59</span>,<span title='原始值：251.242'>251.2</span>,<span title='原始值：13.786'>13.8</span>,<span title='原始值：2.5672'>2.57</span>,<span title='原始值：0.061'>0.061</span>,<span title='原始值：0.0577'>0.058</span>,<span title='原始值：1.194'>1.19</span>,--,--
湖北省,长江流域,孙家湾,02-25 08:00,2,<span title='原始值：14.19'>14.2</span>,<span title='原始值：7.66'>7.66</span>,<span title='原始值：10.9'>10.90</span>,<span title='原始值：435.54'>435.5</span>,<span title='原始值：2.81'>2.8</span>,<span title='原始值：2.647'>2.65</span>,<span title='原始值：0.0117'>0.012</span>,<span title='原始值：0.0209'>0.021</span>,<span title='原始值：2.723'>2.72</span>,--,--
湖北省,长江流域,浪河口,02-25 08:00,1,<span title='原始值：11.65'>11.6</span>,<span title='原始值：7.75'>7.75</span>,<span title='原始值：12.537'>12.54</span>,<span title='原始值：194.7481'>194.7</span>,<span title='原始值：13.64'>13.6</span>,<span title='原始值：1.758'>1.76</span>,<span title='原始值：0.038'>0.038</span>,<span title='原始值：0.0049'>0.005</span>,<span title='原始值：2.055'>2.06</span>,--,--
湖北省,长江流域,丹江口水库坝上中,02-25 09:00,2,<span title='原始值：10.59'>10.6</span>,<span title='原始值：7.940664'>7.94</span>,<span title='原始值：8.112401'>8.11</span>,<span title='原始值：269.541'>269.5</span>,<span title='原始值：12.9053'>12.9</span>,<span title='原始值：2.05'>2.05</span>,<span title='原始值：0.064'>0.064</span>,<span title='原始值：0.023'>0.023</span>,<span title='原始值：1.2684'>1.27</span>,<span title='原始值：0.002966'>0.003</span>,<span title='原始值：3027000'>3027000</span>
湖北省,长江流域,陈家坡,02-25 08:00,1,<span title='原始值：10.97'>11.0</span>,<span title='原始值：8.34'>8.34</span>,<span title='原始值：12.98'>12.98</span>,<span title='原始值：330.63'>330.6</span>,<span title='原始值：11.22'>11.2</span>,<span title='原始值：1.09'>1.09</span>,<span title='原始值：0.0165'>0.016</span>,<span title='原始值：0.0142'>0.014</span>,<span title='原始值：1.2196'>1.22</span>,--,--
湖北省,长江流域,潘口水库坝上,02-25 09:00,1,<span title='原始值：11.81'>11.8</span>,<span title='原始值：8.52'>8.52</span>,<span title='原始值：13.19'>13.19</span>,<span title='原始值：240.4'>240.4</span>,<span title='原始值：14.6'>14.6</span>,<span title='原始值：1.52'>1.52</span>,<span title='原始值：0.032'>0.032</span>,<span title='原始值：0.015'>0.015</span>,<span title='原始值：0.881'>0.88</span>,--,--
湖北省,长江流域,剑河口,02-25 08:00,2,<span title='原始值：12.88'>12.9</span>,<span title='原始值：8.48'>8.48</span>,<span title='原始值：11.131'>11.13</span>,<span title='原始值：236.15'>236.2</span>,<span title='原始值：2.19'>2.2</span>,<span title='原始值：2.136'>2.14</span>,<span title='原始值：0.0138'>0.014</span>,<span title='原始值：0.0255'>0.026</span>,--,--,--
湖北省,长江流域,东湾桥,02-25 08:00,2,<span title='原始值：10.57'>10.6</span>,<span title='原始值：7.62'>7.62</span>,<span title='原始值：6.905'>6.90</span>,<span title='原始值：550.1701'>550.2</span>,<span title='原始值：7.14'>7.1</span>,<span title='原始值：3.536'>3.54</span>,<span title='原始值：0.0699'>0.070</span>,<span title='原始值：0.0746'>0.075</span>,<span title='原始值：3.985'>3.98</span>,--,--
湖北省,长江流域,玉皇滩,02-25 09:00,1,<span title='原始值：11.26'>11.3</span>,<span title='原始值：8.421'>8.42</span>,<span title='原始值：11.744'>11.74</span>,<span title='原始值：420.7'>420.7</span>,<span title='原始值：5.648'>5.6</span>,<span title='原始值：1.543'>1.54</span>,<span title='原始值：0.0042'>0.004</span>,<span title='原始值：0.017'>0.017</span>,<span title='原始值：2.292'>2.29</span>,--,--
湖北省,长江流域,神定河口,02-25 09:00,3,<span title='原始值：13.3'>13.3</span>,<span title='原始值：7.779'>7.78</span>,<span title='原始值：9.89'>9.89</span>,<span title='原始值：602.768'>602.8</span>,<span title='原始值：6.333'>6.3</span>,<span title='原始值：4.505'>4.50</span>,<span title='原始值：0.414'>0.414</span>,<span title='原始值：0.114'>0.114</span>,<span title='原始值：11.63'>11.63</span>,--,--
湖北省,长江流域,泗河口,02-25 09:00,3,<span title='原始值：12.4'>12.4</span>,<span title='原始值：7.619'>7.62</span>,<span title='原始值：8.528'>8.53</span>,<span title='原始值：745.639'>745.6</span>,<span title='原始值：3.114'>3.1</span>,<span title='原始值：4.368'>4.37</span>,<span title='原始值：0.051'>0.051</span>,<span title='原始值：0.085'>0.085</span>,<span title='原始值：6.365'>6.36</span>,--,--
湖北省,长江流域,王河电站,02-25 08:00,2,<span title='原始值：12.3'>12.3</span>,<span title='原始值：8.05'>8.05</span>,<span title='原始值：10.182'>10.18</span>,<span title='原始值：446.0454'>446.0</span>,<span title='原始值：5.74'>5.7</span>,<span title='原始值：1.288'>1.29</span>,<span title='原始值：0.0634'>0.063</span>,<span title='原始值：0.0311'>0.031</span>,<span title='原始值：1.672'>1.67</span>,--,--
湖北省,长江流域,隔河岩水库坝上,02-25 09:00,2,<span title='原始值：12.09'>12.1</span>,<span title='原始值：8.03'>8.03</span>,<span title='原始值：10.366'>10.37</span>,<span title='原始值：266.45'>266.4</span>,<span title='原始值：1.85'>1.8</span>,<span title='原始值：0.648'>0.65</span>,<span title='原始值：0.0081'>0.008</span>,<span title='原始值：0.0182'>0.018</span>,<span title='原始值：2.677'>2.68</span>,<span title='原始值：0.0434'>0.043</span>,<span title='原始值：2103979'>2103979</span>
湖北省,长江流域,长沙坝,02-25 09:00,2,<span title='原始值：11.522'>11.5</span>,<span title='原始值：8.462'>8.46</span>,<span title='原始值：12.937'>12.94</span>,<span title='原始值：443.885'>443.9</span>,<span title='原始值：1.209'>1.2</span>,<span title='原始值：1.656'>1.66</span>,<span title='原始值：0.01'>0.010</span>,<span title='原始值：0.048'>0.048</span>,<span title='原始值：1.757'>1.76</span>,--,--
湖北省,长江流域,清江大桥,02-25 09:00,2,<span title='原始值：13.72'>13.7</span>,<span title='原始值：7.887'>7.89</span>,<span title='原始值：10.02'>10.02</span>,<span title='原始值：290.127'>290.1</span>,<span title='原始值：1.571'>1.6</span>,<span title='原始值：1.356'>1.36</span>,--,<span title='原始值：0.0216'>0.022</span>,<span title='原始值：2.572'>2.57</span>,--,--
湖北省,长江流域,马渡河,02-25 09:00,2,<span title='原始值：10.54'>10.5</span>,<span title='原始值：7.63'>7.63</span>,<span title='原始值：9.624'>9.62</span>,<span title='原始值：398.6'>398.6</span>,<span title='原始值：3.98'>4.0</span>,<span title='原始值：0.689'>0.69</span>,<span title='原始值：0.0331'>0.033</span>,<span title='原始值：0.0221'>0.022</span>,<span title='原始值：2.225'>2.22</span>,--,--
湖北省,长江流域,铁路大桥（小桂林）,02-25 09:00,2,<span title='原始值：13.08'>13.1</span>,<span title='原始值：8.32'>8.32</span>,<span title='原始值：10.052'>10.05</span>,<span title='原始值：442.5'>442.5</span>,<span title='原始值：8.2'>8.2</span>,<span title='原始值：1.743'>1.74</span>,<span title='原始值：0.0276'>0.028</span>,<span title='原始值：0.0333'>0.033</span>,<span title='原始值：1.965'>1.96</span>,--,--
湖北省,长江流域,两河口（草埠湖水厂）,02-25 08:00,2,<span title='原始值：12.555'>12.6</span>,<span title='原始值：7.8028'>7.80</span>,<span title='原始值：11.5205'>11.52</span>,<span title='原始值：504.0579'>504.1</span>,<span title='原始值：8.1338'>8.1</span>,<span title='原始值：2.23'>2.23</span>,<span title='原始值：0.0602'>0.060</span>,<span title='原始值：0.0493'>0.049</span>,<span title='原始值：2.7456'>2.75</span>,--,--
湖北省,长江流域,桅杆坪,02-25 09:00,1,<span title='原始值：13.5'>13.5</span>,<span title='原始值：7.85'>7.85</span>,<span title='原始值：8.511'>8.51</span>,<span title='原始值：310.89'>310.9</span>,<span title='原始值：3.88'>3.9</span>,--,--,--,--,--,--
湖北省,长江流域,白石港,02-25 09:00,1,<span title='原始值：10.58'>10.6</span>,<span title='原始值：7.8492'>7.85</span>,<span title='原始值：10.286'>10.29</span>,<span title='原始值：328.574'>328.6</span>,<span title='原始值：1.791'>1.8</span>,<span title='原始值：1.78'>1.78</span>,<span title='原始值：0.0097'>0.010</span>,<span title='原始值：0.0063'>0.006</span>,<span title='原始值：1.284'>1.28</span>,--,--
湖北省,长江流域,云池（白洋）,02-25 09:00,2,<span title='原始值：14.49'>14.5</span>,<span title='原始值：8.068'>8.07</span>,<span title='原始值：10.991'>10.99</span>,<span title='原始值：399.97'>400.0</span>,<span title='原始值：4.77'>4.8</span>,<span title='原始值：1.13'>1.13</span>,--,<span title='原始值：0.0278'>0.028</span>,<span title='原始值：1.963'>1.96</span>,--,--
湖北省,长江流域,翟湾,02-25 09:00,4,<span title='原始值：11.56'>11.6</span>,<span title='原始值：8.2763'>8.28</span>,<span title='原始值：10.1971'>10.20</span>,<span title='原始值：559.2382'>559.2</span>,<span title='原始值：22.70699'>22.7</span>,<span title='原始值：6.02'>6.02</span>,<span title='原始值：0.097'>0.097</span>,<span title='原始值：0.093'>0.093</span>,<span title='原始值：5.405'>5.40</span>,--,--
湖北省,长江流域,埠口,02-25 08:00,3,<span title='原始值：12.04318'>12.0</span>,<span title='原始值：7.67262'>7.67</span>,<span title='原始值：9.86193'>9.86</span>,<span title='原始值：532.1639'>532.2</span>,<span title='原始值：39.38396'>39.4</span>,<span data-toggle='tooltip' data-placement='right' title='当天质控不合格'>--</span>,<span title='原始值：0.11454'>0.115</span>,<span title='原始值：0.12792'>0.128</span>,<span title='原始值：3.4943'>3.49</span>,--,--
湖北省,长江流域,张湾,02-25 08:00,3,<span title='原始值：10.66'>10.7</span>,<span title='原始值：8.01'>8.01</span>,<span title='原始值：10.527'>10.53</span>,<span title='原始值：607.8594'>607.9</span>,<span title='原始值：42.98'>43.0</span>,<span title='原始值：4.596'>4.60</span>,<span title='原始值：0.1759'>0.176</span>,<span data-toggle='tooltip' data-placement='right' title='当天质控不合格'>--</span>,<span title='原始值：5.075'>5.08</span>,--,--
湖北省,长江流域,余家湖,02-25 08:00,2,<span title='原始值：13.71'>13.7</span>,<span title='原始值：7.8'>7.80</span>,<span title='原始值：9.683'>9.68</span>,<span title='原始值：292.8552'>292.9</span>,<span title='原始值：3.48'>3.5</span>,<span title='原始值：1.975'>1.98</span>,<span title='原始值：0.0993'>0.099</span>,<span title='原始值：0.0382'>0.038</span>,<span title='原始值：1.545'>1.54</span>,--,--
湖北省,长江流域,聂家滩,02-25 08:00,2,<span title='原始值：11.75'>11.8</span>,<span title='原始值：8.45'>8.45</span>,<span title='原始值：10.82'>10.82</span>,<span title='原始值：337.2789'>337.3</span>,<span title='原始值：25.72'>25.7</span>,<span title='原始值：1.266'>1.27</span>,<span title='原始值：0.0134'>0.013</span>,<span title='原始值：0.0369'>0.037</span>,<span title='原始值：0.936'>0.94</span>,--,--
湖北省,长江流域,汤店,02-25 08:00,4,<span title='原始值：12.96'>13.0</span>,<span title='原始值：8.16'>8.16</span>,<span title='原始值：10.344'>10.34</span>,<span title='原始值：709.7956'>709.8</span>,<span title='原始值：14.21'>14.2</span>,<span title='原始值：6.553'>6.55</span>,<span title='原始值：0.3144'>0.314</span>,<span title='原始值：0.0767'>0.077</span>,<span title='原始值：2.92'>2.92</span>,--,--
湖北省,长江流域,沈湾,02-25 09:00,2,<span title='原始值：10.89'>10.9</span>,<span title='原始值：7.74'>7.74</span>,<span title='原始值：10.77'>10.77</span>,<span title='原始值：315.3'>315.3</span>,<span title='原始值：13.4'>13.4</span>,<span title='原始值：2.14'>2.14</span>,<span title='原始值：0.018'>0.018</span>,<span title='原始值：0.043'>0.043</span>,<span title='原始值：1.454'>1.45</span>,--,--
湖北省,长江流域,朱市,02-25 08:00,3,<span title='原始值：13.29'>13.3</span>,<span title='原始值：8.59'>8.59</span>,<span title='原始值：11.345'>11.34</span>,<span title='原始值：925.6559'>925.7</span>,<span title='原始值：8.19'>8.2</span>,<span title='原始值：3.328'>3.33</span>,<span title='原始值：0.1253'>0.125</span>,<span title='原始值：0.1126'>0.113</span>,<span title='原始值：2.319'>2.32</span>,--,--
湖北省,长江流域,茶庵,02-25 08:00,2,<span title='原始值：13.05'>13.0</span>,<span title='原始值：8.23'>8.23</span>,<span title='原始值：8.76'>8.76</span>,<span title='原始值：370.2995'>370.3</span>,<span title='原始值：16.04'>16.0</span>,<span title='原始值：1.252'>1.25</span>,<span title='原始值：0.0545'>0.054</span>,<span title='原始值：0.0283'>0.028</span>,<span title='原始值：1.543'>1.54</span>,--,--
湖北省,长江流域,马兰河口,02-25 08:00,2,<span title='原始值：11.75'>11.8</span>,<span title='原始值：8.15'>8.15</span>,<span title='原始值：9.32'>9.32</span>,<span title='原始值：407.8'>407.8</span>,<span title='原始值：5.28'>5.3</span>,<span title='原始值：1.606'>1.61</span>,<span title='原始值：0.0592'>0.059</span>,<span title='原始值：0.0301'>0.030</span>,<span title='原始值：2.039'>2.04</span>,--,--
湖北省,长江流域,燕矶,02-25 08:00,2,<span title='原始值：12.95'>13.0</span>,<span title='原始值：7.95'>7.95</span>,<span title='原始值：10.164'>10.16</span>,<span title='原始值：390.63'>390.6</span>,<span title='原始值：13.61'>13.6</span>,<span title='原始值：1.138'>1.14</span>,<span title='原始值：0.0413'>0.041</span>,<span title='原始值：0.046'>0.046</span>,<span title='原始值：1.933'>1.93</span>,--,--
湖北省,长江流域,东梁子湖湖心,02-25 09:00,2,<span title='原始值：10.63'>10.6</span>,<span title='原始值：7.635'>7.64</span>,<span title='原始值：10.521'>10.52</span>,<span title='原始值：200.715'>200.7</span>,<span title='原始值：16.383'>16.4</span>,<span title='原始值：2.869'>2.87</span>,<span title='原始值：0.1617'>0.162</span>,<span title='原始值：0.0208'>0.021</span>,<span title='原始值：0.971'>0.97</span>,--,--
湖北省,长江流域,梁子岛水源(七星),02-25 09:00,2,<span title='原始值：11.9'>11.9</span>,<span title='原始值：7.67453'>7.67</span>,<span title='原始值：10.55761'>10.56</span>,<span title='原始值：192.9191'>192.9</span>,<span title='原始值：19.2314'>19.2</span>,<span title='原始值：2.84921'>2.85</span>,<span title='原始值：0.10231'>0.102</span>,<span title='原始值：0.02051105'>0.021</span>,<span title='原始值：1.334953'>1.33</span>,<span title='原始值：0.02453769'>0.025</span>,<span title='原始值：1.86339E+08'>186339000</span>
湖北省,长江流域,漳河水库库心,02-25 09:00,1,<span title='原始值：10.41'>10.4</span>,<span title='原始值：8.0532'>8.05</span>,<span title='原始值：10.949'>10.95</span>,<span title='原始值：305.4514'>305.5</span>,<span title='原始值：1.0688'>1.1</span>,<span title='原始值：1.387'>1.39</span>,<span title='原始值：0.0247'>0.025</span>,<span title='原始值：0.0011'>0.001</span>,<span title='原始值：0.885'>0.88</span>,<span title='原始值：0.00056'>0.001</span>,--
湖北省,长江流域,转斗,02-25 09:00,2,<span title='原始值：11.24'>11.2</span>,<span title='原始值：8.4191'>8.42</span>,<span title='原始值：11.84'>11.84</span>,<span title='原始值：378.942'>378.9</span>,<span title='原始值：9.5792'>9.6</span>,<span title='原始值：3.238'>3.24</span>,<span title='原始值：0.0345'>0.034</span>,<span title='原始值：0.0363'>0.036</span>,<span title='原始值：1.728'>1.73</span>,--,--
湖北省,长江流域,罗汉闸,02-25 09:00,2,<span title='原始值：11.38'>11.4</span>,<span title='原始值：8.349'>8.35</span>,<span title='原始值：12.025'>12.02</span>,<span title='原始值：279.46'>279.5</span>,<span title='原始值：76.16'>76.2</span>,<span title='原始值：2.0726'>2.07</span>,<span title='原始值：0.016'>0.016</span>,<span title='原始值：0.03619'>0.036</span>,<span title='原始值：1.579'>1.58</span>,--,--
湖北省,长江流域,京山河邓李港,02-25 09:00,3,<span title='原始值：13.22'>13.2</span>,<span title='原始值：8.2398'>8.24</span>,<span title='原始值：9.37'>9.37</span>,<span title='原始值：606.2408'>606.2</span>,<span title='原始值：2.6716'>2.7</span>,<span title='原始值：4.3'>4.30</span>,<span title='原始值：0.1308'>0.131</span>,<span title='原始值：0.1395'>0.140</span>,<span title='原始值：4.286'>4.29</span>,--,--
湖北省,长江流域,马良龚家湾,02-25 09:00,4,<span title='原始值：14.43'>14.4</span>,<span title='原始值：8.1754'>8.18</span>,<span title='原始值：11.0284'>11.03</span>,<span title='原始值：2403.91'>2403.9</span>,<span title='原始值：37.3754'>37.4</span>,<span title='原始值：5.8195'>5.82</span>,<span title='原始值：0.0889'>0.089</span>,<span title='原始值：0.22789'>0.228</span>,<span title='原始值：3.2464'>3.25</span>,--,--
湖北省,长江流域,应城公路桥,02-25 08:00,2,<span title='原始值：11.54'>11.5</span>,<span title='原始值：8.324'>8.32</span>,<span title='原始值：10.959'>10.96</span>,<span title='原始值：545.73'>545.7</span>,<span title='原始值：9.6646'>9.7</span>,<span title='原始值：2.56'>2.56</span>,--,<span title='原始值：0.0183'>0.018</span>,<span title='原始值：0.423'>0.42</span>,--,--
湖北省,长江流域,田店泵站,02-25 09:00,2,<span title='原始值：11.72'>11.7</span>,<span title='原始值：8.24'>8.24</span>,<span title='原始值：9.932'>9.93</span>,<span title='原始值：501.58'>501.6</span>,<span title='原始值：11.648'>11.6</span>,<span title='原始值：2.17827'>2.18</span>,<span title='原始值：0.02492'>0.025</span>,<span title='原始值：0.03499'>0.035</span>,<span title='原始值：0.38226'>0.38</span>,--,--
湖北省,长江流域,垌冢桥,02-25 09:00,2,<span title='原始值：11.593'>11.6</span>,<span title='原始值：7.862'>7.86</span>,<span title='原始值：10.755'>10.76</span>,<span title='原始值：428.151'>428.2</span>,<span title='原始值：6.423'>6.4</span>,<span title='原始值：2.363'>2.36</span>,<span title='原始值：0.059'>0.059</span>,<span title='原始值：0.05'>0.050</span>,<span title='原始值：1.833'>1.83</span>,--,--
湖北省,长江流域,新沟闸,02-25 09:00,3,<span title='原始值：12.05'>12.0</span>,<span title='原始值：7.95'>7.95</span>,<span title='原始值：9.04'>9.04</span>,<span title='原始值：727.73'>727.7</span>,<span title='原始值：25.17'>25.2</span>,<span title='原始值：4.565'>4.56</span>,<span title='原始值：0.236'>0.236</span>,<span title='原始值：0.1101'>0.110</span>,<span title='原始值：2.449'>2.45</span>,--,--
湖北省,长江流域,小河,02-25 09:00,2,<span title='原始值：12.81'>12.8</span>,<span title='原始值：8.38'>8.38</span>,<span title='原始值：10.88'>10.88</span>,<span title='原始值：324.97'>325.0</span>,<span title='原始值：27.27'>27.3</span>,<span title='原始值：3.24'>3.24</span>,<span title='原始值：0.041'>0.041</span>,<span title='原始值：0.042'>0.042</span>,<span title='原始值：1.605'>1.60</span>,--,--
湖北省,长江流域,孝昌王店,02-25 09:00,3,<span title='原始值：11.77'>11.8</span>,<span title='原始值：8.5202'>8.52</span>,<span title='原始值：11.114'>11.11</span>,<span title='原始值：427.15'>427.2</span>,<span title='原始值：13.0679'>13.1</span>,<span data-toggle='tooltip' data-placement='right' title='当天质控不合格'>--</span>,<span title='原始值：0.1016'>0.102</span>,<span title='原始值：0.1091'>0.109</span>,<span title='原始值：2.8048'>2.80</span>,--,--
湖北省,长江流域,孝感河口大桥,02-25 08:00,-1,--,--,--,--,--,<span data-toggle='tooltip' data-placement='right' title='当天质控不合格'>--</span>,<span data-toggle='tooltip' data-placement='right' title='当天质控不合格'>--</span>,<span data-toggle='tooltip' data-placement='right' title='当天质控不合格'>--</span>,<span data-toggle='tooltip' data-placement='right' title='当天质控不合格'>--</span>,--,--
湖北省,长江流域,大悟河口,02-25 09:00,2,<span title='原始值：11.27'>11.3</span>,<span title='原始值：7.6'>7.60</span>,<span title='原始值：9.92'>9.92</span>,<span title='原始值：271.9'>271.9</span>,<span title='原始值：8.59'>8.6</span>,<span title='原始值：3.78'>3.78</span>,<span title='原始值：0.084'>0.084</span>,<span title='原始值：0.035'>0.035</span>,<span title='原始值：0.9288'>0.93</span>,--,--
湖北省,长江流域,安陆桑树,02-25 09:00,1,<span title='原始值：12.9'>12.9</span>,<span title='原始值：8.1233'>8.12</span>,<span title='原始值：11.576'>11.58</span>,<span title='原始值：461.6'>461.6</span>,<span title='原始值：3.7579'>3.8</span>,<span title='原始值：1.59087'>1.59</span>,<span title='原始值：0.01214'>0.012</span>,<span title='原始值：0.00894'>0.009</span>,<span title='原始值：0.30102'>0.30</span>,--,--
湖北省,长江流域,隔蒲桥（隔卜桥）,02-25 09:00,3,<span title='原始值：12.7'>12.7</span>,<span title='原始值：7.8296'>7.83</span>,<span title='原始值：9.2'>9.20</span>,<span title='原始值：533.99'>534.0</span>,<span title='原始值：18.893'>18.9</span>,<span title='原始值：4.99'>4.99</span>,<span title='原始值：0.292'>0.292</span>,<span title='原始值：0.0852'>0.085</span>,<span title='原始值：4.2304'>4.23</span>,--,--
湖北省,长江流域,汉川新堰,02-25 09:00,3,<span title='原始值：14.12'>14.1</span>,<span title='原始值：8.0808'>8.08</span>,<span title='原始值：10.602'>10.60</span>,<span title='原始值：461.03'>461.0</span>,<span title='原始值：28.05'>28.0</span>,<span title='原始值：4.464'>4.46</span>,<span title='原始值：0.014'>0.014</span>,<span title='原始值：0.0764'>0.076</span>,<span title='原始值：2.382'>2.38</span>,--,--
湖北省,长江流域,杨柴湖,02-25 09:00,4,<span title='原始值：12.4'>12.4</span>,<span title='原始值：7.71'>7.71</span>,<span title='原始值：7.13'>7.13</span>,<span title='原始值：453.6'>453.6</span>,<span title='原始值：96.2'>96.2</span>,<span title='原始值：7.726'>7.73</span>,<span title='原始值：0.1283'>0.128</span>,<span title='原始值：0.0789'>0.079</span>,<span title='原始值：1.361'>1.36</span>,<span title='原始值：0.00782'>0.008</span>,<span title='原始值：4254903'>4254903</span>
湖北省,长江流域,排水闸,02-25 09:00,4,<span title='原始值：12.71'>12.7</span>,<span title='原始值：8.0527'>8.05</span>,<span title='原始值：8.089'>8.09</span>,<span title='原始值：443.0509'>443.1</span>,<span title='原始值：109.7759'>109.8</span>,<span title='原始值：4.505'>4.50</span>,<span title='原始值：0.0243'>0.024</span>,<span title='原始值：0.0692'>0.069</span>,<span title='原始值：1.606'>1.61</span>,<span title='原始值：0.00133'>0.001</span>,<span title='原始值：1.893967E+07'>18939670</span>
湖北省,长江流域,观音寺,02-25 09:00,2,<span title='原始值：14.24'>14.2</span>,<span title='原始值：8.1'>8.10</span>,<span title='原始值：9.7'>9.70</span>,<span title='原始值：422.36'>422.4</span>,<span title='原始值：5.61'>5.6</span>,<span title='原始值：0.837'>0.84</span>,<span title='原始值：0.0079'>0.008</span>,<span title='原始值：0.039'>0.039</span>,<span title='原始值：1.795'>1.80</span>,--,--
湖北省,长江流域,新刘家台,02-25 09:00,2,<span title='原始值：11.648'>11.6</span>,<span title='原始值：8.069'>8.07</span>,<span title='原始值：9.634'>9.63</span>,<span title='原始值：361.093'>361.1</span>,<span title='原始值：7.73'>7.7</span>,<span title='原始值：3.523'>3.52</span>,<span title='原始值：0.078'>0.078</span>,<span title='原始值：0.045'>0.045</span>,<span title='原始值：2.187'>2.19</span>,--,--
湖北省,长江流域,荆州河口,02-25 09:00,2,<span title='原始值：14.1'>14.1</span>,<span title='原始值：7.8997'>7.90</span>,<span title='原始值：10.6622'>10.66</span>,<span title='原始值：552.1635'>552.2</span>,<span title='原始值：223.097'>223.1</span>,<span title='原始值：2.3253'>2.33</span>,--,<span title='原始值：0.0244'>0.024</span>,<span title='原始值：2.1257'>2.13</span>,--,--
湖北省,长江流域,康家岗,02-25 09:00,2,<span title='原始值：13.27'>13.3</span>,<span title='原始值：8.064'>8.06</span>,<span title='原始值：11.219'>11.22</span>,<span title='原始值：436.045'>436.0</span>,<span title='原始值：11.6123'>11.6</span>,<span title='原始值：2.252'>2.25</span>,<span title='原始值：0.0025'>0.002</span>,<span title='原始值：0.0202'>0.020</span>,<span title='原始值：1.2837'>1.28</span>,--,--
湖北省,长江流域,新河村,02-25 09:00,3,<span title='原始值：12.6055'>12.6</span>,<span title='原始值：7.6809'>7.68</span>,<span title='原始值：7.7453'>7.75</span>,<span title='原始值：449.8048'>449.8</span>,<span title='原始值：19.3911'>19.4</span>,<span title='原始值：4.2985'>4.30</span>,<span title='原始值：0.3599'>0.360</span>,<span title='原始值：0.1009'>0.101</span>,<span title='原始值：2.561'>2.56</span>,--,--
湖北省,长江流域,新滩,02-25 09:00,3,<span title='原始值：12.844'>12.8</span>,<span title='原始值：7.94'>7.94</span>,<span title='原始值：8.917'>8.92</span>,<span title='原始值：477.302'>477.3</span>,<span title='原始值：43.221'>43.2</span>,<span title='原始值：3.797'>3.80</span>,<span title='原始值：0.279'>0.279</span>,<span title='原始值：0.125'>0.125</span>,<span title='原始值：3.057'>3.06</span>,--,--
湖北省,长江流域,淤泥湖,02-25 09:00,2,<span title='原始值：13.7'>13.7</span>,<span title='原始值：8.4'>8.40</span>,<span title='原始值：11.22'>11.22</span>,<span title='原始值：473.5'>473.5</span>,<span title='原始值：7.5'>7.5</span>,<span data-toggle='tooltip' data-placement='right' title='当天质控不合格'>--</span>,--,<span title='原始值：0.0514'>0.051</span>,<span title='原始值：1.802'>1.80</span>,--,--
湖北省,长江流域,杨家垱,02-25 09:00,2,<span title='原始值：11.77'>11.8</span>,<span title='原始值：8.32'>8.32</span>,<span title='原始值：10.26'>10.26</span>,<span title='原始值：453.29'>453.3</span>,<span title='原始值：10.57'>10.6</span>,<span title='原始值：0.81'>0.81</span>,<span title='原始值：0.011'>0.011</span>,<span title='原始值：0.048'>0.048</span>,<span title='原始值：1.761'>1.76</span>,--,--
湖北省,长江流域,调关,02-25 09:00,2,<span title='原始值：14.69'>14.7</span>,<span title='原始值：8.228'>8.23</span>,<span title='原始值：9.8968'>9.90</span>,<span title='原始值：381.55'>381.6</span>,<span title='原始值：5.3109'>5.3</span>,<span title='原始值：1.4519'>1.45</span>,<span title='原始值：0.0852'>0.085</span>,<span title='原始值：0.0446'>0.045</span>,<span title='原始值：2.2655'>2.27</span>,--,--
湖北省,长江流域,砖瓦厂,02-25 09:00,2,<span title='原始值：14.51'>14.5</span>,<span title='原始值：8.2306'>8.23</span>,<span title='原始值：10.2067'>10.21</span>,<span title='原始值：430.8756'>430.9</span>,<span title='原始值：15.5031'>15.5</span>,<span title='原始值：1.0709'>1.07</span>,<span title='原始值：0.0005'>0.0005</span>,<span title='原始值：0.0809'>0.081</span>,<span title='原始值：2.2501'>2.25</span>,--,--
湖北省,长江流域,三兴公,02-25 08:00,3,<span title='原始值：13.998'>14.0</span>,<span title='原始值：7.925'>7.92</span>,<span title='原始值：12.452'>12.45</span>,<span title='原始值：703.497'>703.5</span>,<span title='原始值：9.262'>9.3</span>,<span title='原始值：4.291'>4.29</span>,<span title='原始值：0.044'>0.044</span>,<span title='原始值：0.047'>0.047</span>,<span title='原始值：1.134'>1.13</span>,--,--
湖北省,长江流域,东关桥,02-25 09:00,2,<span title='原始值：14.1'>14.1</span>,<span title='原始值：8.1'>8.10</span>,<span title='原始值：8.72'>8.72</span>,<span title='原始值：491.2'>491.2</span>,<span title='原始值：28.4'>28.4</span>,<span title='原始值：2.6128'>2.61</span>,<span title='原始值：0.0942'>0.094</span>,<span title='原始值：0.0622'>0.062</span>,<span title='原始值：3.5499'>3.55</span>,--,--
湖北省,长江流域,姚集,02-25 09:00,2,<span title='原始值：14.2'>14.2</span>,<span title='原始值：8.02'>8.02</span>,<span title='原始值：9.56'>9.56</span>,<span title='原始值：467.8'>467.8</span>,<span title='原始值：15'>15.0</span>,<span title='原始值：1.512'>1.51</span>,<span title='原始值：0.0394'>0.039</span>,<span title='原始值：0.0565'>0.056</span>,<span title='原始值：2.228'>2.23</span>,--,--
湖北省,长江流域,乌溪沟,02-25 09:00,2,<span title='原始值：14.06985'>14.1</span>,<span title='原始值：8.595485'>8.60</span>,<span title='原始值：11.48014'>11.48</span>,<span title='原始值：361.9104'>361.9</span>,<span title='原始值：5.402566'>5.4</span>,<span title='原始值：1.10775'>1.11</span>,<span title='原始值：0.034118'>0.034</span>,<span title='原始值：0.07267'>0.073</span>,<span title='原始值：2.290515'>2.29</span>,--,--
湖北省,长江流域,白莲河水库坝上,02-25 09:00,2,<span title='原始值：11.027'>11.0</span>,<span title='原始值：7.57'>7.57</span>,<span title='原始值：9.442'>9.44</span>,<span title='原始值：131.6'>131.6</span>,<span title='原始值：6.569'>6.6</span>,<span data-toggle='tooltip' data-placement='right' title='当天质控不合格'>--</span>,<span title='原始值：0.01'>0.010</span>,<span title='原始值：0.023'>0.023</span>,<span title='原始值：0.558'>0.56</span>,<span title='原始值：0.004527'>0.005</span>,<span title='原始值：4.632527E+07'>46325270</span>
湖北省,长江流域,巴河镇河口,02-25 09:00,2,<span title='原始值：11.095'>11.1</span>,<span title='原始值：7.331'>7.33</span>,<span title='原始值：12.115'>12.12</span>,<span title='原始值：309.433'>309.4</span>,<span title='原始值：50.774'>50.8</span>,<span title='原始值：3.966'>3.97</span>,<span title='原始值：0.478'>0.478</span>,<span title='原始值：0.048'>0.048</span>,<span title='原始值：2.472'>2.47</span>,--,--
湖北省,长江流域,兰溪大桥,02-25 09:00,3,<span title='原始值：12.148'>12.1</span>,<span title='原始值：7.96'>7.96</span>,<span title='原始值：11.519'>11.52</span>,<span title='原始值：247.841'>247.8</span>,<span title='原始值：22.498'>22.5</span>,<span title='原始值：5.718'>5.72</span>,<span title='原始值：0.517'>0.517</span>,<span title='原始值：0.104'>0.104</span>,<span title='原始值：3.494'>3.49</span>,--,--
湖北省,长江流域,中官铺,02-25 09:00,2,<span title='原始值：13.075'>13.1</span>,<span title='原始值：7.98'>7.98</span>,<span title='原始值：9.801'>9.80</span>,<span title='原始值：392.541'>392.5</span>,<span title='原始值：14.488'>14.5</span>,<span title='原始值：1.135'>1.14</span>,<span title='原始值：0.047'>0.047</span>,<span title='原始值：0.053'>0.053</span>,<span title='原始值：2.09'>2.09</span>,--,--
湖北省,长江流域,蕲春县八里湖,02-25 08:00,3,<span title='原始值：13.08'>13.1</span>,<span title='原始值：7.56'>7.56</span>,<span title='原始值：10.153'>10.15</span>,<span title='原始值：222.1121'>222.1</span>,<span title='原始值：22.23'>22.2</span>,<span title='原始值：4.369'>4.37</span>,<span title='原始值：0.1511'>0.151</span>,<span title='原始值：0.0939'>0.094</span>,<span title='原始值：2.308'>2.31</span>,--,--
湖北省,长江流域,咸宁湖心,02-25 09:00,6,<span title='原始值：12.04'>12.0</span>,<span title='原始值：9.79'>9.79</span>,<span title='原始值：12.693'>12.69</span>,<span title='原始值：227.399'>227.4</span>,<span title='原始值：7.373'>7.4</span>,<span title='原始值：9.038'>9.04</span>,<span title='原始值：0.0433'>0.043</span>,<span title='原始值：0.0101'>0.010</span>,<span title='原始值：0.773'>0.77</span>,<span title='原始值：0.00304'>0.003</span>,<span title='原始值：337561.6'>337562</span>
湖北省,长江流域,富水水库,02-25 08:00,2,<span title='原始值：11.42'>11.4</span>,<span title='原始值：7.81'>7.81</span>,<span title='原始值：9.889'>9.89</span>,<span title='原始值：339.0963'>339.1</span>,<span title='原始值：3.27'>3.3</span>,<span title='原始值：1.744'>1.74</span>,--,<span title='原始值：0.0121'>0.012</span>,<span title='原始值：0.878'>0.88</span>,<span title='原始值：0.01514'>0.015</span>,<span title='原始值：9078000'>9078000</span>
湖北省,长江流域,窑嘴大桥,02-25 08:00,4,<span title='原始值：12.05'>12.0</span>,<span title='原始值：7.05'>7.05</span>,<span title='原始值：4.246'>4.25</span>,<span title='原始值：352.6151'>352.6</span>,<span title='原始值：16.1'>16.1</span>,<span title='原始值：2.36'>2.36</span>,<span title='原始值：0.2869'>0.287</span>,<span title='原始值：0.1654'>0.165</span>,<span title='原始值：4.301'>4.30</span>,--,--
湖北省,长江流域,陆溪口,02-25 09:00,3,<span title='原始值：11.19'>11.2</span>,<span title='原始值：7.64'>7.64</span>,<span title='原始值：8.039'>8.04</span>,<span title='原始值：384.7'>384.7</span>,<span title='原始值：14.21'>14.2</span>,<span title='原始值：2.775'>2.78</span>,<span title='原始值：0.7604'>0.760</span>,<span title='原始值：0.0877'>0.088</span>,<span title='原始值：2.254'>2.25</span>,--,--
湖北省,长江流域,洪下水文站,02-25 09:00,3,<span title='原始值：13.98'>14.0</span>,<span title='原始值：7.93'>7.93</span>,<span title='原始值：8.711'>8.71</span>,<span title='原始值：321.6'>321.6</span>,<span title='原始值：9.24'>9.2</span>,<span title='原始值：1.517'>1.52</span>,<span title='原始值：0.9332'>0.933</span>,<span title='原始值：0.0699'>0.070</span>,<span title='原始值：2.78'>2.78</span>,--,--
湖北省,长江流域,厉山,02-25 08:00,3,<span title='原始值：11.94'>11.9</span>,<span title='原始值：7.42'>7.42</span>,<span title='原始值：7.302'>7.30</span>,<span title='原始值：454.207'>454.2</span>,<span title='原始值：3.26'>3.3</span>,<span title='原始值：4.879'>4.88</span>,<span title='原始值：0.0436'>0.044</span>,<span title='原始值：0.1268'>0.127</span>,<span title='原始值：3.9535'>3.95</span>,--,--
湖北省,长江流域,平林,02-25 09:00,4,<span title='原始值：11.23'>11.2</span>,<span title='原始值：7.786'>7.79</span>,<span title='原始值：9.016'>9.02</span>,<span title='原始值：450.669'>450.7</span>,<span title='原始值：12.217'>12.2</span>,<span title='原始值：6.967'>6.97</span>,<span title='原始值：0.2463'>0.246</span>,<span title='原始值：0.0759'>0.076</span>,<span title='原始值：2.259'>2.26</span>,--,--
湖北省,长江流域,涢水大桥,02-25 08:00,3,<span title='原始值：12.69'>12.7</span>,<span title='原始值：8.83'>8.83</span>,<span title='原始值：14.441'>14.44</span>,<span title='原始值：414.5114'>414.5</span>,<span title='原始值：8.74'>8.7</span>,<span title='原始值：5.238'>5.24</span>,<span title='原始值：0.0814'>0.081</span>,<span title='原始值：0.1084'>0.108</span>,<span title='原始值：1.6984'>1.70</span>,--,--
湖北省,长江流域,江口村,02-25 08:00,1,<span title='原始值：13.99'>14.0</span>,<span title='原始值：8.21'>8.21</span>,<span title='原始值：10.295'>10.30</span>,<span title='原始值：233.92'>233.9</span>,<span title='原始值：16.301'>16.3</span>,<span title='原始值：1.039'>1.04</span>,<span title='原始值：0.0319'>0.032</span>,<span title='原始值：0.0095'>0.010</span>,<span title='原始值：0.962'>0.96</span>,--,--
湖北省,长江流域,恩施大沙坝,02-25 09:00,3,<span title='原始值：13.59'>13.6</span>,<span title='原始值：7.3329'>7.33</span>,<span title='原始值：7.96'>7.96</span>,<span title='原始值：424.72'>424.7</span>,<span title='原始值：3.7'>3.7</span>,<span title='原始值：1.923'>1.92</span>,<span title='原始值：0.385'>0.385</span>,<span title='原始值：0.19'>0.190</span>,<span title='原始值：4.302'>4.30</span>,--,--
湖北省,长江流域,雪照河（七要口）,02-25 09:00,2,<span title='原始值：12.13'>12.1</span>,<span title='原始值：8.041'>8.04</span>,<span title='原始值：10.12'>10.12</span>,<span title='原始值：461.82'>461.8</span>,<span title='原始值：1.768'>1.8</span>,<span title='原始值：1.16'>1.16</span>,<span title='原始值：0.0138'>0.014</span>,<span title='原始值：0.0954'>0.095</span>,<span title='原始值：4.009'>4.01</span>,--,--
湖北省,长江流域,周家坝,02-25 09:00,1,<span title='原始值：11.32'>11.3</span>,<span title='原始值：7.6456'>7.65</span>,<span title='原始值：9.573'>9.57</span>,<span title='原始值：249.21'>249.2</span>,<span title='原始值：2.606'>2.6</span>,<span title='原始值：0.784'>0.78</span>,<span title='原始值：0.0044'>0.004</span>,<span title='原始值：0.0151'>0.015</span>,<span title='原始值：2.173'>2.17</span>,--,--
湖北省,长江流域,百福司镇,02-25 09:00,1,<span title='原始值：10.889'>10.9</span>,<span title='原始值：7.402'>7.40</span>,<span title='原始值：10.344'>10.34</span>,<span title='原始值：258.889'>258.9</span>,<span title='原始值：11.191'>11.2</span>,<span title='原始值：0.076'>0.08</span>,<span title='原始值：0.022'>0.022</span>,<span title='原始值：0.02'>0.020</span>,<span title='原始值：1.278'>1.28</span>,--,--
湖北省,长江流域,长顺乡,02-25 09:00,1,<span title='原始值：11.414'>11.4</span>,<span title='原始值：7.62'>7.62</span>,<span title='原始值：10.351'>10.35</span>,<span title='原始值：251.061'>251.1</span>,<span title='原始值：1.5337'>1.5</span>,<span title='原始值：0.845'>0.84</span>,<span title='原始值：0.016'>0.016</span>,<span title='原始值：0.014'>0.014</span>,<span title='原始值：1.583'>1.58</span>,--,--
湖北省,长江流域,黄腊石,02-25 07:00,2,<span title='原始值：14.308'>14.3</span>,<span title='原始值：7.656'>7.66</span>,<span title='原始值：9.373'>9.37</span>,<span title='原始值：430.405'>430.4</span>,<span title='原始值：1.583'>1.6</span>,<span title='原始值：1.531'>1.53</span>,<span title='原始值：0.00055'>0.001</span>,<span title='原始值：0.03857'>0.039</span>,<span title='原始值：1.672'>1.67</span>,--,--
湖北省,长江流域,积玉口荷花村,02-25 08:00,3,<span title='原始值：11.48'>11.5</span>,<span title='原始值：7.6506'>7.65</span>,<span title='原始值：8.377'>8.38</span>,<span title='原始值：385.6308'>385.6</span>,<span title='原始值：23.3885'>23.4</span>,<span title='原始值：4.2948'>4.29</span>,<span title='原始值：0.1694'>0.169</span>,<span title='原始值：0.1537'>0.154</span>,<span title='原始值：2.164'>2.16</span>,--,--
湖北省,长江流域,潜江大桥,02-25 08:00,2,<span title='原始值：11.01'>11.0</span>,<span title='原始值：8.56'>8.56</span>,<span title='原始值：11.146'>11.15</span>,<span title='原始值：325.1182'>325.1</span>,<span title='原始值：11.11'>11.1</span>,<span title='原始值：1.989'>1.99</span>,<span title='原始值：0.0349'>0.035</span>,<span title='原始值：0.0309'>0.031</span>,<span title='原始值：1.582'>1.58</span>,--,--
湖北省,长江流域,运粮湖同心队,02-25 09:00,3,<span title='原始值：13.81'>13.8</span>,<span title='原始值：8.07'>8.07</span>,<span title='原始值：8.62'>8.62</span>,<span title='原始值：492.2'>492.2</span>,<span title='原始值：33.05'>33.0</span>,<span title='原始值：4.002'>4.00</span>,<span title='原始值：0.42'>0.420</span>,<span title='原始值：0.11'>0.110</span>,<span title='原始值：2.467'>2.47</span>,--,--
湖北省,长江流域,岳口,02-25 08:00,2,<span title='原始值：11.6'>11.6</span>,<span title='原始值：8.47'>8.47</span>,<span title='原始值：11'>11.00</span>,<span title='原始值：316.6'>316.6</span>,<span title='原始值：6.67'>6.7</span>,<span title='原始值：2.7967'>2.80</span>,<span title='原始值：0.0232'>0.023</span>,<span title='原始值：0.0447'>0.045</span>,<span title='原始值：1.575'>1.58</span>,--,--
湖北省,长江流域,拖市,02-25 09:00,2,<span title='原始值：13.13'>13.1</span>,<span title='原始值：7.558'>7.56</span>,<span title='原始值：11.973'>11.97</span>,<span title='原始值：757.1'>757.1</span>,<span title='原始值：9.924'>9.9</span>,<span title='原始值：3.4129'>3.41</span>,--,<span title='原始值：0.0299'>0.030</span>,<span title='原始值：2.3022'>2.30</span>,--,--
湖北省,长江流域,阳日湾,02-25 08:00,-1,--,--,--,--,--,--,--,--,--,--,--
湖南省,长江流域,昭山,02-25 07:00,2,<span title='原始值：13.5'>13.5</span>,<span title='原始值：6.6'>6.60</span>,<span title='原始值：9.35'>9.35</span>,--,<span title='原始值：1.7'>1.7</span>,<span title='原始值：1.303'>1.30</span>,<span title='原始值：0.102'>0.102</span>,<span title='原始值：0.053'>0.053</span>,<span title='原始值：1.84'>1.84</span>,--,--
湖南省,长江流域,捞刀河口,02-25 08:00,3,<span title='原始值：12.62'>12.6</span>,<span title='原始值：7.41'>7.41</span>,<span title='原始值：8.577'>8.58</span>,<span title='原始值：248.3'>248.3</span>,<span title='原始值：25.9474'>25.9</span>,<span title='原始值：3.733'>3.73</span>,<span title='原始值：0.2537'>0.254</span>,<span title='原始值：0.1086'>0.109</span>,<span title='原始值：2.582'>2.58</span>,--,--
湖南省,长江流域,三角洲,02-25 09:00,4,<span title='原始值：13.9'>13.9</span>,<span title='原始值：6.928'>6.93</span>,<span title='原始值：4.3'>4.30</span>,<span title='原始值：321.83'>321.8</span>,<span title='原始值：14.65'>14.6</span>,<span title='原始值：3.24'>3.24</span>,<span title='原始值：1.259'>1.259</span>,<span title='原始值：0.206'>0.206</span>,<span title='原始值：5.812'>5.81</span>,--,--
湖南省,长江流域,桔子洲,02-25 08:00,2,<span title='原始值：11.62'>11.6</span>,<span title='原始值：7.61'>7.61</span>,<span title='原始值：8.617'>8.62</span>,<span title='原始值：257.3541'>257.4</span>,<span title='原始值：8.06'>8.1</span>,<span title='原始值：1.014'>1.01</span>,<span title='原始值：0.159'>0.159</span>,<span title='原始值：0.0571'>0.057</span>,<span title='原始值：1.994'>1.99</span>,--,--
湖南省,长江流域,湘东沿塘,02-25 08:00,2,<span title='原始值：16.746'>16.7</span>,<span title='原始值：7.266'>7.27</span>,<span title='原始值：8.191'>8.19</span>,<span title='原始值：109.954'>110.0</span>,<span title='原始值：8.954'>9.0</span>,<span title='原始值：2.213'>2.21</span>,<span title='原始值：0.071'>0.071</span>,<span title='原始值：0.07'>0.070</span>,<span title='原始值：2.33'>2.33</span>,--,--
湖南省,长江流域,马家河（霞湾）,02-25 09:00,2,<span title='原始值：12.94'>12.9</span>,<span title='原始值：7.768'>7.77</span>,<span title='原始值：10.018'>10.02</span>,<span title='原始值：314.94'>314.9</span>,<span title='原始值：0.82'>0.8</span>,<span title='原始值：1.654'>1.65</span>,<span title='原始值：0.1698'>0.170</span>,<span title='原始值：0.0628'>0.063</span>,<span title='原始值：2.262'>2.26</span>,--,--
湖南省,长江流域,渌水入河口,02-25 09:00,3,<span title='原始值：13.14'>13.1</span>,<span title='原始值：7.59'>7.59</span>,<span title='原始值：7.71'>7.71</span>,<span title='原始值：366.8'>366.8</span>,<span title='原始值：2.17'>2.2</span>,<span title='原始值：2.3529'>2.35</span>,<span title='原始值：0.0066'>0.007</span>,<span title='原始值：0.1132'>0.113</span>,<span title='原始值：3.5297'>3.53</span>,--,--
湖南省,长江流域,涟水入河口,02-25 09:00,2,<span title='原始值：14.06'>14.1</span>,<span title='原始值：8.3917'>8.39</span>,<span title='原始值：11.146'>11.15</span>,<span title='原始值：415.42'>415.4</span>,<span title='原始值：13.48'>13.5</span>,<span title='原始值：2.767'>2.77</span>,<span title='原始值：0.0869'>0.087</span>,<span title='原始值：0.0703'>0.070</span>,<span title='原始值：2.49'>2.49</span>,--,--
湖南省,长江流域,西阳渡口,02-25 09:00,2,<span title='原始值：14.56'>14.6</span>,<span title='原始值：7.62'>7.62</span>,<span title='原始值：7.302'>7.30</span>,<span title='原始值：529.72'>529.7</span>,<span title='原始值：110.793'>110.8</span>,<span title='原始值：2.354'>2.35</span>,<span title='原始值：0.3322'>0.332</span>,<span title='原始值：0.0492'>0.049</span>,<span title='原始值：3.158'>3.16</span>,--,--
湖南省,长江流域,归阳镇,02-25 09:00,2,<span title='原始值：13.6'>13.6</span>,<span title='原始值：8.016'>8.02</span>,<span title='原始值：10.739'>10.74</span>,<span title='原始值：206.3'>206.3</span>,<span title='原始值：1.35'>1.4</span>,<span title='原始值：1.105'>1.10</span>,--,<span title='原始值：0.0217'>0.022</span>,<span title='原始值：1.15'>1.15</span>,--,--
湖南省,长江流域,舂陵水入湘江口,02-25 09:00,2,<span title='原始值：13.4746'>13.5</span>,<span title='原始值：8.4324'>8.43</span>,<span title='原始值：12.2802'>12.28</span>,<span title='原始值：330.2762'>330.3</span>,<span title='原始值：5.2157'>5.2</span>,<span title='原始值：1.3656'>1.37</span>,<span title='原始值：0.0153'>0.015</span>,<span title='原始值：0.0589'>0.059</span>,<span title='原始值：1.4534'>1.45</span>,--,--
湖南省,长江流域,耒水入湘江口,02-25 09:00,2,<span title='原始值：13.3341'>13.3</span>,<span title='原始值：7.6655'>7.67</span>,<span title='原始值：8.9685'>8.97</span>,<span title='原始值：283.6132'>283.6</span>,<span title='原始值：1.8968'>1.9</span>,<span title='原始值：1.5543'>1.55</span>,<span title='原始值：0.0926'>0.093</span>,<span title='原始值：0.0777'>0.078</span>,<span title='原始值：2.157'>2.16</span>,--,--
湖南省,长江流域,熬洲,02-25 08:00,2,<span title='原始值：12.53'>12.5</span>,<span title='原始值：8.0621'>8.06</span>,<span title='原始值：10.3689'>10.37</span>,<span title='原始值：258.0389'>258.0</span>,<span title='原始值：3.536'>3.5</span>,<span title='原始值：1.186'>1.19</span>,<span title='原始值：0.096'>0.096</span>,<span title='原始值：0.033'>0.033</span>,<span data-toggle='tooltip' data-placement='right' title='当天质控不合格'>--</span>,--,--
湖南省,长江流域,大河滩,02-25 09:00,2,<span title='原始值：14.35'>14.4</span>,<span title='原始值：7.159'>7.16</span>,<span title='原始值：7.511'>7.51</span>,<span title='原始值：214.16'>214.2</span>,<span title='原始值：2.24'>2.2</span>,<span title='原始值：0.886'>0.89</span>,<span title='原始值：0.1515'>0.152</span>,<span title='原始值：0.0546'>0.055</span>,<span title='原始值：1.718'>1.72</span>,--,--
湖南省,长江流域,草市镇,02-25 09:00,2,<span title='原始值：13.2118'>13.2</span>,<span title='原始值：7.3071'>7.31</span>,<span title='原始值：9.4423'>9.44</span>,<span title='原始值：188.6486'>188.6</span>,<span title='原始值：4.3612'>4.4</span>,<span title='原始值：1.774'>1.77</span>,<span title='原始值：0.1409'>0.141</span>,<span title='原始值：0.0455'>0.046</span>,<span title='原始值：1.856'>1.86</span>,--,--
湖南省,长江流域,洣水入湘江口,02-25 09:00,2,<span title='原始值：12.145'>12.1</span>,<span title='原始值：7.2102'>7.21</span>,<span title='原始值：10.271'>10.27</span>,<span title='原始值：194.07'>194.1</span>,<span title='原始值：3.72'>3.7</span>,<span data-toggle='tooltip' data-placement='right' title='当天质控不合格'>--</span>,<span title='原始值：0.1491'>0.149</span>,<span title='原始值：0.0445'>0.044</span>,<span title='原始值：1.827'>1.83</span>,--,--
湖南省,长江流域,城北水厂,02-25 08:00,1,<span title='原始值：13.11'>13.1</span>,<span title='原始值：7.9093'>7.91</span>,<span title='原始值：10.695'>10.70</span>,<span title='原始值：240.07'>240.1</span>,<span title='原始值：5.87'>5.9</span>,<span title='原始值：0.829'>0.83</span>,<span title='原始值：0.0724'>0.072</span>,<span data-toggle='tooltip' data-placement='right' title='当天质控不合格'>--</span>,<span title='原始值：1.3957'>1.40</span>,--,--
湖南省,长江流域,蒸水入湘江口,02-25 09:00,4,<span title='原始值：14.1978'>14.2</span>,<span title='原始值：7.414'>7.41</span>,<span title='原始值：4.2255'>4.23</span>,<span title='原始值：505.0803'>505.1</span>,<span title='原始值：7.7935'>7.8</span>,<span title='原始值：4.439'>4.44</span>,<span title='原始值：0.5406'>0.541</span>,<span title='原始值：0.2234'>0.223</span>,<span title='原始值：4.405'>4.40</span>,--,--
湖南省,长江流域,塘渡口,02-25 09:00,2,<span title='原始值：14.21'>14.2</span>,<span title='原始值：7.9676'>7.97</span>,<span title='原始值：9.11'>9.11</span>,<span title='原始值：181.538'>181.5</span>,<span title='原始值：1.9131'>1.9</span>,<span title='原始值：1.212'>1.21</span>,<span title='原始值：0.0867'>0.087</span>,<span title='原始值：0.0407'>0.041</span>,<span title='原始值：1.687'>1.69</span>,--,--
湖南省,长江流域,窑市,02-25 09:00,2,<span title='原始值：14.49'>14.5</span>,<span title='原始值：6.9368'>6.94</span>,<span title='原始值：9.292'>9.29</span>,<span title='原始值：60.0493'>60.0</span>,<span title='原始值：18.887'>18.9</span>,<span title='原始值：2.257'>2.26</span>,<span title='原始值：0.0053'>0.005</span>,<span title='原始值：0.0713'>0.071</span>,<span title='原始值：1.199'>1.20</span>,--,--
湖南省,长江流域,渡头村,02-25 09:00,2,<span title='原始值：13.97'>14.0</span>,<span title='原始值：7.827'>7.83</span>,<span title='原始值：10.038'>10.04</span>,<span title='原始值：230.206'>230.2</span>,<span title='原始值：6.9159'>6.9</span>,<span title='原始值：1.727'>1.73</span>,<span data-toggle='tooltip' data-placement='right' title='当天质控不合格'>--</span>,<span title='原始值：0.063'>0.063</span>,<span title='原始值：2.074'>2.07</span>,--,--
湖南省,长江流域,邵水入河口,02-25 09:00,3,<span title='原始值：14.98'>15.0</span>,<span title='原始值：7.481'>7.48</span>,<span title='原始值：7.665'>7.66</span>,<span title='原始值：613.028'>613.0</span>,<span title='原始值：6.278'>6.3</span>,<span title='原始值：3.423'>3.42</span>,<span title='原始值：0.7297'>0.730</span>,<span title='原始值：0.1098'>0.110</span>,<span title='原始值：5.269'>5.27</span>,--,--
湖南省,长江流域,绥宁河口镇,02-25 08:00,1,<span title='原始值：12.94'>12.9</span>,<span title='原始值：7.1232'>7.12</span>,<span title='原始值：9.7981'>9.80</span>,<span title='原始值：80.9289'>80.9</span>,<span title='原始值：6.2491'>6.2</span>,<span title='原始值：1.4234'>1.42</span>,<span title='原始值：0.061'>0.061</span>,<span data-toggle='tooltip' data-placement='right' title='当天质控不合格'>--</span>,<span data-toggle='tooltip' data-placement='right' title='当天质控不合格'>--</span>,--,--
湖南省,长江流域,岳阳楼,02-25 09:00,4,<span title='原始值：12.29'>12.3</span>,<span title='原始值：8.054929'>8.05</span>,<span title='原始值：9.993709'>9.99</span>,<span title='原始值：299.5638'>299.6</span>,<span title='原始值：46.79967'>46.8</span>,<span title='原始值：1.08'>1.08</span>,<span title='原始值：0.001'>0.001</span>,<span title='原始值：0.072'>0.072</span>,<span title='原始值：1.8626'>1.86</span>,<span title='原始值：0.0008828'>0.001</span>,<span title='原始值：322682'>322682</span>
湖南省,长江流域,城陵矶,02-25 09:00,2,<span title='原始值：12.51'>12.5</span>,<span title='原始值：8.028425'>8.03</span>,<span title='原始值：10.28876'>10.29</span>,<span title='原始值：315.376'>315.4</span>,<span title='原始值：36.61966'>36.6</span>,<span title='原始值：1.07'>1.07</span>,<span title='原始值：0.011'>0.011</span>,<span title='原始值：0.068'>0.068</span>,<span title='原始值：1.7472'>1.75</span>,--,--
湖南省,长江流域,荆江口,02-25 08:00,2,<span title='原始值：12.58'>12.6</span>,<span title='原始值：8.2009'>8.20</span>,<span title='原始值：10.3292'>10.33</span>,<span title='原始值：394.0527'>394.1</span>,<span title='原始值：19.2378'>19.2</span>,<span title='原始值：0.99'>0.99</span>,<span data-toggle='tooltip' data-placement='right' title='当天质控不合格'>--</span>,<span title='原始值：0.033'>0.033</span>,<span title='原始值：1.8712'>1.87</span>,--,--
湖南省,长江流域,六门闸,02-25 08:00,2,<span title='原始值：12.66'>12.7</span>,<span title='原始值：8.0423'>8.04</span>,<span title='原始值：9.9586'>9.96</span>,<span title='原始值：606.6877'>606.7</span>,<span title='原始值：5.2339'>5.2</span>,<span title='原始值：2.598'>2.60</span>,<span title='原始值：0.0537'>0.054</span>,<span title='原始值：0.0452'>0.045</span>,<span title='原始值：1.3247'>1.32</span>,--,--
湖南省,长江流域,南渡,02-25 09:00,3,<span title='原始值：12.2'>12.2</span>,<span title='原始值：7.29'>7.29</span>,<span title='原始值：8.96'>8.96</span>,<span title='原始值：196.65'>196.6</span>,<span title='原始值：28.43'>28.4</span>,<span title='原始值：4.09'>4.09</span>,<span title='原始值：0.266'>0.266</span>,<span title='原始值：0.134'>0.134</span>,<span title='原始值：2.447'>2.45</span>,--,--
湖南省,长江流域,八仙桥,02-25 08:00,3,<span title='原始值：12.8'>12.8</span>,<span title='原始值：6.9992'>7.00</span>,<span title='原始值：7.0267'>7.03</span>,<span title='原始值：227.4248'>227.4</span>,<span title='原始值：101.1543'>101.2</span>,<span title='原始值：5.646'>5.65</span>,<span title='原始值：0.5218'>0.522</span>,<span title='原始值：0.1714'>0.171</span>,<span title='原始值：2.4528'>2.45</span>,--,--
湖南省,长江流域,坡头,02-25 09:00,2,<span title='原始值：20.18'>20.2</span>,<span title='原始值：8.146579'>8.15</span>,<span title='原始值：7.441106'>7.44</span>,--,<span title='原始值：2.491668'>2.5</span>,<span data-toggle='tooltip' data-placement='right' title='当天质控不合格'>--</span>,<span data-toggle='tooltip' data-placement='right' title='当天质控不合格'>--</span>,<span data-toggle='tooltip' data-placement='right' title='当天质控不合格'>--</span>,<span data-toggle='tooltip' data-placement='right' title='当天质控不合格'>--</span>,<span title='原始值：0.000778'>0.001</span>,--
湖南省,长江流域,蒋家嘴,02-25 08:00,3,<span title='原始值：10.61'>10.6</span>,<span title='原始值：7.9267'>7.93</span>,<span title='原始值：9.5659'>9.57</span>,<span title='原始值：224.5975'>224.6</span>,<span title='原始值：15.319'>15.3</span>,<span title='原始值：1.201'>1.20</span>,<span title='原始值：0.0476'>0.048</span>,<span title='原始值：0.0289'>0.029</span>,<span title='原始值：1.2993'>1.30</span>,<span title='原始值：0.00161'>0.002</span>,<span title='原始值：4.4644E+07'>44644000</span>
湖南省,长江流域,澧水三江口,02-25 08:00,1,<span title='原始值：14.18096'>14.2</span>,<span title='原始值：8.24784'>8.25</span>,<span title='原始值：9.46178'>9.46</span>,<span title='原始值：230.29'>230.3</span>,<span title='原始值：6.28125'>6.3</span>,<span title='原始值：0.99896'>1.00</span>,<span title='原始值：0.00122'>0.001</span>,<span title='原始值：0.0155'>0.016</span>,<span title='原始值：1.13618'>1.14</span>,--,--
湖南省,长江流域,窑坡渡,02-25 08:00,2,<span title='原始值：13.49'>13.5</span>,<span title='原始值：8.1719'>8.17</span>,<span title='原始值：9.4034'>9.40</span>,<span title='原始值：278.3847'>278.4</span>,<span title='原始值：12.058'>12.1</span>,<span title='原始值：0.967'>0.97</span>,<span data-toggle='tooltip' data-placement='right' title='当天质控不合格'>--</span>,<span title='原始值：0.0445'>0.044</span>,<span title='原始值：1.2786'>1.28</span>,--,--
湖南省,长江流域,马坡湖,02-25 09:00,2,<span title='原始值：14.38'>14.4</span>,<span title='原始值：8.3531'>8.35</span>,<span title='原始值：9.968'>9.97</span>,<span title='原始值：419.256'>419.3</span>,<span title='原始值：14.6693'>14.7</span>,<span title='原始值：1.213'>1.21</span>,--,<span title='原始值：0.0703'>0.070</span>,<span title='原始值：1.723'>1.72</span>,--,--
湖南省,长江流域,陈家河(四水厂),02-25 09:00,2,<span title='原始值：11.836'>11.8</span>,<span title='原始值：7.995'>8.00</span>,<span title='原始值：11.147'>11.15</span>,<span title='原始值：188.127'>188.1</span>,<span title='原始值：5.88'>5.9</span>,<span title='原始值：0.971'>0.97</span>,<span title='原始值：0.049'>0.049</span>,<span title='原始值：0.045'>0.045</span>,<span title='原始值：1.251'>1.25</span>,--,--
湖南省,长江流域,永定澄潭(区水厂),02-25 09:00,2,<span title='原始值：13.85'>13.8</span>,<span title='原始值：7.87'>7.87</span>,<span title='原始值：9.481'>9.48</span>,<span title='原始值：223.58'>223.6</span>,<span title='原始值：8.897'>8.9</span>,<span title='原始值：1.336'>1.34</span>,<span title='原始值：0.0419'>0.042</span>,<span title='原始值：0.0423'>0.042</span>,<span title='原始值：1.458'>1.46</span>,--,--
湖南省,长江流域,藕池河中支入境,02-25 08:00,2,<span title='原始值：13.089'>13.1</span>,<span title='原始值：8.024'>8.02</span>,<span title='原始值：9.726'>9.73</span>,<span title='原始值：617.436'>617.4</span>,<span title='原始值：12.97'>13.0</span>,<span title='原始值：2.528'>2.53</span>,<span title='原始值：0.008'>0.008</span>,<span title='原始值：0.022'>0.022</span>,<span title='原始值：0.26'>0.26</span>,--,--
湖南省,长江流域,万家嘴,02-25 09:00,2,<span title='原始值：13.33'>13.3</span>,<span title='原始值：7.740764'>7.74</span>,<span title='原始值：9.729905'>9.73</span>,<span title='原始值：221.406'>221.4</span>,<span title='原始值：22.95143'>23.0</span>,<span title='原始值：2.21'>2.21</span>,<span title='原始值：0.115'>0.115</span>,<span title='原始值：0.077'>0.077</span>,<span title='原始值：2.8161'>2.82</span>,<span title='原始值：0.0015118'>0.002</span>,<span title='原始值：134241.4'>134241</span>
湖南省,长江流域,南嘴,02-25 09:00,3,<span title='原始值：13.25'>13.2</span>,<span title='原始值：8.099736'>8.10</span>,<span title='原始值：9.570504'>9.57</span>,<span title='原始值：269.6926'>269.7</span>,<span title='原始值：59.73629'>59.7</span>,<span title='原始值：1.09'>1.09</span>,--,<span title='原始值：0.045'>0.045</span>,<span title='原始值：1.3451'>1.35</span>,<span title='原始值：0.0153125'>0.015</span>,<span title='原始值：556000.8'>556001</span>
湖南省,长江流域,小河嘴,02-25 09:00,4,<span title='原始值：13.08'>13.1</span>,<span title='原始值：7.5704'>7.57</span>,<span title='原始值：9.868'>9.87</span>,<span title='原始值：219.264'>219.3</span>,<span title='原始值：49.5329'>49.5</span>,<span title='原始值：0.991'>0.99</span>,--,<span title='原始值：0.0502'>0.050</span>,<span title='原始值：1.551'>1.55</span>,<span title='原始值：0.00883013'>0.009</span>,<span title='原始值：5.55412E+07'>55541200</span>
湖南省,长江流域,坪口,02-25 09:00,2,<span title='原始值：12.77'>12.8</span>,<span title='原始值：7.7886'>7.79</span>,<span title='原始值：10.25'>10.25</span>,<span title='原始值：291.4'>291.4</span>,<span title='原始值：27.074'>27.1</span>,<span title='原始值：1.71'>1.71</span>,<span title='原始值：0.012'>0.012</span>,<span title='原始值：0.0502'>0.050</span>,<span title='原始值：2.785'>2.78</span>,--,--
湖南省,长江流域,桃谷山,02-25 09:00,2,<span title='原始值：12.94'>12.9</span>,<span title='原始值：7.6531'>7.65</span>,<span title='原始值：10.226'>10.23</span>,<span title='原始值：205.597'>205.6</span>,<span title='原始值：26.1182'>26.1</span>,<span title='原始值：1.655'>1.66</span>,<span title='原始值：0.0456'>0.046</span>,<span title='原始值：0.0683'>0.068</span>,<span title='原始值：2.15'>2.15</span>,--,--
湖南省,长江流域,头山,02-25 08:00,2,<span title='原始值：13.56'>13.6</span>,<span title='原始值：7.3907'>7.39</span>,<span title='原始值：7.883'>7.88</span>,<span title='原始值：129.75'>129.8</span>,<span title='原始值：1.58'>1.6</span>,<span title='原始值：0.852'>0.85</span>,--,<span title='原始值：0.0129'>0.013</span>,<span title='原始值：0.6926'>0.69</span>,<span title='原始值：0.0025'>0.002</span>,<span title='原始值：4991000'>4991000</span>
湖南省,长江流域,渡口大桥,02-25 08:00,2,<span title='原始值：13.46'>13.5</span>,<span title='原始值：7.588'>7.59</span>,<span title='原始值：9.126'>9.13</span>,<span title='原始值：167.61'>167.6</span>,<span title='原始值：3.99'>4.0</span>,<span title='原始值：1.889'>1.89</span>,<span title='原始值：0.0593'>0.059</span>,<span title='原始值：0.0591'>0.059</span>,<span title='原始值：1.527'>1.53</span>,--,--
湖南省,长江流域,绿埠头,02-25 09:00,1,<span title='原始值：13.4'>13.4</span>,<span title='原始值：8.08'>8.08</span>,<span title='原始值：10.413'>10.41</span>,<span title='原始值：217.47'>217.5</span>,<span title='原始值：0.67'>0.7</span>,<span title='原始值：1.374'>1.37</span>,<span title='原始值：0.009'>0.009</span>,<span title='原始值：0.0127'>0.013</span>,<span title='原始值：1.269'>1.27</span>,--,--
湖南省,长江流域,诸葛庙,02-25 09:00,2,<span title='原始值：13.52'>13.5</span>,<span title='原始值：7.64'>7.64</span>,<span title='原始值：10.534'>10.53</span>,<span title='原始值：153.84'>153.8</span>,<span title='原始值：2.79'>2.8</span>,<span title='原始值：0.667'>0.67</span>,<span title='原始值：0.0017'>0.002</span>,<span title='原始值：0.0372'>0.037</span>,<span title='原始值：0.62'>0.62</span>,--,--
湖南省,长江流域,五强溪,02-25 09:00,2,<span title='原始值：12.17'>12.2</span>,<span title='原始值：7.9465'>7.95</span>,<span title='原始值：9.773'>9.77</span>,<span title='原始值：204.398'>204.4</span>,<span title='原始值：1.7778'>1.8</span>,<span title='原始值：0.979'>0.98</span>,<span title='原始值：0.0236'>0.024</span>,<span title='原始值：0.0308'>0.031</span>,<span title='原始值：1.353'>1.35</span>,--,--
湖南省,长江流域,铜信溪电站(铜信溪),02-25 08:00,1,<span title='原始值：13.73'>13.7</span>,<span title='原始值：7.5971'>7.60</span>,<span title='原始值：9.875'>9.88</span>,<span title='原始值：319.86'>319.9</span>,<span title='原始值：2.4'>2.4</span>,<span title='原始值：1.04'>1.04</span>,<span title='原始值：0.05'>0.050</span>,<span title='原始值：0.012'>0.012</span>,<span title='原始值：2.182'>2.18</span>,--,--
湖南省,长江流域,地阳坪公路大桥,02-25 09:00,2,<span title='原始值：13.79'>13.8</span>,<span title='原始值：7.0358'>7.04</span>,<span title='原始值：8.973'>8.97</span>,<span title='原始值：90.9379'>90.9</span>,<span title='原始值：29.0773'>29.1</span>,<span title='原始值：2.676'>2.68</span>,<span title='原始值：0.1061'>0.106</span>,<span title='原始值：0.0715'>0.072</span>,<span title='原始值：1.511'>1.51</span>,--,--
湖南省,长江流域,托口渠水,02-25 09:00,2,<span title='原始值：13.99'>14.0</span>,<span title='原始值：7.76'>7.76</span>,<span title='原始值：9.869'>9.87</span>,<span title='原始值：184.4'>184.4</span>,<span title='原始值：29.928'>29.9</span>,<span title='原始值：0.552'>0.55</span>,<span title='原始值：0.0025'>0.002</span>,<span title='原始值：0.0224'>0.022</span>,<span title='原始值：1.09'>1.09</span>,--,--
湖南省,长江流域,舞水入河口(黔城二水厂),02-25 09:00,2,<span title='原始值：13.23'>13.2</span>,<span title='原始值：8.05'>8.05</span>,<span title='原始值：9.4'>9.40</span>,<span title='原始值：405.9'>405.9</span>,<span title='原始值：4.862'>4.9</span>,<span title='原始值：0.715'>0.72</span>,<span title='原始值：0.2957'>0.296</span>,<span title='原始值：0.0596'>0.060</span>,<span title='原始值：2.451'>2.45</span>,--,--
湖南省,长江流域,溪子口(县水厂),02-25 02:00,1,<span title='原始值：12.14'>12.1</span>,<span title='原始值：7.85'>7.85</span>,<span title='原始值：9.324'>9.32</span>,<span title='原始值：325.4'>325.4</span>,<span title='原始值：1.054'>1.1</span>,<span title='原始值：0.423'>0.42</span>,<span title='原始值：0.0173'>0.017</span>,<span title='原始值：0.0187'>0.019</span>,<span title='原始值：1.716'>1.72</span>,--,--
湖南省,长江流域,球溪,02-25 09:00,2,<span title='原始值：11.916'>11.9</span>,<span title='原始值：7.8'>7.80</span>,<span title='原始值：9.961'>9.96</span>,<span title='原始值：265.56'>265.6</span>,<span title='原始值：7.533'>7.5</span>,<span title='原始值：1.308'>1.31</span>,<span title='原始值：0.0141'>0.014</span>,<span title='原始值：0.0361'>0.036</span>,<span title='原始值：2.13'>2.13</span>,--,--
湖南省,长江流域,街埠头,02-25 09:00,2,<span title='原始值：14.24'>14.2</span>,<span title='原始值：7.6261'>7.63</span>,<span title='原始值：8.998'>9.00</span>,<span title='原始值：444.422'>444.4</span>,<span title='原始值：3.9176'>3.9</span>,<span title='原始值：2.93'>2.93</span>,<span title='原始值：0.071'>0.071</span>,<span title='原始值：0.066'>0.066</span>,<span title='原始值：2.522'>2.52</span>,--,--
湖南省,长江流域,浦市上游,02-25 08:00,2,<span title='原始值：13.94'>13.9</span>,<span title='原始值：8.008'>8.01</span>,<span title='原始值：9.49'>9.49</span>,<span title='原始值：242.36'>242.4</span>,<span title='原始值：10.67'>10.7</span>,<span title='原始值：1.14'>1.14</span>,<span title='原始值：0.0114'>0.011</span>,<span title='原始值：0.0328'>0.033</span>,<span title='原始值：1.204'>1.20</span>,--,--
湖南省,长江流域,江口,02-25 08:00,1,<span title='原始值：12.67'>12.7</span>,<span title='原始值：8.0259'>8.03</span>,<span title='原始值：9.161'>9.16</span>,<span title='原始值：303.6911'>303.7</span>,<span title='原始值：7.5935'>7.6</span>,<span title='原始值：0.398'>0.40</span>,<span title='原始值：0.0165'>0.016</span>,<span title='原始值：0.0177'>0.018</span>,<span title='原始值：1.564'>1.56</span>,--,--
湖南省,长江流域,武水汇合口,02-25 08:00,2,<span title='原始值：13.47'>13.5</span>,<span title='原始值：7.9927'>7.99</span>,<span title='原始值：8.871'>8.87</span>,<span title='原始值：256.275'>256.3</span>,<span title='原始值：7.7206'>7.7</span>,<span title='原始值：0.96'>0.96</span>,--,<span title='原始值：0.0282'>0.028</span>,<span title='原始值：1.344'>1.34</span>,--,--
广东省,珠江流域,蕉门,02-25 09:00,2,<span title='原始值：22.059'>22.1</span>,<span title='原始值：7.37'>7.37</span>,<span title='原始值：6.624'>6.62</span>,<span title='原始值：12381.53'>12381.5</span>,<span title='原始值：42.333'>42.3</span>,<span title='原始值：3.76'>3.76</span>,<span title='原始值：0.26'>0.260</span>,<span title='原始值：0.04'>0.040</span>,<span title='原始值：2.305'>2.30</span>,--,--
广东省,珠江流域,洪奇沥,02-25 09:00,2,<span title='原始值：20.543'>20.5</span>,<span title='原始值：7.95'>7.95</span>,<span title='原始值：8.268'>8.27</span>,<span title='原始值：1231.508'>1231.5</span>,<span title='原始值：37.105'>37.1</span>,<span title='原始值：3.08'>3.08</span>,<span title='原始值：0.005'>0.005</span>,<span title='原始值：0.05'>0.050</span>,<span title='原始值：2.998'>3.00</span>,--,--
广东省,珠江流域,莲花山,02-25 09:00,2,<span title='原始值：22.033'>22.0</span>,<span title='原始值：7.62'>7.62</span>,<span title='原始值：6.272'>6.27</span>,<span title='原始值：5806.616'>5806.6</span>,<span title='原始值：67.088'>67.1</span>,<span title='原始值：3.917'>3.92</span>,<span title='原始值：0.045'>0.045</span>,<span title='原始值：0.07'>0.070</span>,<span title='原始值：3.67'>3.67</span>,--,--
广东省,珠江流域,官坦,02-25 09:00,2,<span title='原始值：21.607'>21.6</span>,<span title='原始值：7.77'>7.77</span>,<span title='原始值：8.849'>8.85</span>,<span title='原始值：411.923'>411.9</span>,<span title='原始值：9.749'>9.7</span>,<span data-toggle='tooltip' data-placement='right' title='当天质控不合格'>--</span>,<span title='原始值：0.012'>0.012</span>,<span title='原始值：0.041'>0.041</span>,<span title='原始值：2.746'>2.75</span>,--,--
广东省,珠江流域,大龙涌口,02-25 09:00,2,<span title='原始值：20.883'>20.9</span>,<span title='原始值：7.72'>7.72</span>,<span title='原始值：8.135'>8.14</span>,<span title='原始值：347.378'>347.4</span>,<span title='原始值：18.769'>18.8</span>,<span title='原始值：1.622'>1.62</span>,<span title='原始值：0.002'>0.002</span>,<span title='原始值：0.044'>0.044</span>,<span title='原始值：2.76'>2.76</span>,--,--
广东省,珠江流域,九龙潭,02-25 09:00,1,<span title='原始值：22.48'>22.5</span>,<span title='原始值：7.64'>7.64</span>,<span title='原始值：8.592'>8.59</span>,<span title='原始值：134.362'>134.4</span>,<span title='原始值：11.277'>11.3</span>,<span title='原始值：1.243'>1.24</span>,<span title='原始值：0.005'>0.005</span>,<span title='原始值：0.018'>0.018</span>,<span title='原始值：1.019'>1.02</span>,--,--
广东省,珠江流域,增江口,02-25 09:00,2,<span title='原始值：21.965'>22.0</span>,<span title='原始值：7.18'>7.18</span>,<span title='原始值：8.059'>8.06</span>,<span title='原始值：151.029'>151.0</span>,<span title='原始值：6.68'>6.7</span>,<span title='原始值：0.974'>0.97</span>,<span title='原始值：0.002'>0.002</span>,<span title='原始值：0.026'>0.026</span>,<span title='原始值：1.227'>1.23</span>,--,--
广东省,珠江流域,鸦岗,02-25 09:00,3,<span title='原始值：22.298'>22.3</span>,<span title='原始值：7.48'>7.48</span>,<span title='原始值：6.362'>6.36</span>,<span title='原始值：490.221'>490.2</span>,<span title='原始值：33.138'>33.1</span>,<span title='原始值：3.137'>3.14</span>,<span title='原始值：0.126'>0.126</span>,<span title='原始值：0.133'>0.133</span>,<span title='原始值：3.827'>3.83</span>,--,--
广东省,珠江流域,墩头基,02-25 09:00,2,<span title='原始值：22.02'>22.0</span>,<span title='原始值：7.61'>7.61</span>,<span title='原始值：7.449'>7.45</span>,<span title='原始值：3540.784'>3540.8</span>,<span title='原始值：51.7524'>51.8</span>,<span title='原始值：3.54'>3.54</span>,<span title='原始值：0.0016'>0.002</span>,<span title='原始值：0.0609'>0.061</span>,<span title='原始值：3.43'>3.43</span>,--,--
广东省,珠江流域,大墩,02-25 08:00,2,<span title='原始值：21.798'>21.8</span>,<span title='原始值：7.192'>7.19</span>,<span title='原始值：7.511'>7.51</span>,<span title='原始值：161.269'>161.3</span>,<span title='原始值：9.139'>9.1</span>,<span title='原始值：1.78'>1.78</span>,<span title='原始值：0.035'>0.035</span>,<span title='原始值：0.04'>0.040</span>,<span title='原始值：1.733'>1.73</span>,--,--
广东省,珠江流域,十里亭,02-25 09:00,1,<span title='原始值：17.949'>17.9</span>,<span title='原始值：8.01'>8.01</span>,<span title='原始值：9.846'>9.85</span>,<span title='原始值：308.742'>308.7</span>,<span title='原始值：2.291'>2.3</span>,<span title='原始值：1.172'>1.17</span>,<span title='原始值：0.073'>0.073</span>,<span title='原始值：0.018'>0.018</span>,<span title='原始值：1.11'>1.11</span>,--,--
广东省,珠江流域,长坝,02-25 09:00,1,<span title='原始值：19.669'>19.7</span>,<span title='原始值：8.02'>8.02</span>,<span title='原始值：11.063'>11.06</span>,<span title='原始值：170.617'>170.6</span>,<span title='原始值：0.701'>0.7</span>,<span title='原始值：1.919'>1.92</span>,<span title='原始值：0.028'>0.028</span>,<span title='原始值：0.016'>0.016</span>,<span title='原始值：0.976'>0.98</span>,--,--
广东省,珠江流域,三溪桥(乐昌三溪河),02-25 09:00,2,<span title='原始值：16.82'>16.8</span>,<span title='原始值：8.53'>8.53</span>,<span title='原始值：12.46'>12.46</span>,<span title='原始值：500.71'>500.7</span>,<span title='原始值：3.597'>3.6</span>,<span title='原始值：3.403'>3.40</span>,<span title='原始值：0.042'>0.042</span>,<span title='原始值：0.038'>0.038</span>,<span title='原始值：1.287'>1.29</span>,--,--
广东省,珠江流域,高桥,02-25 08:00,2,<span title='原始值：17.68343'>17.7</span>,<span title='原始值：7.64017'>7.64</span>,<span title='原始值：8.81249'>8.81</span>,<span title='原始值：241.8916'>241.9</span>,<span title='原始值：5.0005'>5.0</span>,<span title='原始值：1.35307'>1.35</span>,<span title='原始值：0.00925'>0.009</span>,<span title='原始值：0.02081'>0.021</span>,<span title='原始值：0.91924'>0.92</span>,--,--
广东省,珠江流域,深圳河口,02-25 08:00,3,<span title='原始值：22.09658'>22.1</span>,<span title='原始值：7.18189'>7.18</span>,<span title='原始值：5.4946'>5.49</span>,<span title='原始值：11806.85'>11806.8</span>,<span title='原始值：31.39796'>31.4</span>,<span title='原始值：4.33051'>4.33</span>,<span title='原始值：0.46139'>0.461</span>,<span title='原始值：0.16243'>0.162</span>,<span title='原始值：3.9013'>3.90</span>,--,--
广东省,珠江流域,小漠桥,02-25 09:00,2,<span title='原始值：22.64'>22.6</span>,<span title='原始值：8.34'>8.34</span>,<span title='原始值：7.555'>7.56</span>,<span title='原始值：47124.19'>47124.2</span>,<span title='原始值：11.291'>11.3</span>,<span data-toggle='tooltip' data-placement='right' title='当天质控不合格'>--</span>,--,<span title='原始值：0.026'>0.026</span>,<span title='原始值：0.99'>0.99</span>,--,--
广东省,珠江流域,共和村,02-25 09:00,3,<span title='原始值：23.51'>23.5</span>,<span title='原始值：7.5'>7.50</span>,<span title='原始值：6.969'>6.97</span>,<span title='原始值：8987.154'>8987.2</span>,<span title='原始值：16.065'>16.1</span>,<span title='原始值：4.119'>4.12</span>,<span title='原始值：0.378'>0.378</span>,<span title='原始值：0.13'>0.130</span>,<span title='原始值：5.397'>5.40</span>,--,--
广东省,珠江流域,珠海大桥,02-25 09:00,2,<span title='原始值：21.45'>21.4</span>,<span title='原始值：7.715'>7.72</span>,<span title='原始值：6.837'>6.84</span>,<span title='原始值：3980.113'>3980.1</span>,<span title='原始值：34.838'>34.8</span>,<span title='原始值：1.28'>1.28</span>,<span title='原始值：0.055'>0.055</span>,<span title='原始值：0.051'>0.051</span>,<span title='原始值：2.239'>2.24</span>,--,--
广东省,珠江流域,石角咀水闸,02-25 09:00,2,<span title='原始值：22.43'>22.4</span>,<span title='原始值：7.676'>7.68</span>,<span title='原始值：7.455'>7.46</span>,<span title='原始值：861.353'>861.4</span>,<span title='原始值：55.401'>55.4</span>,<span title='原始值：1.84'>1.84</span>,<span title='原始值：0.022'>0.022</span>,<span title='原始值：0.073'>0.073</span>,<span title='原始值：2.9'>2.90</span>,--,--
广东省,珠江流域,鸡啼门大桥,02-25 09:00,2,<span title='原始值：21.25'>21.2</span>,<span title='原始值：8.03'>8.03</span>,<span title='原始值：7.97'>7.97</span>,<span title='原始值：2221'>2221.0</span>,<span title='原始值：35.9'>35.9</span>,<span title='原始值：1.9'>1.90</span>,<span title='原始值：0.084'>0.084</span>,<span title='原始值：0.079'>0.079</span>,<span title='原始值：2.686'>2.69</span>,--,--
广东省,珠江流域,布洲,02-25 09:00,2,<span title='原始值：20.27'>20.3</span>,<span title='原始值：8.123'>8.12</span>,<span title='原始值：12.508'>12.51</span>,<span title='原始值：352.908'>352.9</span>,<span title='原始值：19.154'>19.2</span>,<span title='原始值：1.2'>1.20</span>,--,<span title='原始值：0.025'>0.025</span>,<span title='原始值：2.953'>2.95</span>,--,--
广东省,珠江流域,隆都,02-25 09:00,1,<span title='原始值：20.367'>20.4</span>,<span title='原始值：7.69'>7.69</span>,<span title='原始值：8.05'>8.05</span>,<span title='原始值：167.268'>167.3</span>,<span title='原始值：8.474'>8.5</span>,<span title='原始值：1.247'>1.25</span>,<span title='原始值：0.008'>0.008</span>,<span title='原始值：0.014'>0.014</span>,<span title='原始值：1.573'>1.57</span>,--,--
广东省,珠江流域,海门湾桥闸,02-25 09:00,4,<span title='原始值：21.68'>21.7</span>,<span title='原始值：7.78'>7.78</span>,<span title='原始值：7.23'>7.23</span>,<span title='原始值：11601.39'>11601.4</span>,<span title='原始值：11.84'>11.8</span>,<span title='原始值：8.61'>8.61</span>,<span title='原始值：1.474'>1.474</span>,<span title='原始值：0.193'>0.193</span>,<span title='原始值：5.602'>5.60</span>,--,--
广东省,珠江流域,升平,02-25 09:00,2,<span title='原始值：20.801'>20.8</span>,<span title='原始值：7.49'>7.49</span>,<span title='原始值：7.737'>7.74</span>,<span title='原始值：31069.48'>31069.5</span>,<span title='原始值：40.562'>40.6</span>,<span title='原始值：0.532'>0.53</span>,<span title='原始值：0.267'>0.267</span>,<span title='原始值：0.07'>0.070</span>,<span title='原始值：2.406'>2.41</span>,--,--
广东省,珠江流域,外砂,02-25 09:00,1,<span title='原始值：20.702'>20.7</span>,<span title='原始值：7.92'>7.92</span>,<span title='原始值：8.838'>8.84</span>,<span title='原始值：162.779'>162.8</span>,<span title='原始值：4.535'>4.5</span>,<span title='原始值：1.804'>1.80</span>,<span title='原始值：0.005'>0.005</span>,<span title='原始值：0.018'>0.018</span>,<span title='原始值：1.416'>1.42</span>,--,--
广东省,珠江流域,莲阳桥闸,02-25 09:00,2,<span title='原始值：20.55'>20.6</span>,<span title='原始值：7.96'>7.96</span>,<span title='原始值：8.903'>8.90</span>,<span title='原始值：163.8'>163.8</span>,<span title='原始值：10.765'>10.8</span>,<span title='原始值：1.563'>1.56</span>,<span title='原始值：0.001'>0.001</span>,<span title='原始值：0.026'>0.026</span>,<span title='原始值：1.514'>1.51</span>,--,--
广东省,珠江流域,大衙,02-25 08:00,3,<span title='原始值：20.427'>20.4</span>,<span title='原始值：6.88'>6.88</span>,<span title='原始值：5.967'>5.97</span>,<span title='原始值：168.823'>168.8</span>,<span title='原始值：5.002'>5.0</span>,<span title='原始值：1.27'>1.27</span>,<span title='原始值：0.005'>0.005</span>,<span title='原始值：0.022'>0.022</span>,<span title='原始值：1.406'>1.41</span>,--,--
广东省,珠江流域,平洲,02-25 09:00,2,<span title='原始值：20.771'>20.8</span>,<span title='原始值：7.74'>7.74</span>,<span title='原始值：6.707'>6.71</span>,<span title='原始值：325.682'>325.7</span>,<span title='原始值：17.512'>17.5</span>,<span title='原始值：1.777'>1.78</span>,<span data-toggle='tooltip' data-placement='right' title='当天质控不合格'>--</span>,<span title='原始值：0.049'>0.049</span>,<span title='原始值：2.28'>2.28</span>,--,--
广东省,珠江流域,乌洲,02-25 09:00,2,<span title='原始值：20.413'>20.4</span>,<span title='原始值：7.91'>7.91</span>,<span title='原始值：7.551'>7.55</span>,<span title='原始值：327.493'>327.5</span>,<span title='原始值：13.434'>13.4</span>,<span title='原始值：1.478'>1.48</span>,<span title='原始值：0.009'>0.009</span>,<span title='原始值：0.047'>0.047</span>,<span title='原始值：2.75'>2.75</span>,--,--
广东省,珠江流域,古劳,02-25 08:00,1,<span title='原始值：20.3067'>20.3</span>,<span title='原始值：7.87233'>7.87</span>,<span title='原始值：9.37593'>9.38</span>,<span title='原始值：339.8652'>339.9</span>,<span title='原始值：16.68425'>16.7</span>,<span title='原始值：0.59775'>0.60</span>,<span title='原始值：0.0182'>0.018</span>,<span title='原始值：0.01184'>0.012</span>,<span title='原始值：2.34352'>2.34</span>,--,--
广东省,珠江流域,苍山渡口,02-25 09:00,2,<span title='原始值：21.76'>21.8</span>,<span title='原始值：7.812'>7.81</span>,<span title='原始值：6.71'>6.71</span>,<span title='原始值：12041.2'>12041.2</span>,<span title='原始值：8.403'>8.4</span>,<span title='原始值：1.509'>1.51</span>,<span title='原始值：0.211'>0.211</span>,<span title='原始值：0.066'>0.066</span>,<span title='原始值：2.287'>2.29</span>,--,--
广东省,珠江流域,牛湾,02-25 09:00,2,<span title='原始值：21.63'>21.6</span>,<span title='原始值：7.03'>7.03</span>,<span title='原始值：6.12'>6.12</span>,<span title='原始值：704.16'>704.2</span>,<span title='原始值：41.9'>41.9</span>,<span title='原始值：2.99'>2.99</span>,<span title='原始值：0.024'>0.024</span>,<span title='原始值：0.071'>0.071</span>,<span title='原始值：3.403'>3.40</span>,--,--
广东省,珠江流域,渠首,02-25 09:00,3,<span title='原始值：22.08'>22.1</span>,<span title='原始值：7.21'>7.21</span>,<span title='原始值：5.18'>5.18</span>,<span title='原始值：103.02'>103.0</span>,<span title='原始值：12.18'>12.2</span>,<span title='原始值：4.075'>4.08</span>,<span title='原始值：0.0205'>0.020</span>,<span title='原始值：0.0179'>0.018</span>,<span title='原始值：0.931'>0.93</span>,<span title='原始值：0.006'>0.006</span>,<span title='原始值：973491.4'>973491</span>
广东省,珠江流域,黄坡,02-25 09:00,2,<span title='原始值：24.14'>24.1</span>,<span title='原始值：8.23'>8.23</span>,<span title='原始值：10'>10.00</span>,<span title='原始值：239.59'>239.6</span>,<span title='原始值：19.38'>19.4</span>,<span title='原始值：3.98'>3.98</span>,--,<span title='原始值：0.068'>0.068</span>,<span title='原始值：2.283'>2.28</span>,--,--
广东省,珠江流域,山角,02-25 08:00,2,<span title='原始值：23.18'>23.2</span>,<span title='原始值：8.27'>8.27</span>,<span title='原始值：9.73'>9.73</span>,<span title='原始值：145.59'>145.6</span>,<span title='原始值：8.38'>8.4</span>,<span title='原始值：3.26'>3.26</span>,--,<span title='原始值：0.0328'>0.033</span>,<span title='原始值：2.722'>2.72</span>,--,--
广东省,珠江流域,赤坎水厂（塘口取水口）,02-25 09:00,3,<span title='原始值：23.47'>23.5</span>,<span title='原始值：8.05'>8.05</span>,<span title='原始值：8.68'>8.68</span>,<span title='原始值：105.36'>105.4</span>,<span title='原始值：35.16'>35.2</span>,<span title='原始值：4.54'>4.54</span>,--,<span title='原始值：0.0262'>0.026</span>,<span title='原始值：1.074'>1.07</span>,--,--
广东省,珠江流域,排里,02-25 09:00,3,<span title='原始值：23.78'>23.8</span>,<span title='原始值：8.23'>8.23</span>,<span title='原始值：7.55'>7.55</span>,<span title='原始值：192.25'>192.2</span>,<span title='原始值：15.97'>16.0</span>,<span title='原始值：5.15'>5.15</span>,<span title='原始值：0.105'>0.105</span>,<span title='原始值：0.076'>0.076</span>,<span title='原始值：1.784'>1.78</span>,--,--
广东省,珠江流域,南渡河桥,02-25 09:00,2,<span title='原始值：24.44'>24.4</span>,<span title='原始值：6.8'>6.80</span>,<span title='原始值：7.19'>7.19</span>,<span title='原始值：114.76'>114.8</span>,<span title='原始值：23.85'>23.8</span>,<span title='原始值：2.331'>2.33</span>,--,<span title='原始值：0.052'>0.052</span>,<span title='原始值：3.029'>3.03</span>,--,--
广东省,珠江流域,石碧,02-25 08:00,3,<span title='原始值：23.626'>23.6</span>,<span title='原始值：6.845'>6.84</span>,<span title='原始值：6.849'>6.85</span>,<span title='原始值：201.114'>201.1</span>,<span title='原始值：27.866'>27.9</span>,<span title='原始值：2.754'>2.75</span>,<span title='原始值：0.174'>0.174</span>,<span title='原始值：0.109'>0.109</span>,<span title='原始值：2.418'>2.42</span>,--,--
广东省,珠江流域,营仔,02-25 09:00,3,<span title='原始值：23.32'>23.3</span>,<span title='原始值：7.52'>7.52</span>,<span title='原始值：7.06'>7.06</span>,<span title='原始值：209.09'>209.1</span>,<span title='原始值：15.38'>15.4</span>,<span title='原始值：4.85'>4.85</span>,<span title='原始值：0.051'>0.051</span>,<span title='原始值：0.065'>0.065</span>,<span title='原始值：1.644'>1.64</span>,--,--
广东省,珠江流域,黄竹尾水闸（大山江）,02-25 08:00,2,<span title='原始值：24.76'>24.8</span>,<span title='原始值：7.31'>7.31</span>,<span title='原始值：6.17'>6.17</span>,<span title='原始值：192.38'>192.4</span>,<span title='原始值：30.49'>30.5</span>,<span title='原始值：3.38'>3.38</span>,<span title='原始值：0.04'>0.040</span>,<span title='原始值：0.056'>0.056</span>,<span title='原始值：1.597'>1.60</span>,--,--
广东省,珠江流域,塘口,02-25 09:00,6,<span title='原始值：23.57'>23.6</span>,<span title='原始值：9.179'>9.18</span>,<span title='原始值：10.12'>10.12</span>,<span title='原始值：179.86'>179.9</span>,<span title='原始值：8.9'>8.9</span>,<span title='原始值：3.96'>3.96</span>,<span title='原始值：0.007'>0.007</span>,<span title='原始值：0.04'>0.040</span>,<span title='原始值：1.498'>1.50</span>,--,--
广东省,珠江流域,石骨水库,02-25 09:00,1,<span title='原始值：22.478'>22.5</span>,<span title='原始值：8.776'>8.78</span>,<span title='原始值：8.728'>8.73</span>,<span title='原始值：60.83'>60.8</span>,<span title='原始值：6.1333'>6.1</span>,<span title='原始值：0.991'>0.99</span>,<span title='原始值：0.0063'>0.006</span>,<span title='原始值：0.008'>0.008</span>,<span title='原始值：0.576'>0.58</span>,--,--
广东省,珠江流域,良德水库,02-25 09:00,1,<span title='原始值：23.24'>23.2</span>,<span title='原始值：8.188'>8.19</span>,<span title='原始值：9.655'>9.66</span>,<span title='原始值：66.265'>66.3</span>,<span title='原始值：12.004'>12.0</span>,<span title='原始值：1.163'>1.16</span>,<span title='原始值：0.0204'>0.020</span>,<span title='原始值：0.0058'>0.006</span>,<span data-toggle='tooltip' data-placement='right' title='当天质控不合格'>--</span>,<span title='原始值：0.00467'>0.005</span>,<span title='原始值：856595'>856595</span>
广东省,珠江流域,江口门,02-25 07:00,3,<span title='原始值：23.58'>23.6</span>,<span title='原始值：6.98'>6.98</span>,<span title='原始值：5.94'>5.94</span>,<span title='原始值：183.78'>183.8</span>,<span title='原始值：10.06'>10.1</span>,<span title='原始值：2.28'>2.28</span>,<span title='原始值：0.089'>0.089</span>,<span title='原始值：0.069'>0.069</span>,<span title='原始值：2.29'>2.29</span>,--,--
广东省,珠江流域,米急渡,02-25 09:00,4,<span title='原始值：22.69'>22.7</span>,<span title='原始值：6.641'>6.64</span>,<span title='原始值：4.173'>4.17</span>,<span title='原始值：124.917'>124.9</span>,<span title='原始值：8.957'>9.0</span>,<span title='原始值：1.47'>1.47</span>,<span title='原始值：0.505'>0.505</span>,<span title='原始值：0.071'>0.071</span>,<span title='原始值：1.289'>1.29</span>,--,--
广东省,珠江流域,梁村,02-25 07:00,2,<span title='原始值：19.9652'>20.0</span>,<span title='原始值：7.55'>7.55</span>,<span title='原始值：7.448035'>7.45</span>,<span title='原始值：266.5161'>266.5</span>,<span title='原始值：13.06913'>13.1</span>,<span title='原始值：1.685'>1.68</span>,<span title='原始值：0.0667'>0.067</span>,<span title='原始值：0.0557'>0.056</span>,<span title='原始值：2.251'>2.25</span>,--,--
广东省,珠江流域,封开城上,02-25 09:00,1,<span title='原始值：19.102'>19.1</span>,<span title='原始值：8.22'>8.22</span>,<span title='原始值：9.266'>9.27</span>,<span title='原始值：350.839'>350.8</span>,<span title='原始值：15.163'>15.2</span>,<span title='原始值：0.822'>0.82</span>,<span title='原始值：0.001'>0.001</span>,<span title='原始值：0.012'>0.012</span>,<span title='原始值：2.519'>2.52</span>,--,--
广东省,珠江流域,白沙街,02-25 08:00,1,<span title='原始值：20.459'>20.5</span>,<span title='原始值：8.344'>8.34</span>,<span title='原始值：10.19'>10.19</span>,<span title='原始值：220.549'>220.5</span>,<span title='原始值：6.137'>6.1</span>,<span title='原始值：0.919'>0.92</span>,<span title='原始值：0.029'>0.029</span>,<span title='原始值：0.018'>0.018</span>,<span title='原始值：1.497'>1.50</span>,--,--
广东省,珠江流域,黄岗,02-25 09:00,1,<span title='原始值：19.899'>19.9</span>,<span title='原始值：8.14'>8.14</span>,<span title='原始值：10.847'>10.85</span>,<span title='原始值：335.459'>335.5</span>,<span title='原始值：7.49'>7.5</span>,<span title='原始值：1.371'>1.37</span>,<span title='原始值：0.017'>0.017</span>,<span title='原始值：0.019'>0.019</span>,<span title='原始值：2.531'>2.53</span>,--,--
广东省,珠江流域,永安,02-25 09:00,1,<span title='原始值：19.456'>19.5</span>,<span title='原始值：8.19'>8.19</span>,<span title='原始值：10.261'>10.26</span>,<span title='原始值：320.821'>320.8</span>,<span title='原始值：7.098'>7.1</span>,<span title='原始值：0.992'>0.99</span>,<span title='原始值：0.0028'>0.003</span>,<span title='原始值：0.0182'>0.018</span>,<span title='原始值：2.397'>2.40</span>,--,--
广东省,珠江流域,紫溪,02-25 09:00,2,<span title='原始值：23.191'>23.2</span>,<span title='原始值：7.49'>7.49</span>,<span title='原始值：9.362'>9.36</span>,<span title='原始值：694.456'>694.5</span>,<span title='原始值：5.764'>5.8</span>,<span title='原始值：2.082'>2.08</span>,<span title='原始值：0.035'>0.035</span>,<span title='原始值：0.058'>0.058</span>,<span title='原始值：4.52'>4.52</span>,--,--
广东省,珠江流域,东江江口,02-25 09:00,1,<span title='原始值：19.71'>19.7</span>,<span title='原始值：7.25'>7.25</span>,<span title='原始值：9.212'>9.21</span>,<span title='原始值：100.4414'>100.4</span>,<span title='原始值：5.383352'>5.4</span>,<span title='原始值：0.962'>0.96</span>,<span title='原始值：0.0213'>0.021</span>,<span title='原始值：0.0152'>0.015</span>,<span title='原始值：0.897'>0.90</span>,--,--
广东省,珠江流域,博罗城下(新角),02-25 09:00,2,<span title='原始值：20.496'>20.5</span>,<span title='原始值：6.67'>6.67</span>,<span title='原始值：9.059'>9.06</span>,<span title='原始值：129.454'>129.5</span>,<span title='原始值：14.326'>14.3</span>,<span title='原始值：1.195'>1.20</span>,<span title='原始值：0.02'>0.020</span>,<span title='原始值：0.032'>0.032</span>,<span title='原始值：1.432'>1.43</span>,--,--
广东省,珠江流域,惠州汝湖,02-25 09:00,1,<span title='原始值：21.032'>21.0</span>,<span title='原始值：7.36'>7.36</span>,<span title='原始值：9.181'>9.18</span>,<span title='原始值：93.771'>93.8</span>,<span title='原始值：2.03'>2.0</span>,<span title='原始值：1.049'>1.05</span>,<span title='原始值：0.003'>0.003</span>,<span title='原始值：0.018'>0.018</span>,<span title='原始值：0.903'>0.90</span>,--,--
广东省,珠江流域,沙河河口(里波水）,02-25 09:00,2,<span title='原始值：23.311'>23.3</span>,<span title='原始值：7.1'>7.10</span>,<span title='原始值：7.26'>7.26</span>,<span title='原始值：288.905'>288.9</span>,<span title='原始值：20.686'>20.7</span>,<span title='原始值：2.237'>2.24</span>,<span title='原始值：0.104'>0.104</span>,<span title='原始值：0.065'>0.065</span>,<span title='原始值：2.239'>2.24</span>,--,--
广东省,珠江流域,马安大桥下,02-25 09:00,2,<span title='原始值：21.803'>21.8</span>,<span title='原始值：6.43'>6.43</span>,<span title='原始值：8.614'>8.61</span>,<span title='原始值：81.966'>82.0</span>,<span title='原始值：10.625'>10.6</span>,<span data-toggle='tooltip' data-placement='right' title='当天质控不合格'>--</span>,<span title='原始值：0.159'>0.159</span>,<span title='原始值：0.038'>0.038</span>,<span title='原始值：1.596'>1.60</span>,--,--
广东省,珠江流域,虎爪断桥,02-25 09:00,3,<span title='原始值：23.114'>23.1</span>,<span title='原始值：7.42'>7.42</span>,<span title='原始值：6.052'>6.05</span>,<span title='原始值：8209.688'>8209.7</span>,<span title='原始值：16.004'>16.0</span>,<span title='原始值：3.857'>3.86</span>,<span title='原始值：0.368'>0.368</span>,<span title='原始值：0.142'>0.142</span>,<span title='原始值：6.891'>6.89</span>,--,--
广东省,珠江流域,公庄河口（泰美）,02-25 08:00,2,<span title='原始值：22'>22.0</span>,<span title='原始值：7.13'>7.13</span>,<span title='原始值：6.97'>6.97</span>,<span title='原始值：277.4'>277.4</span>,<span title='原始值：18.1'>18.1</span>,<span title='原始值：2.609'>2.61</span>,<span title='原始值：0.1299'>0.130</span>,<span title='原始值：0.0606'>0.061</span>,<span title='原始值：2.096'>2.10</span>,--,--
广东省,珠江流域,青溪(大浦青溪),02-25 08:00,2,<span title='原始值：19.93517'>19.9</span>,<span title='原始值：7.54387'>7.54</span>,<span title='原始值：7.87934'>7.88</span>,<span title='原始值：289.8857'>289.9</span>,<span title='原始值：4.72211'>4.7</span>,<span title='原始值：0.47833'>0.48</span>,<span title='原始值：0.01281'>0.013</span>,<span title='原始值：0.02061'>0.021</span>,<span title='原始值：0.93675'>0.94</span>,--,--
广东省,珠江流域,大麻,02-25 09:00,2,<span title='原始值：20.437'>20.4</span>,<span title='原始值：7.02'>7.02</span>,<span title='原始值：7.716'>7.72</span>,<span title='原始值：171.123'>171.1</span>,<span title='原始值：8.76'>8.8</span>,<span title='原始值：1.339'>1.34</span>,<span title='原始值：0.018'>0.018</span>,<span title='原始值：0.036'>0.036</span>,<span title='原始值：2.242'>2.24</span>,--,--
广东省,珠江流域,西阳电站,02-25 09:00,2,<span title='原始值：20.883'>20.9</span>,<span title='原始值：6.99'>6.99</span>,<span title='原始值：6.922'>6.92</span>,<span title='原始值：178.885'>178.9</span>,<span title='原始值：7.383'>7.4</span>,<span title='原始值：1.866'>1.87</span>,<span title='原始值：0.224'>0.224</span>,<span title='原始值：0.083'>0.083</span>,<span title='原始值：2.723'>2.72</span>,--,--
广东省,珠江流域,五丰渡口,02-25 09:00,2,<span title='原始值：21'>21.0</span>,<span title='原始值：7.25'>7.25</span>,<span title='原始值：9.34'>9.34</span>,<span title='原始值：121.4'>121.4</span>,<span title='原始值：32.09'>32.1</span>,<span title='原始值：1.8084'>1.81</span>,<span title='原始值：0.1342'>0.134</span>,<span title='原始值：0.0569'>0.057</span>,<span title='原始值：4.0559'>4.06</span>,--,--
广东省,珠江流域,新铺,02-25 09:00,2,<span title='原始值：20.9'>20.9</span>,<span title='原始值：7.7'>7.70</span>,<span title='原始值：8.009'>8.01</span>,<span title='原始值：202.095'>202.1</span>,<span title='原始值：5.419'>5.4</span>,<span title='原始值：1.973'>1.97</span>,<span title='原始值：0.0412'>0.041</span>,<span title='原始值：0.0324'>0.032</span>,<span title='原始值：1.7162'>1.72</span>,--,--
广东省,珠江流域,海丰西闸,02-25 09:00,3,<span title='原始值：23.2'>23.2</span>,<span title='原始值：8.94'>8.94</span>,<span title='原始值：8'>8.00</span>,<span title='原始值：658.4'>658.4</span>,<span title='原始值：5.4'>5.4</span>,<span title='原始值：4.56'>4.56</span>,<span title='原始值：0.017'>0.017</span>,<span title='原始值：0.048'>0.048</span>,<span title='原始值：1.55'>1.55</span>,--,--
广东省,珠江流域,陆丰半湾水闸,02-25 09:00,1,<span title='原始值：21.796'>21.8</span>,<span title='原始值：7.24'>7.24</span>,<span title='原始值：8.784'>8.78</span>,<span title='原始值：89.187'>89.2</span>,<span title='原始值：22.539'>22.5</span>,<span title='原始值：1.546'>1.55</span>,<span title='原始值：0.002'>0.002</span>,<span title='原始值：0.02'>0.020</span>,<span title='原始值：1.255'>1.26</span>,--,--
广东省,珠江流域,东溪水闸,02-25 09:00,6,<span title='原始值：22.41'>22.4</span>,<span title='原始值：9.194'>9.19</span>,<span title='原始值：10.474'>10.47</span>,<span title='原始值：2363.42'>2363.4</span>,<span title='原始值：12.212'>12.2</span>,<span data-toggle='tooltip' data-placement='right' title='当天质控不合格'>--</span>,<span title='原始值：0.0011'>0.001</span>,<span title='原始值：0.0834'>0.083</span>,<span title='原始值：1.016'>1.02</span>,--,--
广东省,珠江流域,庙咀里(定南水站),02-25 09:00,2,<span title='原始值：16.898'>16.9</span>,<span title='原始值：6.85'>6.85</span>,<span title='原始值：6.71'>6.71</span>,<span title='原始值：452.147'>452.1</span>,<span title='原始值：13.852'>13.9</span>,<span title='原始值：1.635'>1.64</span>,<span title='原始值：0.328'>0.328</span>,<span title='原始值：0.012'>0.012</span>,<span title='原始值：1.941'>1.94</span>,--,--
广东省,珠江流域,江城,02-25 09:00,2,<span title='原始值：24.16'>24.2</span>,<span title='原始值：7.269'>7.27</span>,<span title='原始值：7.053'>7.05</span>,<span title='原始值：386.615'>386.6</span>,<span title='原始值：10.968'>11.0</span>,<span title='原始值：2.13'>2.13</span>,<span title='原始值：0.27'>0.270</span>,<span title='原始值：0.056'>0.056</span>,<span title='原始值：2.694'>2.69</span>,--,--
广东省,珠江流域,尖山,02-25 09:00,3,<span title='原始值：23.67'>23.7</span>,<span title='原始值：6.81'>6.81</span>,<span title='原始值：5.67'>5.67</span>,<span title='原始值：7771.5'>7771.5</span>,<span title='原始值：19.04'>19.0</span>,<span title='原始值：2.24'>2.24</span>,<span title='原始值：0.503'>0.503</span>,<span title='原始值：0.075'>0.075</span>,<span title='原始值：2.601'>2.60</span>,--,--
广东省,珠江流域,埠场,02-25 09:00,3,<span title='原始值：24.07'>24.1</span>,<span title='原始值：7.319'>7.32</span>,<span title='原始值：5.751'>5.75</span>,<span title='原始值：1055.84'>1055.8</span>,<span title='原始值：15.756'>15.8</span>,<span title='原始值：2.159'>2.16</span>,<span title='原始值：0.225'>0.225</span>,<span title='原始值：0.057'>0.057</span>,<span title='原始值：2.529'>2.53</span>,--,--
广东省,珠江流域,大泉,02-25 09:00,2,<span title='原始值：23.68'>23.7</span>,<span title='原始值：6.94'>6.94</span>,<span title='原始值：6.142'>6.14</span>,<span title='原始值：14234.5'>14234.5</span>,<span title='原始值：8.4'>8.4</span>,<span title='原始值：1.762'>1.76</span>,<span title='原始值：0.266'>0.266</span>,<span title='原始值：0.043'>0.043</span>,<span title='原始值：2.38'>2.38</span>,--,--
广东省,珠江流域,寿长,02-25 09:00,4,<span title='原始值：23.55'>23.6</span>,<span title='原始值：7.028'>7.03</span>,<span title='原始值：3.776'>3.78</span>,<span title='原始值：31936.8'>31936.8</span>,<span title='原始值：21.079'>21.1</span>,<span title='原始值：3.61'>3.61</span>,<span title='原始值：0.778'>0.778</span>,<span title='原始值：0.113'>0.113</span>,<span title='原始值：1.401'>1.40</span>,--,--
广东省,珠江流域,北江石尾,02-25 09:00,2,<span title='原始值：18.858'>18.9</span>,<span title='原始值：7.51'>7.51</span>,<span title='原始值：6.433'>6.43</span>,<span title='原始值：324.383'>324.4</span>,<span title='原始值：12.523'>12.5</span>,<span title='原始值：2.64'>2.64</span>,<span title='原始值：0.108'>0.108</span>,<span title='原始值：0.036'>0.036</span>,<span title='原始值：2.314'>2.31</span>,--,--
广东省,珠江流域,石角,02-25 09:00,2,<span title='原始值：19.6106'>19.6</span>,<span title='原始值：7.75'>7.75</span>,<span title='原始值：8.537271'>8.54</span>,<span title='原始值：264.0307'>264.0</span>,<span title='原始值：6.681944'>6.7</span>,<span title='原始值：1.97'>1.97</span>,<span title='原始值：0.0007'>0.001</span>,<span title='原始值：0.0257'>0.026</span>,<span title='原始值：1.921'>1.92</span>,--,--
广东省,珠江流域,连江西牛,02-25 09:00,2,<span title='原始值：19.265'>19.3</span>,<span title='原始值：8.25'>8.25</span>,<span title='原始值：9.938'>9.94</span>,<span title='原始值：237.401'>237.4</span>,<span title='原始值：6.407'>6.4</span>,<span title='原始值：1.29'>1.29</span>,<span title='原始值：0.023'>0.023</span>,<span title='原始值：0.021'>0.021</span>,<span title='原始值：0.895'>0.90</span>,--,--
广东省,珠江流域,樟村（家乐福）,02-25 09:00,3,<span title='原始值：23.91'>23.9</span>,<span title='原始值：6.993'>6.99</span>,<span title='原始值：8.128'>8.13</span>,<span title='原始值：604.318'>604.3</span>,<span title='原始值：8.91'>8.9</span>,<span title='原始值：3.531'>3.53</span>,<span title='原始值：0.0131'>0.013</span>,<span title='原始值：0.1317'>0.132</span>,<span title='原始值：5.738'>5.74</span>,--,--
广东省,珠江流域,沙田泗盛,02-25 08:00,2,<span title='原始值：21.9'>21.9</span>,<span title='原始值：7.415'>7.42</span>,<span title='原始值：7.04'>7.04</span>,<span title='原始值：6450.751'>6450.8</span>,<span title='原始值：20.65'>20.6</span>,<span title='原始值：2.298'>2.30</span>,<span title='原始值：0.1049'>0.105</span>,<span title='原始值：0.046'>0.046</span>,<span title='原始值：2.231'>2.23</span>,--,--
广东省,珠江流域,旗岭,02-25 09:00,3,<span title='原始值：23.84'>23.8</span>,<span title='原始值：7.484'>7.48</span>,<span title='原始值：8.266'>8.27</span>,<span title='原始值：618.843'>618.8</span>,<span title='原始值：32.51'>32.5</span>,<span title='原始值：3.453'>3.45</span>,<span title='原始值：0.0809'>0.081</span>,<span title='原始值：0.1565'>0.156</span>,<span title='原始值：6.508'>6.51</span>,--,--
广东省,珠江流域,石龙南河,02-25 08:00,2,<span title='原始值：21.53'>21.5</span>,<span title='原始值：6.93'>6.93</span>,<span title='原始值：8.699'>8.70</span>,<span title='原始值：143.038'>143.0</span>,<span title='原始值：10.353'>10.4</span>,<span title='原始值：1.35'>1.35</span>,--,<span title='原始值：0.0258'>0.026</span>,<span title='原始值：1.184'>1.18</span>,--,--
广东省,珠江流域,中山港码头,02-25 09:00,2,<span title='原始值：20.88'>20.9</span>,<span title='原始值：7.97'>7.97</span>,<span title='原始值：9.7'>9.70</span>,<span title='原始值：348.82'>348.8</span>,<span title='原始值：9.384'>9.4</span>,<span title='原始值：1.46'>1.46</span>,<span title='原始值：0.078'>0.078</span>,<span title='原始值：0.039'>0.039</span>,<span title='原始值：2.78'>2.78</span>,--,--
广东省,珠江流域,赤凤,02-25 09:00,2,<span title='原始值：19.85'>19.8</span>,<span title='原始值：7.49'>7.49</span>,<span title='原始值：8.56'>8.56</span>,<span title='原始值：177.3'>177.3</span>,<span title='原始值：7.54'>7.5</span>,<span data-toggle='tooltip' data-placement='right' title='当天质控不合格'>--</span>,<span title='原始值：0.047'>0.047</span>,<span title='原始值：0.049'>0.049</span>,<span data-toggle='tooltip' data-placement='right' title='当天质控不合格'>--</span>,--,--
广东省,珠江流域,凤江桥,02-25 09:00,2,<span title='原始值：20.839'>20.8</span>,<span title='原始值：7.09'>7.09</span>,<span title='原始值：8.878'>8.88</span>,<span title='原始值：122.553'>122.6</span>,<span title='原始值：54.019'>54.0</span>,<span title='原始值：2.217'>2.22</span>,<span title='原始值：0.112'>0.112</span>,<span title='原始值：0.07'>0.070</span>,<span title='原始值：1.941'>1.94</span>,--,--
广东省,珠江流域,地都,02-25 09:00,3,<span title='原始值：21.376'>21.4</span>,<span title='原始值：7.22'>7.22</span>,<span title='原始值：8.858'>8.86</span>,<span title='原始值：18078.06'>18078.1</span>,<span title='原始值：87.135'>87.1</span>,<span title='原始值：4.199'>4.20</span>,<span title='原始值：0.269'>0.269</span>,<span title='原始值：0.057'>0.057</span>,<span title='原始值：3.67'>3.67</span>,--,--
广东省,珠江流域,隆溪大道桥,02-25 09:00,3,<span title='原始值：21.146'>21.1</span>,<span title='原始值：7.2'>7.20</span>,<span title='原始值：5.693'>5.69</span>,<span title='原始值：17693.72'>17693.7</span>,<span title='原始值：2.552'>2.6</span>,<span title='原始值：3.625'>3.62</span>,<span title='原始值：0.604'>0.604</span>,<span title='原始值：0.051'>0.051</span>,<span title='原始值：2.128'>2.13</span>,--,--
广东省,珠江流域,龙石,02-25 09:00,4,<span title='原始值：21.964'>22.0</span>,<span title='原始值：6.94'>6.94</span>,<span title='原始值：4.102'>4.10</span>,<span title='原始值：454.506'>454.5</span>,<span title='原始值：25.454'>25.5</span>,<span title='原始值：4.485'>4.48</span>,<span title='原始值：0.681'>0.681</span>,<span title='原始值：0.123'>0.123</span>,<span title='原始值：5.326'>5.33</span>,--,--
广东省,珠江流域,龟山塔,02-25 09:00,2,<span title='原始值：22.27'>22.3</span>,<span title='原始值：6.969'>6.97</span>,<span title='原始值：8.078'>8.08</span>,<span title='原始值：118.186'>118.2</span>,<span title='原始值：25.353'>25.4</span>,<span title='原始值：2.2332'>2.23</span>,<span title='原始值：0.1288'>0.129</span>,<span title='原始值：0.0781'>0.078</span>,<span title='原始值：1.8549'>1.85</span>,--,--
广东省,珠江流域,古封,02-25 08:00,1,<span title='原始值：19.71'>19.7</span>,<span title='原始值：8.13'>8.13</span>,<span title='原始值：9.65'>9.65</span>,<span title='原始值：330.1'>330.1</span>,<span title='原始值：26.05'>26.0</span>,<span title='原始值：0.8481'>0.85</span>,<span title='原始值：0.0031'>0.003</span>,<span title='原始值：0.0166'>0.017</span>,<span title='原始值：2.296'>2.30</span>,--,--
广东省,珠江流域,都骑,02-25 09:00,3,<span title='原始值：25.0361'>25.0</span>,<span title='原始值：6.48'>6.48</span>,<span title='原始值：8.430892'>8.43</span>,--,<span title='原始值：13.09439'>13.1</span>,<span title='原始值：0.734'>0.73</span>,<span title='原始值：0.6443'>0.644</span>,--,<span title='原始值：2.14'>2.14</span>,--,--
广西壮族自治区,珠江流域,老口,02-25 09:00,1,<span title='原始值：19.51529'>19.5</span>,<span title='原始值：7.954634'>7.95</span>,<span title='原始值：8.358648'>8.36</span>,<span title='原始值：286.0826'>286.1</span>,<span title='原始值：4.196305'>4.2</span>,<span data-toggle='tooltip' data-placement='right' title='当天质控不合格'>--</span>,<span title='原始值：0.006660499'>0.007</span>,<span title='原始值：0.01541898'>0.015</span>,<span title='原始值：1.712294'>1.71</span>,--,--
广西壮族自治区,珠江流域,叮当,02-25 09:00,2,<span title='原始值：20.36'>20.4</span>,<span title='原始值：7.648'>7.65</span>,<span title='原始值：8.099'>8.10</span>,<span title='原始值：384.296'>384.3</span>,<span title='原始值：3.213'>3.2</span>,<span title='原始值：1.531'>1.53</span>,<span title='原始值：0.0297'>0.030</span>,<span title='原始值：0.029'>0.029</span>,<span title='原始值：3.2427'>3.24</span>,--,--
广西壮族自治区,珠江流域,六景,02-25 08:00,2,<span title='原始值：19.63'>19.6</span>,<span title='原始值：7.846'>7.85</span>,<span title='原始值：8.016'>8.02</span>,<span title='原始值：298.36'>298.4</span>,<span title='原始值：3'>3.0</span>,<span data-toggle='tooltip' data-placement='right' title='当天质控不合格'>--</span>,<span data-toggle='tooltip' data-placement='right' title='当天质控不合格'>--</span>,<span title='原始值：0.0264'>0.026</span>,<span title='原始值：1.872'>1.87</span>,--,--
广西壮族自治区,珠江流域,雁江,02-25 08:00,1,<span title='原始值：20.17346'>20.2</span>,<span title='原始值：7.83198'>7.83</span>,<span title='原始值：7.92679'>7.93</span>,<span title='原始值：279.7325'>279.7</span>,<span title='原始值：2.33993'>2.3</span>,<span title='原始值：0.67989'>0.68</span>,<span title='原始值：0.03462'>0.035</span>,<span title='原始值：0.01788'>0.018</span>,<span title='原始值：1.39498'>1.39</span>,--,--
广西壮族自治区,珠江流域,上中,02-25 08:00,2,<span title='原始值：20.56'>20.6</span>,<span title='原始值：7.86974'>7.87</span>,<span title='原始值：8.89974'>8.90</span>,<span title='原始值：327.3809'>327.4</span>,<span title='原始值：1.84537'>1.8</span>,<span title='原始值：0.99608'>1.00</span>,<span title='原始值：0.01772'>0.018</span>,<span title='原始值：0.02741'>0.027</span>,<span title='原始值：1.89798'>1.90</span>,--,--
广西壮族自治区,珠江流域,白马,02-25 09:00,2,<span title='原始值：19.8'>19.8</span>,<span title='原始值：7.772'>7.77</span>,<span title='原始值：8.448'>8.45</span>,<span title='原始值：250.81'>250.8</span>,<span title='原始值：11.09'>11.1</span>,<span title='原始值：1.028'>1.03</span>,<span title='原始值：0.0068'>0.007</span>,<span title='原始值：0.024'>0.024</span>,<span title='原始值：1.46'>1.46</span>,--,--
广西壮族自治区,珠江流域,露塘,02-25 08:00,1,<span title='原始值：15.22'>15.2</span>,<span title='原始值：7.8058'>7.81</span>,<span title='原始值：9.89852'>9.90</span>,<span title='原始值：151.1614'>151.2</span>,<span title='原始值：0.66925'>0.7</span>,<span data-toggle='tooltip' data-placement='right' title='当天质控不合格'>--</span>,<span title='原始值：0.02829'>0.028</span>,<span title='原始值：0.00955'>0.010</span>,<span title='原始值：0.9629'>0.96</span>,--,--
广西壮族自治区,珠江流域,渔村,02-25 09:00,1,<span title='原始值：17.034'>17.0</span>,<span title='原始值：8.29'>8.29</span>,<span title='原始值：10.366'>10.37</span>,<span title='原始值：356.196'>356.2</span>,<span title='原始值：4.463'>4.5</span>,<span title='原始值：1.82'>1.82</span>,<span title='原始值：0.011'>0.011</span>,<span title='原始值：0.013'>0.013</span>,<span title='原始值：1.473'>1.47</span>,--,--
广西壮族自治区,珠江流域,木洞,02-25 09:00,1,<span title='原始值：13.716'>13.7</span>,<span title='原始值：7.26'>7.26</span>,<span title='原始值：10.366'>10.37</span>,<span title='原始值：100.53'>100.5</span>,<span title='原始值：4.227'>4.2</span>,<span title='原始值：0.451'>0.45</span>,<span title='原始值：0.018'>0.018</span>,<span title='原始值：0.01'>0.010</span>,<span title='原始值：0.708'>0.71</span>,--,--
广西壮族自治区,珠江流域,龙溪,02-25 09:00,2,<span title='原始值：14.581'>14.6</span>,<span title='原始值：7.74'>7.74</span>,<span title='原始值：9.455'>9.46</span>,<span title='原始值：264.709'>264.7</span>,<span title='原始值：8.406'>8.4</span>,<span title='原始值：1.02'>1.02</span>,<span title='原始值：0.005'>0.005</span>,<span title='原始值：0.044'>0.044</span>,<span title='原始值：1.953'>1.95</span>,--,--
广西壮族自治区,珠江流域,阳朔,02-25 08:00,2,<span title='原始值：15.99'>16.0</span>,<span title='原始值：7.79'>7.79</span>,<span title='原始值：10'>10.00</span>,<span title='原始值：145.571'>145.6</span>,<span title='原始值：2.45'>2.4</span>,<span title='原始值：0.963'>0.96</span>,<span title='原始值：0.005'>0.005</span>,<span title='原始值：0.035'>0.035</span>,<span title='原始值：1.2531'>1.25</span>,--,--
广西壮族自治区,珠江流域,交州,02-25 09:00,1,<span title='原始值：13.557'>13.6</span>,<span title='原始值：7.18'>7.18</span>,<span title='原始值：9.561'>9.56</span>,<span title='原始值：77.38'>77.4</span>,<span title='原始值：5.407'>5.4</span>,<span title='原始值：0.844'>0.84</span>,<span title='原始值：0.003'>0.003</span>,<span title='原始值：0.017'>0.017</span>,<span title='原始值：0.832'>0.83</span>,--,--
广西壮族自治区,珠江流域,京南,02-25 08:00,2,<span title='原始值：17.29996'>17.3</span>,<span title='原始值：8.44714'>8.45</span>,<span title='原始值：10.80729'>10.81</span>,<span title='原始值：199.1893'>199.2</span>,<span title='原始值：0.74751'>0.7</span>,<span title='原始值：1.66802'>1.67</span>,<span title='原始值：0.01195'>0.012</span>,<span title='原始值：0.02494'>0.025</span>,<span title='原始值：1.24904'>1.25</span>,--,--
广西壮族自治区,珠江流域,亚桥,02-25 08:00,2,<span title='原始值：21.45'>21.4</span>,<span title='原始值：7.481'>7.48</span>,<span title='原始值：8.307'>8.31</span>,<span title='原始值：4351.788'>4351.8</span>,<span title='原始值：39.264'>39.3</span>,<span title='原始值：2.696'>2.70</span>,<span title='原始值：0.09'>0.090</span>,<span title='原始值：0.056'>0.056</span>,<span title='原始值：2.781'>2.78</span>,--,--
广西壮族自治区,珠江流域,东边埇,02-25 09:00,2,<span title='原始值：22.03'>22.0</span>,<span title='原始值：6.8813'>6.88</span>,<span title='原始值：7.8418'>7.84</span>,<span title='原始值：86.3275'>86.3</span>,<span title='原始值：8.012'>8.0</span>,<span title='原始值：1.7301'>1.73</span>,<span title='原始值：0.0109'>0.011</span>,<span title='原始值：0.0458'>0.046</span>,<span title='原始值：1.842'>1.84</span>,--,--
广西壮族自治区,珠江流域,南域,02-25 08:00,2,<span title='原始值：22.40437'>22.4</span>,<span title='原始值：7.23758'>7.24</span>,<span title='原始值：7.22255'>7.22</span>,<span title='原始值：7081.424'>7081.4</span>,<span title='原始值：14.05558'>14.1</span>,<span title='原始值：2.42252'>2.42</span>,<span title='原始值：0.14945'>0.149</span>,<span title='原始值：0.03953'>0.040</span>,<span title='原始值：2.91074'>2.91</span>,--,--
广西壮族自治区,珠江流域,西门江,02-25 09:00,4,<span title='原始值：22.33'>22.3</span>,<span title='原始值：7.087'>7.09</span>,<span title='原始值：4.811'>4.81</span>,<span title='原始值：929.886'>929.9</span>,<span title='原始值：27.787'>27.8</span>,<span title='原始值：3.6352'>3.64</span>,<span title='原始值：0.1562'>0.156</span>,<span title='原始值：0.174'>0.174</span>,<span title='原始值：4.0009'>4.00</span>,--,--
广西壮族自治区,珠江流域,高速公路桥,02-25 09:00,3,<span title='原始值：23.1'>23.1</span>,<span title='原始值：6.752'>6.75</span>,<span title='原始值：5.14'>5.14</span>,<span title='原始值：165.81'>165.8</span>,<span title='原始值：9.2'>9.2</span>,<span title='原始值：3.341'>3.34</span>,<span title='原始值：0.0159'>0.016</span>,<span title='原始值：0.1076'>0.108</span>,<span title='原始值：2.8721'>2.87</span>,--,--
广西壮族自治区,珠江流域,三滩,02-25 09:00,2,<span title='原始值：21.55'>21.6</span>,<span title='原始值：6.774'>6.77</span>,<span title='原始值：6.45'>6.45</span>,<span title='原始值：9229.9'>9229.9</span>,<span title='原始值：4.1'>4.1</span>,<span title='原始值：1.7'>1.70</span>,<span title='原始值：0.357'>0.357</span>,<span title='原始值：0.0876'>0.088</span>,<span title='原始值：1.192'>1.19</span>,--,--
广西壮族自治区,珠江流域,边贸码头,02-25 09:00,2,<span title='原始值：22.48'>22.5</span>,<span title='原始值：6.756'>6.76</span>,<span title='原始值：6.44'>6.44</span>,<span title='原始值：1811.15'>1811.2</span>,<span title='原始值：7.63'>7.6</span>,<span title='原始值：1.91'>1.91</span>,<span title='原始值：0.2'>0.200</span>,<span title='原始值：0.0927'>0.093</span>,<span title='原始值：2.028'>2.03</span>,--,--
广西壮族自治区,珠江流域,高塘,02-25 09:00,2,<span title='原始值：21.88'>21.9</span>,<span title='原始值：7.871'>7.87</span>,<span title='原始值：9.85'>9.85</span>,<span title='原始值：232.18'>232.2</span>,<span title='原始值：12.29'>12.3</span>,<span title='原始值：2.56'>2.56</span>,<span title='原始值：0.002'>0.002</span>,<span title='原始值：0.044'>0.044</span>,<span title='原始值：2.405'>2.40</span>,--,--
广西壮族自治区,珠江流域,茅岭大桥,02-25 09:00,2,<span title='原始值：20.87'>20.9</span>,<span title='原始值：7.45'>7.45</span>,<span title='原始值：7.87'>7.87</span>,<span title='原始值：12046.5'>12046.5</span>,<span title='原始值：6.29'>6.3</span>,<span title='原始值：2.07'>2.07</span>,<span title='原始值：0.176'>0.176</span>,<span title='原始值：0.061'>0.061</span>,<span title='原始值：1.331'>1.33</span>,--,--
广西壮族自治区,珠江流域,钦江东,02-25 08:00,2,<span title='原始值：20.9412'>20.9</span>,<span title='原始值：7.75583'>7.76</span>,<span title='原始值：9.9994'>10.00</span>,<span title='原始值：30472.05'>30472.0</span>,<span title='原始值：33.90043'>33.9</span>,<span title='原始值：1.64706'>1.65</span>,<span title='原始值：0.37404'>0.374</span>,<span title='原始值：0.04568'>0.046</span>,--,--,--
广西壮族自治区,珠江流域,高速公路西桥,02-25 09:00,3,<span title='原始值：22.75'>22.8</span>,<span title='原始值：7.28'>7.28</span>,<span title='原始值：5.2'>5.20</span>,<span title='原始值：22169.6'>22169.6</span>,<span title='原始值：15.47'>15.5</span>,<span title='原始值：4.28'>4.28</span>,<span title='原始值：0.547'>0.547</span>,<span title='原始值：0.129'>0.129</span>,<span title='原始值：3.304'>3.30</span>,--,--
广西壮族自治区,珠江流域,武林渡口,02-25 09:00,1,<span title='原始值：18.802'>18.8</span>,<span title='原始值：7.81'>7.81</span>,<span title='原始值：8.996'>9.00</span>,<span title='原始值：350.279'>350.3</span>,<span title='原始值：4.355'>4.4</span>,<span title='原始值：0.655'>0.66</span>,<span title='原始值：0.007'>0.007</span>,<span title='原始值：0.016'>0.016</span>,<span title='原始值：2.575'>2.58</span>,--,--
广西壮族自治区,珠江流域,火电厂,02-25 09:00,2,<span title='原始值：18.849'>18.8</span>,<span title='原始值：8.08'>8.08</span>,<span title='原始值：8.851'>8.85</span>,<span title='原始值：300.472'>300.5</span>,<span title='原始值：14.828'>14.8</span>,<span title='原始值：0.491'>0.49</span>,<span title='原始值：0.003'>0.003</span>,<span title='原始值：0.024'>0.024</span>,<span title='原始值：1.846'>1.85</span>,--,--
广西壮族自治区,珠江流域,自良渡口,02-25 08:00,2,<span title='原始值：20.3'>20.3</span>,<span title='原始值：7.15293'>7.15</span>,<span title='原始值：7.65648'>7.66</span>,<span title='原始值：169.7772'>169.8</span>,<span title='原始值：3.60282'>3.6</span>,<span title='原始值：1.10718'>1.11</span>,<span title='原始值：0.06847'>0.068</span>,<span title='原始值：0.05635'>0.056</span>,<span title='原始值：2.63369'>2.63</span>,--,--
广西壮族自治区,珠江流域,横塘,02-25 08:00,3,<span title='原始值：22.34'>22.3</span>,<span title='原始值：7.36329'>7.36</span>,<span title='原始值：7.58343'>7.58</span>,<span title='原始值：270.474'>270.5</span>,<span title='原始值：24.85723'>24.9</span>,<span title='原始值：1.91137'>1.91</span>,<span title='原始值：0.05324'>0.053</span>,<span title='原始值：0.13588'>0.136</span>,<span title='原始值：3.99389'>3.99</span>,--,--
广西壮族自治区,珠江流域,隘屯(上皿屯),02-25 09:00,2,<span title='原始值：20.0247'>20.0</span>,<span title='原始值：8.208652'>8.21</span>,<span title='原始值：8.398972'>8.40</span>,<span title='原始值：384.5803'>384.6</span>,<span title='原始值：4.749041'>4.7</span>,<span data-toggle='tooltip' data-placement='right' title='当天质控不合格'>--</span>,--,<span title='原始值：0.04989305'>0.050</span>,<span title='原始值：1.881486'>1.88</span>,--,--
广西壮族自治区,珠江流域,公篓,02-25 09:00,1,<span title='原始值：19.75'>19.8</span>,<span title='原始值：8'>8.00</span>,<span title='原始值：7.522'>7.52</span>,<span title='原始值：266.46'>266.5</span>,<span title='原始值：6.22'>6.2</span>,<span title='原始值：0.665'>0.66</span>,<span title='原始值：0.0201'>0.020</span>,<span title='原始值：0.0163'>0.016</span>,<span title='原始值：1.012'>1.01</span>,--,--
广西壮族自治区,珠江流域,桂花,02-25 08:00,2,<span title='原始值：14.9'>14.9</span>,<span title='原始值：7.68212'>7.68</span>,<span title='原始值：9.60749'>9.61</span>,<span title='原始值：204.0858'>204.1</span>,<span title='原始值：0.80987'>0.8</span>,<span title='原始值：0.95808'>0.96</span>,<span title='原始值：0.007'>0.007</span>,<span title='原始值：0.02905'>0.029</span>,<span title='原始值：1.24963'>1.25</span>,--,--
广西壮族自治区,珠江流域,贺街,02-25 09:00,2,<span title='原始值：18.42'>18.4</span>,<span title='原始值：7.44'>7.44</span>,<span title='原始值：8.71'>8.71</span>,<span title='原始值：300.12'>300.1</span>,<span title='原始值：6.238'>6.2</span>,<span title='原始值：0.9'>0.90</span>,<span title='原始值：0.0188'>0.019</span>,<span title='原始值：0.0352'>0.035</span>,<span title='原始值：1.534'>1.53</span>,--,--
广西壮族自治区,珠江流域,杨民,02-25 09:00,2,<span title='原始值：16.99'>17.0</span>,<span title='原始值：7.64'>7.64</span>,<span title='原始值：7.362'>7.36</span>,<span title='原始值：392.682'>392.7</span>,<span title='原始值：0.806'>0.8</span>,<span title='原始值：1.159'>1.16</span>,<span title='原始值：0.055'>0.055</span>,<span title='原始值：0.033'>0.033</span>,<span title='原始值：2.45'>2.45</span>,--,--
广西壮族自治区,珠江流域,龙岩滩水库,02-25 09:00,2,<span title='原始值：17.922'>17.9</span>,<span title='原始值：8.05'>8.05</span>,<span title='原始值：8.282'>8.28</span>,<span title='原始值：377.95'>378.0</span>,<span title='原始值：0.924'>0.9</span>,<span data-toggle='tooltip' data-placement='right' title='当天质控不合格'>--</span>,--,<span title='原始值：0.012'>0.012</span>,<span title='原始值：2.952'>2.95</span>,<span title='原始值：0.003347'>0.003</span>,<span title='原始值：697129.5'>697130</span>
广西壮族自治区,珠江流域,车渡,02-25 09:00,1,<span title='原始值：18.133'>18.1</span>,<span title='原始值：8.1'>8.10</span>,<span title='原始值：8.634'>8.63</span>,<span title='原始值：382.118'>382.1</span>,<span title='原始值：4.719'>4.7</span>,<span title='原始值：1.051'>1.05</span>,<span title='原始值：0.009'>0.009</span>,<span title='原始值：0.014'>0.014</span>,<span title='原始值：2.653'>2.65</span>,--,--
广西壮族自治区,珠江流域,垒亭,02-25 08:00,1,<span title='原始值：18.42459'>18.4</span>,<span title='原始值：7.96077'>7.96</span>,<span title='原始值：8.29683'>8.30</span>,<span title='原始值：363.8894'>363.9</span>,<span title='原始值：2.07386'>2.1</span>,<span title='原始值：0.69484'>0.69</span>,<span title='原始值：0.02014'>0.020</span>,<span title='原始值：0.01411'>0.014</span>,<span title='原始值：2.39944'>2.40</span>,--,--
广西壮族自治区,珠江流域,象州运江老街,02-25 09:00,1,<span title='原始值：16.386'>16.4</span>,<span title='原始值：7.81'>7.81</span>,<span title='原始值：9.724'>9.72</span>,<span title='原始值：235.023'>235.0</span>,<span title='原始值：9.331'>9.3</span>,<span title='原始值：0.94'>0.94</span>,<span title='原始值：0.005'>0.005</span>,<span title='原始值：0.017'>0.017</span>,<span title='原始值：1.459'>1.46</span>,--,--
广西壮族自治区,珠江流域,勒马,02-25 09:00,1,<span title='原始值：17.996'>18.0</span>,<span title='原始值：8.18'>8.18</span>,<span title='原始值：9.115'>9.12</span>,<span title='原始值：355.136'>355.1</span>,<span title='原始值：2.954'>3.0</span>,<span title='原始值：0.677'>0.68</span>,<span title='原始值：0.007'>0.007</span>,<span title='原始值：0.016'>0.016</span>,<span title='原始值：2.552'>2.55</span>,--,--
广西壮族自治区,珠江流域,那弄,02-25 09:00,1,<span title='原始值：19.84'>19.8</span>,<span title='原始值：6.8097'>6.81</span>,<span title='原始值：8.105'>8.10</span>,<span title='原始值：89.205'>89.2</span>,<span title='原始值：4.2216'>4.2</span>,<span title='原始值：1.59'>1.59</span>,--,<span title='原始值：0.0151'>0.015</span>,<span title='原始值：1.151'>1.15</span>,--,--
广西壮族自治区,珠江流域,上金,02-25 09:00,1,<span title='原始值：20.01'>20.0</span>,<span title='原始值：7.1347'>7.13</span>,<span title='原始值：8.9188'>8.92</span>,<span title='原始值：156.3206'>156.3</span>,<span title='原始值：20.912'>20.9</span>,<span title='原始值：1.666'>1.67</span>,<span title='原始值：0.0778'>0.078</span>,<span title='原始值：0.0123'>0.012</span>,<span title='原始值：1.099'>1.10</span>,--,--
广西壮族自治区,珠江流域,渠立,02-25 09:00,1,<span title='原始值：19.98'>20.0</span>,<span title='原始值：7.813'>7.81</span>,<span title='原始值：9.032'>9.03</span>,<span title='原始值：277.556'>277.6</span>,<span title='原始值：4.32'>4.3</span>,<span title='原始值：0.94'>0.94</span>,<span title='原始值：0.0246'>0.025</span>,<span title='原始值：0.0151'>0.015</span>,<span title='原始值：1.715'>1.72</span>,--,--
广西壮族自治区,珠江流域,棉江,02-25 09:00,2,<span title='原始值：20.38'>20.4</span>,<span title='原始值：8.355'>8.36</span>,<span title='原始值：12.55'>12.55</span>,<span title='原始值：217.239'>217.2</span>,<span title='原始值：7.706'>7.7</span>,<span title='原始值：2.1081'>2.11</span>,--,<span title='原始值：0.0235'>0.024</span>,<span data-toggle='tooltip' data-placement='right' title='当天质控不合格'>--</span>,--,--
海南省,珠江流域,儒房,02-25 09:00,2,<span title='原始值：26'>26.0</span>,<span title='原始值：7.93'>7.93</span>,<span title='原始值：9.27'>9.27</span>,<span title='原始值：15700.8'>15700.8</span>,<span title='原始值：8.6'>8.6</span>,<span title='原始值：1.58'>1.58</span>,<span title='原始值：0.375'>0.375</span>,<span title='原始值：0.021'>0.021</span>,<span title='原始值：1.277'>1.28</span>,--,--
海南省,珠江流域,后黎村,02-25 09:00,2,<span title='原始值：25.2'>25.2</span>,<span title='原始值：7.74'>7.74</span>,<span title='原始值：8.45'>8.45</span>,<span title='原始值：89.9'>89.9</span>,<span title='原始值：28.7'>28.7</span>,<span title='原始值：1.65'>1.65</span>,<span title='原始值：0.009'>0.009</span>,<span title='原始值：0.0293'>0.029</span>,<span title='原始值：1.029'>1.03</span>,--,--
海南省,珠江流域,林家村,02-25 09:00,2,<span title='原始值：26.28'>26.3</span>,<span title='原始值：7.93'>7.93</span>,<span title='原始值：6.53'>6.53</span>,<span title='原始值：435.28'>435.3</span>,<span title='原始值：25.29'>25.3</span>,<span title='原始值：1.66'>1.66</span>,<span title='原始值：0.011'>0.011</span>,<span title='原始值：0.037'>0.037</span>,<span title='原始值：0.132'>0.13</span>,--,--
海南省,珠江流域,崖城大桥,02-25 08:00,2,<span title='原始值：24.9'>24.9</span>,<span title='原始值：6.93'>6.93</span>,<span title='原始值：7'>7.00</span>,<span title='原始值：93.79'>93.8</span>,<span title='原始值：29.8'>29.8</span>,<span title='原始值：1.66'>1.66</span>,<span title='原始值：0.009'>0.009</span>,<span title='原始值：0.015'>0.015</span>,<span title='原始值：0.822'>0.82</span>,--,--
海南省,珠江流域,藤桥河大桥,02-25 09:00,2,<span title='原始值：27.06'>27.1</span>,<span title='原始值：8.26'>8.26</span>,<span title='原始值：11.65'>11.65</span>,<span title='原始值：10348.2'>10348.2</span>,<span title='原始值：22.07'>22.1</span>,<span title='原始值：2.88'>2.88</span>,<span title='原始值：0.204'>0.204</span>,<span title='原始值：0.029'>0.029</span>,<span title='原始值：0.982'>0.98</span>,--,--
海南省,珠江流域,松涛水库南丰库心,02-25 09:00,1,<span title='原始值：24.644'>24.6</span>,<span title='原始值：8.341047'>8.34</span>,<span title='原始值：9.340673'>9.34</span>,<span title='原始值：67.89547'>67.9</span>,<span title='原始值：0.7087909'>0.7</span>,<span title='原始值：1.034654'>1.03</span>,<span title='原始值：0.0003868484'>0.0004</span>,<span title='原始值：0.00548576'>0.005</span>,<span title='原始值：0.4121109'>0.41</span>,<span title='原始值：0.01755001'>0.018</span>,<span title='原始值：2047414'>2047414</span>
海南省,珠江流域,上村桥,02-25 09:00,2,<span title='原始值：26.9'>26.9</span>,<span title='原始值：7.31'>7.31</span>,<span title='原始值：6.52'>6.52</span>,<span title='原始值：463.5'>463.5</span>,<span title='原始值：40.3'>40.3</span>,<span data-toggle='tooltip' data-placement='right' title='当天质控不合格'>--</span>,<span title='原始值：0.01'>0.010</span>,<span title='原始值：0.047'>0.047</span>,<span title='原始值：0.882'>0.88</span>,--,--
海南省,珠江流域,中和桥,02-25 09:00,2,<span title='原始值：24.7'>24.7</span>,<span title='原始值：7.01'>7.01</span>,<span title='原始值：7.56'>7.56</span>,<span title='原始值：133.4'>133.4</span>,<span title='原始值：24.7'>24.7</span>,<span title='原始值：3.17'>3.17</span>,--,<span title='原始值：0.05'>0.050</span>,<span title='原始值：1.259'>1.26</span>,--,--
海南省,珠江流域,汀洲(丹村),02-25 08:00,2,<span title='原始值：23.97'>24.0</span>,<span title='原始值：7.08'>7.08</span>,<span title='原始值：7.5'>7.50</span>,<span title='原始值：105.98'>106.0</span>,<span title='原始值：12.6'>12.6</span>,<span title='原始值：1.479'>1.48</span>,<span title='原始值：0.006'>0.006</span>,<span title='原始值：0.0457'>0.046</span>,<span title='原始值：0.933'>0.93</span>,--,--
海南省,珠江流域,龙江,02-25 08:00,2,<span title='原始值：24.35'>24.4</span>,<span title='原始值：6.94'>6.94</span>,<span title='原始值：8.19'>8.19</span>,<span title='原始值：76.36'>76.4</span>,<span title='原始值：497.19'>497.2</span>,<span title='原始值：0.286'>0.29</span>,<span title='原始值：0.046'>0.046</span>,<span title='原始值：0.0233'>0.023</span>,<span title='原始值：1.112'>1.11</span>,--,--
海南省,珠江流域,溪仔村,02-25 09:00,2,<span title='原始值：24.5'>24.5</span>,<span title='原始值：7.83'>7.83</span>,<span title='原始值：9.44'>9.44</span>,<span title='原始值：79.87'>79.9</span>,<span title='原始值：4.28'>4.3</span>,<span title='原始值：1.52'>1.52</span>,--,<span title='原始值：0.022'>0.022</span>,<span title='原始值：0.767'>0.77</span>,--,--
海南省,珠江流域,羊头外村桥,02-25 09:00,2,<span title='原始值：27.73'>27.7</span>,<span title='原始值：6.79'>6.79</span>,<span title='原始值：6.23'>6.23</span>,<span title='原始值：1429.23'>1429.2</span>,<span title='原始值：21.09'>21.1</span>,<span title='原始值：3.08'>3.08</span>,<span title='原始值：0.037'>0.037</span>,<span title='原始值：0.046'>0.046</span>,<span title='原始值：0.703'>0.70</span>,--,--
海南省,珠江流域,农垦橡胶所一队,02-25 09:00,1,<span title='原始值：25.2'>25.2</span>,<span title='原始值：6.94'>6.94</span>,<span title='原始值：7.67'>7.67</span>,<span title='原始值：110.8'>110.8</span>,<span title='原始值：2.7'>2.7</span>,<span title='原始值：0.84'>0.84</span>,<span title='原始值：0.003'>0.003</span>,<span title='原始值：0.017'>0.017</span>,<span title='原始值：1.379'>1.38</span>,--,--
海南省,珠江流域,水涯新区,02-25 09:00,3,<span title='原始值：25.6'>25.6</span>,<span title='原始值：7.15'>7.15</span>,<span title='原始值：7.73'>7.73</span>,<span title='原始值：17787.9'>17787.9</span>,<span title='原始值：11.7'>11.7</span>,<span title='原始值：4.51'>4.51</span>,<span title='原始值：0.175'>0.175</span>,<span title='原始值：0.04'>0.040</span>,<span title='原始值：0.955'>0.96</span>,--,--
海南省,珠江流域,分洪桥,02-25 09:00,2,<span title='原始值：25.98'>26.0</span>,<span title='原始值：8.4'>8.40</span>,<span title='原始值：11.25'>11.25</span>,<span title='原始值：102.13'>102.1</span>,<span title='原始值：13.41'>13.4</span>,<span title='原始值：3.47'>3.47</span>,--,<span title='原始值：0.041'>0.041</span>,<span title='原始值：0.987'>0.99</span>,--,--
海南省,珠江流域,后山村,02-25 09:00,5,<span title='原始值：26.33'>26.3</span>,<span title='原始值：6.4987'>6.50</span>,<span title='原始值：2.4766'>2.48</span>,<span title='原始值：133.376'>133.4</span>,<span title='原始值：30.1046'>30.1</span>,<span title='原始值：4.98'>4.98</span>,<span title='原始值：0.856'>0.856</span>,<span title='原始值：0.049'>0.049</span>,<span title='原始值：3.631'>3.63</span>,--,--
海南省,珠江流域,大广坝水库库心,02-25 09:00,2,<span title='原始值：23.3'>23.3</span>,<span title='原始值：7.12'>7.12</span>,<span title='原始值：6.76'>6.76</span>,<span title='原始值：85.74'>85.7</span>,<span title='原始值：2.54'>2.5</span>,<span title='原始值：1.25'>1.25</span>,<span title='原始值：0.004'>0.004</span>,<span title='原始值：0.009'>0.009</span>,<span title='原始值：0.433'>0.43</span>,<span title='原始值：0.0111'>0.011</span>,<span title='原始值：1.00804E+07'>10080400</span>
海南省,珠江流域,罗带铁路桥,02-25 09:00,4,<span title='原始值：27.1'>27.1</span>,<span title='原始值：7.58'>7.58</span>,<span title='原始值：4.23'>4.23</span>,<span title='原始值：36614.8'>36614.8</span>,<span title='原始值：20.1'>20.1</span>,<span title='原始值：3.23'>3.23</span>,<span title='原始值：0.436'>0.436</span>,<span title='原始值：0.184'>0.184</span>,<span title='原始值：0.995'>1.00</span>,--,--
海南省,珠江流域,山口,02-25 09:00,2,<span title='原始值：25.87'>25.9</span>,<span title='原始值：8.11'>8.11</span>,<span title='原始值：9.12'>9.12</span>,<span title='原始值：95.74'>95.7</span>,<span title='原始值：3.06'>3.1</span>,<span title='原始值：1.536'>1.54</span>,<span title='原始值：0.007'>0.007</span>,<span title='原始值：0.0216'>0.022</span>,<span title='原始值：0.764'>0.76</span>,--,--
海南省,珠江流域,白仞滩电站,02-25 09:00,2,<span title='原始值：25.5'>25.5</span>,<span title='原始值：7.14'>7.14</span>,<span title='原始值：6.89'>6.89</span>,<span title='原始值：107.4'>107.4</span>,<span title='原始值：15.2'>15.2</span>,<span data-toggle='tooltip' data-placement='right' title='当天质控不合格'>--</span>,<span title='原始值：0.045'>0.045</span>,<span title='原始值：0.077'>0.077</span>,<span title='原始值：0.975'>0.98</span>,--,--
海南省,珠江流域,大风(昌化),02-25 09:00,2,<span title='原始值：24.97763'>25.0</span>,<span title='原始值：7.008573'>7.01</span>,<span title='原始值：7.970603'>7.97</span>,<span title='原始值：105.2491'>105.2</span>,<span title='原始值：4.508069'>4.5</span>,<span title='原始值：1.155899'>1.16</span>,--,<span title='原始值：0.02480764'>0.025</span>,<span title='原始值：0.723162'>0.72</span>,--,--
海南省,珠江流域,叉河口,02-25 09:00,2,<span title='原始值：26.3'>26.3</span>,<span title='原始值：7.39'>7.39</span>,<span title='原始值：7.82'>7.82</span>,<span title='原始值：251.3'>251.3</span>,<span title='原始值：6.3'>6.3</span>,<span title='原始值：1.47'>1.47</span>,<span title='原始值：0.037'>0.037</span>,<span title='原始值：0.089'>0.089</span>,<span title='原始值：1.914'>1.91</span>,--,--
海南省,珠江流域,乐中,02-25 09:00,2,<span title='原始值：26.2'>26.2</span>,<span title='原始值：7.28'>7.28</span>,<span title='原始值：8.16'>8.16</span>,<span title='原始值：114.1'>114.1</span>,<span title='原始值：12.5'>12.5</span>,<span title='原始值：1.31'>1.31</span>,<span title='原始值：0.015'>0.015</span>,<span title='原始值：0.03'>0.030</span>,<span title='原始值：0.538'>0.54</span>,--,--
海南省,珠江流域,跨界桥,02-25 09:00,2,<span title='原始值：26.6'>26.6</span>,<span title='原始值：8.08'>8.08</span>,<span title='原始值：10.35'>10.35</span>,<span title='原始值：110.9'>110.9</span>,<span title='原始值：8.9'>8.9</span>,<span title='原始值：1.91'>1.91</span>,<span title='原始值：0.008'>0.008</span>,<span title='原始值：0.031'>0.031</span>,<span title='原始值：0.742'>0.74</span>,--,--
海南省,珠江流域,群英大坝,02-25 09:00,2,<span title='原始值：25.8'>25.8</span>,<span title='原始值：8.36'>8.36</span>,<span title='原始值：9.97'>9.97</span>,<span title='原始值：111'>111.0</span>,<span title='原始值：13'>13.0</span>,<span title='原始值：1.59'>1.59</span>,<span title='原始值：0.013'>0.013</span>,<span title='原始值：0.041'>0.041</span>,<span title='原始值：0.949'>0.95</span>,--,--
海南省,珠江流域,大溪村,02-25 09:00,2,<span title='原始值：24.4'>24.4</span>,<span title='原始值：7.11'>7.11</span>,<span title='原始值：6.73'>6.73</span>,<span title='原始值：2191.5'>2191.5</span>,<span title='原始值：6.5'>6.5</span>,<span title='原始值：3.72'>3.72</span>,<span title='原始值：0.208'>0.208</span>,<span title='原始值：0.056'>0.056</span>,<span title='原始值：2.32'>2.32</span>,--,--
重庆市,长江流域,芙蓉洞码头,02-25 09:00,1,<span title='原始值：14.65'>14.6</span>,<span title='原始值：8.45'>8.45</span>,<span title='原始值：11.07'>11.07</span>,<span title='原始值：326.22'>326.2</span>,<span title='原始值：7.35'>7.4</span>,<span title='原始值：0.45'>0.45</span>,<span title='原始值：0.054'>0.054</span>,<span title='原始值：0.009'>0.009</span>,<span title='原始值：1.745'>1.74</span>,--,--
重庆市,长江流域,晒网坝,02-25 09:00,2,<span title='原始值：14.87'>14.9</span>,<span title='原始值：7.997'>8.00</span>,<span title='原始值：9.169'>9.17</span>,<span title='原始值：447.5981'>447.6</span>,<span title='原始值：15.2678'>15.3</span>,<span title='原始值：0.98'>0.98</span>,<span title='原始值：0.051'>0.051</span>,<span title='原始值：0.0458'>0.046</span>,<span title='原始值：1.888'>1.89</span>,--,--
重庆市,长江流域,向家,02-25 09:00,2,<span title='原始值：12.56'>12.6</span>,<span title='原始值：7.832'>7.83</span>,<span title='原始值：10.33'>10.33</span>,<span title='原始值：255.187'>255.2</span>,<span title='原始值：9.191'>9.2</span>,<span title='原始值：2.399'>2.40</span>,<span title='原始值：0.0094'>0.009</span>,<span title='原始值：0.0638'>0.064</span>,<span title='原始值：1.386'>1.39</span>,--,--
重庆市,长江流域,磨刀溪长滩,02-25 09:00,2,<span title='原始值：12.19'>12.2</span>,<span title='原始值：8.657'>8.66</span>,<span title='原始值：14.358'>14.36</span>,<span title='原始值：221.116'>221.1</span>,<span title='原始值：12.252'>12.3</span>,<span title='原始值：2.246'>2.25</span>,<span title='原始值：0.008'>0.008</span>,<span title='原始值：0.03'>0.030</span>,<span title='原始值：1.182'>1.18</span>,--,--
重庆市,长江流域,清溪场,02-25 09:00,2,<span title='原始值：15.43'>15.4</span>,<span title='原始值：8.2297'>8.23</span>,<span title='原始值：9.661'>9.66</span>,<span title='原始值：478.2716'>478.3</span>,<span title='原始值：11.5379'>11.5</span>,<span title='原始值：1.389'>1.39</span>,--,<span title='原始值：0.0361'>0.036</span>,<span title='原始值：1.85'>1.85</span>,--,--
重庆市,长江流域,木瓜洞,02-25 08:00,-1,--,--,--,--,--,--,--,--,--,--,--
重庆市,长江流域,寸滩,02-25 09:00,2,<span title='原始值：16.32'>16.3</span>,<span title='原始值：8.246'>8.25</span>,<span title='原始值：10.573'>10.57</span>,<span title='原始值：444.719'>444.7</span>,<span title='原始值：13.423'>13.4</span>,<span title='原始值：1.914'>1.91</span>,<span title='原始值：0.0188'>0.019</span>,<span title='原始值：0.0273'>0.027</span>,<span title='原始值：1.303'>1.30</span>,--,--
重庆市,长江流域,和尚山,02-25 09:00,2,<span title='原始值：18.28'>18.3</span>,<span title='原始值：8.3'>8.30</span>,<span title='原始值：10.04'>10.04</span>,<span title='原始值：464.94'>464.9</span>,<span title='原始值：24.98'>25.0</span>,<span title='原始值：0.785'>0.78</span>,<span title='原始值：0.006'>0.006</span>,<span title='原始值：0.027'>0.027</span>,<span title='原始值：1.632'>1.63</span>,--,--
重庆市,长江流域,北温泉,02-25 09:00,1,<span title='原始值：13.7'>13.7</span>,<span title='原始值：8.30657'>8.31</span>,<span title='原始值：11.7497'>11.75</span>,<span title='原始值：486.297'>486.3</span>,<span title='原始值：3.58422'>3.6</span>,<span title='原始值：1.7095'>1.71</span>,<span title='原始值：0.005'>0.005</span>,--,<span title='原始值：1.754'>1.75</span>,--,--
重庆市,长江流域,寨溪大桥,02-25 08:00,2,<span title='原始值：17.87'>17.9</span>,<span title='原始值：7.964'>7.96</span>,<span title='原始值：8.121'>8.12</span>,<span title='原始值：1183.817'>1183.8</span>,<span title='原始值：8.8'>8.8</span>,<span title='原始值：2.188'>2.19</span>,<span title='原始值：0.0844'>0.084</span>,<span title='原始值：0.0307'>0.031</span>,<span title='原始值：2.367'>2.37</span>,--,--
重庆市,长江流域,石门坎,02-25 08:00,1,<span title='原始值：16.74'>16.7</span>,<span title='原始值：8.2'>8.20</span>,<span title='原始值：8.006'>8.01</span>,<span title='原始值：472.83'>472.8</span>,<span title='原始值：2.04'>2.0</span>,<span title='原始值：0.725'>0.72</span>,--,<span title='原始值：0.0086'>0.009</span>,<span title='原始值：1.45'>1.45</span>,--,--
重庆市,长江流域,玉滩水库,02-25 08:00,3,<span title='原始值：15.44'>15.4</span>,<span title='原始值：8.54834'>8.55</span>,<span title='原始值：18.05972'>18.06</span>,<span title='原始值：520.807'>520.8</span>,<span title='原始值：12.65857'>12.7</span>,<span title='原始值：4.7528'>4.75</span>,<span title='原始值：0.07323'>0.073</span>,<span title='原始值：0.04841'>0.048</span>,<span title='原始值：1.61782'>1.62</span>,<span title='原始值：0.03718879'>0.037</span>,<span title='原始值：7552782'>7552782</span>
重庆市,长江流域,御临镇,02-25 09:00,2,<span title='原始值：16.38'>16.4</span>,<span title='原始值：8.584'>8.58</span>,<span title='原始值：15.978'>15.98</span>,<span title='原始值：490.656'>490.7</span>,<span title='原始值：9.283'>9.3</span>,<span title='原始值：3.985'>3.98</span>,<span title='原始值：0.0237'>0.024</span>,<span title='原始值：0.0306'>0.031</span>,<span title='原始值：1.356'>1.36</span>,--,--
重庆市,长江流域,黎家乡崔家岩村,02-25 08:00,2,<span title='原始值：15.94'>15.9</span>,<span title='原始值：8.596'>8.60</span>,<span title='原始值：12.076'>12.08</span>,<span title='原始值：508.5'>508.5</span>,<span title='原始值：7.97'>8.0</span>,<span data-toggle='tooltip' data-placement='right' title='当天质控不合格'>--</span>,<span title='原始值：0.0543'>0.054</span>,<span title='原始值：0.0292'>0.029</span>,<span title='原始值：1.761'>1.76</span>,--,--
重庆市,长江流域,运输桥,02-25 08:00,2,<span title='原始值：15.42'>15.4</span>,<span title='原始值：7.99129'>7.99</span>,<span title='原始值：10.1625'>10.16</span>,<span title='原始值：455.9323'>455.9</span>,<span title='原始值：3.1153'>3.1</span>,<span title='原始值：3.321'>3.32</span>,<span title='原始值：0.0185'>0.018</span>,<span data-toggle='tooltip' data-placement='right' title='当天质控不合格'>--</span>,<span title='原始值：1.622'>1.62</span>,--,--
重庆市,长江流域,六剑滩,02-25 09:00,2,<span title='原始值：15.28'>15.3</span>,<span title='原始值：8.41'>8.41</span>,<span title='原始值：12.53'>12.53</span>,<span title='原始值：578.5'>578.5</span>,<span title='原始值：3.38'>3.4</span>,<span title='原始值：3.478'>3.48</span>,<span title='原始值：0.008'>0.008</span>,<span title='原始值：0.049'>0.049</span>,<span title='原始值：3.444'>3.44</span>,--,--
重庆市,长江流域,支坪街道,02-25 08:00,2,<span title='原始值：17'>17.0</span>,<span title='原始值：8.189'>8.19</span>,<span title='原始值：10.647'>10.65</span>,<span title='原始值：651.4255'>651.4</span>,<span title='原始值：5.9176'>5.9</span>,<span title='原始值：1.662'>1.66</span>,--,<span title='原始值：0.0276'>0.028</span>,<span title='原始值：1.82'>1.82</span>,--,--
重庆市,长江流域,江津大桥,02-25 09:00,2,<span title='原始值：17.25'>17.2</span>,<span title='原始值：8.12'>8.12</span>,<span title='原始值：10.062'>10.06</span>,<span title='原始值：462.97'>463.0</span>,<span title='原始值：3.39'>3.4</span>,<span title='原始值：1.101'>1.10</span>,--,<span title='原始值：0.032'>0.032</span>,<span title='原始值：1.53'>1.53</span>,--,--
重庆市,长江流域,朱杨溪,02-25 09:00,3,<span title='原始值：17'>17.0</span>,<span title='原始值：8.17'>8.17</span>,<span title='原始值：9.288'>9.29</span>,<span title='原始值：898.29'>898.3</span>,<span title='原始值：5.96'>6.0</span>,<span title='原始值：4.609'>4.61</span>,<span title='原始值：0.0314'>0.031</span>,<span title='原始值：0.0654'>0.065</span>,<span title='原始值：6.151'>6.15</span>,--,--
重庆市,长江流域,北渡,02-25 08:00,2,<span title='原始值：16.07'>16.1</span>,<span title='原始值：8.0094'>8.01</span>,<span title='原始值：10.1233'>10.12</span>,<span title='原始值：643.5455'>643.5</span>,<span title='原始值：11.168'>11.2</span>,<span title='原始值：1.346'>1.35</span>,<span title='原始值：0.2796'>0.280</span>,<span title='原始值：0.0505'>0.050</span>,<span title='原始值：2.209'>2.21</span>,--,--
重庆市,长江流域,白杨溪,02-25 09:00,2,<span title='原始值：16.31'>16.3</span>,<span title='原始值：7.866'>7.87</span>,<span title='原始值：10.086'>10.09</span>,<span title='原始值：168.69'>168.7</span>,<span title='原始值：19.792'>19.8</span>,<span title='原始值：1.428'>1.43</span>,<span title='原始值：0.015'>0.015</span>,<span title='原始值：0.022'>0.022</span>,<span title='原始值：1.384'>1.38</span>,--,--
重庆市,长江流域,太和,02-25 09:00,1,<span title='原始值：15'>15.0</span>,<span title='原始值：8.29'>8.29</span>,<span title='原始值：13.686'>13.69</span>,<span title='原始值：445.26'>445.3</span>,<span title='原始值：8'>8.0</span>,<span title='原始值：1.455'>1.46</span>,<span title='原始值：0.0241'>0.024</span>,<span title='原始值：0.0124'>0.012</span>,<span title='原始值：2.333'>2.33</span>,--,--
重庆市,长江流域,官渡,02-25 09:00,2,<span title='原始值：14.78'>14.8</span>,<span title='原始值：8.787801'>8.79</span>,<span title='原始值：19.998'>20.00</span>,<span title='原始值：375.2225'>375.2</span>,<span title='原始值：5.43'>5.4</span>,<span title='原始值：2.9644'>2.96</span>,<span title='原始值：0.012282'>0.012</span>,<span title='原始值：0.039'>0.039</span>,<span title='原始值：1.648'>1.65</span>,--,--
重庆市,长江流域,临渡,02-25 09:00,2,<span title='原始值：15.34'>15.3</span>,<span title='原始值：8.401'>8.40</span>,<span title='原始值：12.718'>12.72</span>,<span title='原始值：489.2'>489.2</span>,<span title='原始值：8.594'>8.6</span>,<span title='原始值：2.05'>2.05</span>,--,<span title='原始值：0.0216'>0.022</span>,<span title='原始值：2.304'>2.30</span>,--,--
重庆市,长江流域,渠江码头,02-25 09:00,2,<span title='原始值：14.31'>14.3</span>,<span title='原始值：8.811'>8.81</span>,<span title='原始值：25.042'>25.04</span>,<span title='原始值：370.074'>370.1</span>,<span title='原始值：12.785'>12.8</span>,<span title='原始值：2.447'>2.45</span>,<span title='原始值：0.0145'>0.014</span>,<span title='原始值：0.0309'>0.031</span>,<span title='原始值：1.693'>1.69</span>,--,--
重庆市,长江流域,黄桷,02-25 09:00,2,<span title='原始值：17.21'>17.2</span>,<span title='原始值：7.942'>7.94</span>,<span title='原始值：7.07'>7.07</span>,<span title='原始值：693.852'>693.9</span>,<span title='原始值：9.435'>9.4</span>,<span title='原始值：2.986'>2.99</span>,--,<span title='原始值：0.049'>0.049</span>,<span title='原始值：1.892'>1.89</span>,--,--
重庆市,长江流域,朱沱,02-25 09:00,2,<span title='原始值：16.93'>16.9</span>,<span title='原始值：8.35'>8.35</span>,<span title='原始值：10.12'>10.12</span>,<span title='原始值：461.8'>461.8</span>,<span title='原始值：2.49'>2.5</span>,<span title='原始值：0.984'>0.98</span>,<span title='原始值：0.005'>0.005</span>,<span title='原始值：0.037'>0.037</span>,<span title='原始值：1.106'>1.11</span>,--,--
重庆市,长江流域,四明水厂,02-25 09:00,2,<span title='原始值：16.95'>17.0</span>,<span title='原始值：8.312'>8.31</span>,<span title='原始值：9.994'>9.99</span>,<span title='原始值：515.2'>515.2</span>,<span title='原始值：27.9'>27.9</span>,<span data-toggle='tooltip' data-placement='right' title='当天质控不合格'>--</span>,<span title='原始值：0.0116'>0.012</span>,<span title='原始值：0.0257'>0.026</span>,<span data-toggle='tooltip' data-placement='right' title='当天质控不合格'>--</span>,--,--
重庆市,长江流域,金狮桥,02-25 09:00,1,<span title='原始值：14.27'>14.3</span>,<span title='原始值：8.222'>8.22</span>,<span title='原始值：9.491'>9.49</span>,<span title='原始值：226.612'>226.6</span>,<span title='原始值：12.884'>12.9</span>,<span title='原始值：0.511'>0.51</span>,--,<span title='原始值：0.008'>0.008</span>,<span title='原始值：0.67'>0.67</span>,--,--
重庆市,长江流域,璧南河两河口,02-25 08:00,3,<span title='原始值：16.48'>16.5</span>,<span title='原始值：8.319'>8.32</span>,<span title='原始值：10.65'>10.65</span>,<span title='原始值：967.85'>967.8</span>,<span title='原始值：10.788'>10.8</span>,<span title='原始值：5.726'>5.73</span>,<span title='原始值：0.007'>0.007</span>,<span title='原始值：0.051'>0.051</span>,<span title='原始值：3.107'>3.11</span>,--,--
重庆市,长江流域,中和,02-25 09:00,3,<span title='原始值：14.8'>14.8</span>,<span title='原始值：8.359'>8.36</span>,--,<span title='原始值：604.3'>604.3</span>,<span title='原始值：17.31'>17.3</span>,<span title='原始值：4.581'>4.58</span>,<span title='原始值：0.0289'>0.029</span>,<span title='原始值：0.0224'>0.022</span>,<span title='原始值：1.477'>1.48</span>,--,--
重庆市,长江流域,玉溪,02-25 08:00,1,<span title='原始值：14.89'>14.9</span>,<span title='原始值：8.0166'>8.02</span>,<span title='原始值：9.6062'>9.61</span>,<span title='原始值：555.1597'>555.2</span>,<span title='原始值：6.3394'>6.3</span>,<span title='原始值：1.3415'>1.34</span>,<span title='原始值：0.0044'>0.004</span>,<span title='原始值：0.0127'>0.013</span>,<span title='原始值：2.079'>2.08</span>,--,--
重庆市,长江流域,高洞电站,02-25 08:00,4,<span title='原始值：15.14'>15.1</span>,<span title='原始值：7.96'>7.96</span>,<span title='原始值：10.329'>10.33</span>,<span title='原始值：829.67'>829.7</span>,<span title='原始值：54.703'>54.7</span>,<span title='原始值：6.466'>6.47</span>,<span title='原始值：0.118'>0.118</span>,<span title='原始值：0.0543'>0.054</span>,<span title='原始值：3.606'>3.61</span>,--,--
重庆市,长江流域,巫山乡,02-25 09:00,2,<span title='原始值：12.59'>12.6</span>,<span title='原始值：7.888'>7.89</span>,<span title='原始值：9.562'>9.56</span>,<span title='原始值：333.605'>333.6</span>,<span title='原始值：5.592'>5.6</span>,<span title='原始值：2.335'>2.34</span>,<span title='原始值：0.015'>0.015</span>,<span title='原始值：0.025'>0.025</span>,<span title='原始值：1.275'>1.28</span>,--,--
重庆市,长江流域,鸭江镇,02-25 09:00,2,<span title='原始值：15.88'>15.9</span>,<span title='原始值：8.164'>8.16</span>,<span title='原始值：9.095'>9.10</span>,<span title='原始值：780.541'>780.5</span>,<span title='原始值：5.826'>5.8</span>,<span title='原始值：1.77'>1.77</span>,--,<span title='原始值：0.031'>0.031</span>,<span title='原始值：3.798'>3.80</span>,--,--
重庆市,长江流域,江口镇,02-25 08:00,1,<span title='原始值：12.213'>12.2</span>,<span title='原始值：8.104'>8.10</span>,<span title='原始值：10.033'>10.03</span>,<span title='原始值：344.524'>344.5</span>,<span title='原始值：1.439'>1.4</span>,<span title='原始值：0.521'>0.52</span>,--,<span title='原始值：0.007'>0.007</span>,<span title='原始值：1.917'>1.92</span>,--,--
重庆市,长江流域,白马,02-25 08:00,2,<span title='原始值：14.84'>14.8</span>,<span title='原始值：8.063'>8.06</span>,<span title='原始值：8.438'>8.44</span>,<span title='原始值：454.811'>454.8</span>,<span title='原始值：8.034'>8.0</span>,<span title='原始值：0.628'>0.63</span>,<span title='原始值：0.014'>0.014</span>,<span title='原始值：0.04'>0.040</span>,<span title='原始值：3.621'>3.62</span>,--,--
重庆市,长江流域,土堡寨,02-25 08:00,-1,--,--,--,--,--,--,--,--,--,--,--
重庆市,长江流域,水寨子,02-25 08:00,1,<span title='原始值：11.25'>11.2</span>,<span title='原始值：8.473'>8.47</span>,<span title='原始值：10.202'>10.20</span>,<span title='原始值：199.519'>199.5</span>,<span title='原始值：3.496'>3.5</span>,<span title='原始值：1.311'>1.31</span>,<span title='原始值：0.006'>0.006</span>,<span title='原始值：0.0153'>0.015</span>,<span title='原始值：0.69'>0.69</span>,--,--
重庆市,长江流域,湖海场,02-25 09:00,2,<span title='原始值：14.06'>14.1</span>,<span title='原始值：7.82'>7.82</span>,<span title='原始值：8.999'>9.00</span>,<span title='原始值：288.687'>288.7</span>,<span title='原始值：9.757'>9.8</span>,<span title='原始值：2.42'>2.42</span>,<span title='原始值：0.215'>0.215</span>,<span title='原始值：0.087'>0.087</span>,<span title='原始值：2.172'>2.17</span>,--,--
重庆市,长江流域,卫星桥,02-25 09:00,2,<span title='原始值：14.57'>14.6</span>,<span title='原始值：8.1108'>8.11</span>,<span title='原始值：10.4202'>10.42</span>,<span title='原始值：397.7134'>397.7</span>,<span title='原始值：10.478'>10.5</span>,<span title='原始值：3.08'>3.08</span>,<span title='原始值：0.048'>0.048</span>,<span title='原始值：0.028'>0.028</span>,<span title='原始值：0.529'>0.53</span>,--,--
重庆市,长江流域,高洞梁,02-25 08:00,2,<span title='原始值：14.82'>14.8</span>,<span title='原始值：8.0675'>8.07</span>,<span title='原始值：11.831'>11.83</span>,<span title='原始值：584.661'>584.7</span>,<span title='原始值：11.475'>11.5</span>,<span title='原始值：2.7'>2.70</span>,<span title='原始值：0.012'>0.012</span>,<span title='原始值：0.042'>0.042</span>,<span title='原始值：0.748'>0.75</span>,--,--
重庆市,长江流域,苏家,02-25 08:00,2,<span title='原始值：15.22'>15.2</span>,<span title='原始值：8.1671'>8.17</span>,<span title='原始值：9.12'>9.12</span>,<span title='原始值：451.0878'>451.1</span>,<span title='原始值：16.7461'>16.7</span>,<span title='原始值：0.96'>0.96</span>,--,<span title='原始值：0.034'>0.034</span>,<span title='原始值：1.629'>1.63</span>,--,--
重庆市,长江流域,清水湖渡口,02-25 09:00,2,<span title='原始值：14.83'>14.8</span>,<span title='原始值：8.1976'>8.20</span>,<span title='原始值：12.0627'>12.06</span>,<span title='原始值：348.87'>348.9</span>,<span title='原始值：3.381'>3.4</span>,<span title='原始值：1.6104'>1.61</span>,<span title='原始值：0.003257'>0.003</span>,<span title='原始值：0.0201'>0.020</span>,<span title='原始值：2.1481'>2.15</span>,--,--
重庆市,长江流域,小江河口,02-25 09:00,2,<span title='原始值：14.57'>14.6</span>,<span title='原始值：8.003'>8.00</span>,<span title='原始值：8.83'>8.83</span>,<span title='原始值：432.45'>432.4</span>,<span title='原始值：3.9'>3.9</span>,<span title='原始值：1.003'>1.00</span>,<span title='原始值：0.0554'>0.055</span>,<span title='原始值：0.0395'>0.040</span>,<span title='原始值：1.8849'>1.88</span>,--,--
重庆市,长江流域,汤溪河江口,02-25 09:00,2,<span title='原始值：13.41'>13.4</span>,<span title='原始值：8.077'>8.08</span>,<span title='原始值：10.31'>10.31</span>,<span title='原始值：270.173'>270.2</span>,<span title='原始值：43.885'>43.9</span>,<span title='原始值：0.88'>0.88</span>,<span title='原始值：0.0072'>0.007</span>,<span title='原始值：0.0257'>0.026</span>,<span title='原始值：1.1'>1.10</span>,--,--
重庆市,长江流域,罗汉大桥,02-25 09:00,3,<span title='原始值：13.04'>13.0</span>,<span title='原始值：7.95'>7.95</span>,<span title='原始值：9.96'>9.96</span>,<span title='原始值：276.03'>276.0</span>,<span title='原始值：26.52'>26.5</span>,<span title='原始值：1.98'>1.98</span>,<span title='原始值：0.223'>0.223</span>,<span title='原始值：0.117'>0.117</span>,<span title='原始值：2.229'>2.23</span>,--,--
重庆市,长江流域,白帝城,02-25 09:00,2,<span title='原始值：14'>14.0</span>,<span title='原始值：8.017'>8.02</span>,<span title='原始值：8.835'>8.84</span>,<span title='原始值：439.395'>439.4</span>,<span title='原始值：18.842'>18.8</span>,<span title='原始值：0.829'>0.83</span>,<span title='原始值：0.022'>0.022</span>,<span title='原始值：0.0405'>0.040</span>,<span title='原始值：1.67'>1.67</span>,--,--
重庆市,长江流域,培石,02-25 08:00,2,<span title='原始值：13.9441'>13.9</span>,<span title='原始值：7.9789'>7.98</span>,<span title='原始值：9.219'>9.22</span>,<span title='原始值：412.4904'>412.5</span>,<span title='原始值：1.8691'>1.9</span>,<span data-toggle='tooltip' data-placement='right' title='当天质控不合格'>--</span>,--,<span title='原始值：0.0352'>0.035</span>,<span title='原始值：1.9402'>1.94</span>,--,--
重庆市,长江流域,花台,02-25 08:00,2,<span title='原始值：13.67'>13.7</span>,<span title='原始值：8.444'>8.44</span>,<span title='原始值：7.8094'>7.81</span>,<span title='原始值：409.9732'>410.0</span>,<span title='原始值：5.6163'>5.6</span>,<span title='原始值：0.42'>0.42</span>,--,<span title='原始值：0.023'>0.023</span>,<span title='原始值：1.048'>1.05</span>,--,--
重庆市,长江流域,万木,02-25 08:00,2,<span title='原始值：13.89'>13.9</span>,<span title='原始值：7.8'>7.80</span>,<span title='原始值：8.845'>8.84</span>,<span title='原始值：466.11'>466.1</span>,<span title='原始值：2.1'>2.1</span>,<span data-toggle='tooltip' data-placement='right' title='当天质控不合格'>--</span>,--,<span title='原始值：0.0391'>0.039</span>,<span title='原始值：3.777'>3.78</span>,--,--
重庆市,长江流域,南洞沟,02-25 09:00,1,<span title='原始值：14.49'>14.5</span>,<span title='原始值：8.069'>8.07</span>,<span title='原始值：9.159'>9.16</span>,<span title='原始值：339.526'>339.5</span>,<span title='原始值：3.323'>3.3</span>,<span title='原始值：0.303'>0.30</span>,<span title='原始值：0.008'>0.008</span>,<span title='原始值：0.01'>0.010</span>,<span title='原始值：0.784'>0.78</span>,--,--
重庆市,长江流域,郁江桥,02-25 08:00,2,<span title='原始值：14.23'>14.2</span>,<span title='原始值：7.937'>7.94</span>,<span title='原始值：9.693'>9.69</span>,<span title='原始值：333.492'>333.5</span>,<span title='原始值：3.375'>3.4</span>,<span title='原始值：0.897'>0.90</span>,<span title='原始值：0.041'>0.041</span>,<span title='原始值：0.0262'>0.026</span>,<span data-toggle='tooltip' data-placement='right' title='当天质控不合格'>--</span>,--,--
四川省,长江流域,二江寺,02-25 09:00,2,<span title='原始值：16.32'>16.3</span>,<span title='原始值：7.82'>7.82</span>,<span title='原始值：8.771'>8.77</span>,<span title='原始值：535.4'>535.4</span>,<span title='原始值：5'>5.0</span>,<span title='原始值：2.11'>2.11</span>,<span title='原始值：0.0479'>0.048</span>,<span title='原始值：0.0749'>0.075</span>,<span title='原始值：3.325'>3.32</span>,--,--
四川省,长江流域,岳店子下,02-25 08:00,2,<span title='原始值：15.21605'>15.2</span>,<span title='原始值：7.62421'>7.62</span>,<span title='原始值：8.94375'>8.94</span>,<span title='原始值：473.2384'>473.2</span>,<span title='原始值：5.57548'>5.6</span>,<span title='原始值：1.88321'>1.88</span>,<span title='原始值：0.00742'>0.007</span>,<span title='原始值：0.09904'>0.099</span>,<span title='原始值：2.53518'>2.54</span>,--,--
四川省,长江流域,三邑大桥,02-25 09:00,2,<span title='原始值：15.29'>15.3</span>,<span title='原始值：7.8623'>7.86</span>,<span title='原始值：8.3537'>8.35</span>,<span title='原始值：371.451'>371.5</span>,<span title='原始值：1.2678'>1.3</span>,<span title='原始值：1.142'>1.14</span>,<span title='原始值：0.0187'>0.019</span>,<span title='原始值：0.0283'>0.028</span>,<span title='原始值：2.0735'>2.07</span>,--,--
四川省,长江流域,宏缘,02-25 09:00,2,<span title='原始值：15.91'>15.9</span>,<span title='原始值：8.14'>8.14</span>,<span title='原始值：10.76'>10.76</span>,<span title='原始值：578.5'>578.5</span>,<span title='原始值：7.97'>8.0</span>,<span title='原始值：1.349'>1.35</span>,<span title='原始值：0.025'>0.025</span>,<span title='原始值：0.081'>0.081</span>,<span title='原始值：2.54'>2.54</span>,--,--
四川省,长江流域,李家湾,02-25 09:00,2,<span title='原始值：15.48'>15.5</span>,<span title='原始值：8.29'>8.29</span>,<span title='原始值：12.32'>12.32</span>,<span title='原始值：634.3'>634.3</span>,<span title='原始值：5.9'>5.9</span>,<span title='原始值：2.202'>2.20</span>,<span title='原始值：0.0003'>0.0003</span>,<span title='原始值：0.0523'>0.052</span>,<span title='原始值：2.701'>2.70</span>,--,--
四川省,长江流域,廖家堰,02-25 09:00,2,<span title='原始值：17.7'>17.7</span>,<span title='原始值：8.039'>8.04</span>,<span title='原始值：11.361'>11.36</span>,<span title='原始值：1212.95'>1213.0</span>,<span title='原始值：24.876'>24.9</span>,<span title='原始值：3.774'>3.77</span>,<span title='原始值：0.028'>0.028</span>,<span title='原始值：0.0428'>0.043</span>,<span title='原始值：1.731'>1.73</span>,--,--
四川省,长江流域,脚仙村,02-25 09:00,2,<span title='原始值：15.46'>15.5</span>,<span title='原始值：8.18'>8.18</span>,<span title='原始值：10.151'>10.15</span>,<span title='原始值：605.1'>605.1</span>,<span title='原始值：6.9'>6.9</span>,<span title='原始值：1.18'>1.18</span>,<span title='原始值：0.0189'>0.019</span>,<span title='原始值：0.0578'>0.058</span>,<span title='原始值：2.935'>2.94</span>,--,--
四川省,长江流域,龙洞,02-25 08:00,1,<span title='原始值：14.61'>14.6</span>,<span title='原始值：8.525'>8.52</span>,<span title='原始值：8.173'>8.17</span>,<span title='原始值：781'>781.0</span>,<span title='原始值：2.389'>2.4</span>,<span title='原始值：0.98408'>0.98</span>,<span title='原始值：0.03606'>0.036</span>,<span title='原始值：0.00489'>0.005</span>,<span title='原始值：0.50412'>0.50</span>,--,--
四川省,长江流域,倮果,02-25 08:00,1,<span title='原始值：14.43'>14.4</span>,<span title='原始值：8.41945'>8.42</span>,<span title='原始值：10.39636'>10.40</span>,<span title='原始值：777.4489'>777.4</span>,<span title='原始值：8.47242'>8.5</span>,<span title='原始值：0.26163'>0.26</span>,<span title='原始值：0.01264'>0.013</span>,<span title='原始值：0.0082'>0.008</span>,<span title='原始值：0.70034'>0.70</span>,--,--
四川省,长江流域,雅砻江口,02-25 08:00,1,<span title='原始值：13.442'>13.4</span>,<span title='原始值：7.8467'>7.85</span>,<span title='原始值：9.5804'>9.58</span>,<span title='原始值：281.0753'>281.1</span>,<span title='原始值：5.2321'>5.2</span>,<span title='原始值：0.94564'>0.95</span>,<span title='原始值：0.00939'>0.009</span>,<span title='原始值：0.00755'>0.008</span>,<span title='原始值：0.54005'>0.54</span>,--,--
四川省,长江流域,柏枝,02-25 08:00,1,<span title='原始值：13.67'>13.7</span>,<span title='原始值：8.0649'>8.06</span>,<span title='原始值：9.12531'>9.13</span>,<span title='原始值：264.1376'>264.1</span>,<span title='原始值：4.7527'>4.8</span>,<span title='原始值：0.9071'>0.91</span>,<span title='原始值：0.0034'>0.003</span>,<span title='原始值：0.00604'>0.006</span>,<span title='原始值：0.46667'>0.47</span>,--,--
四川省,长江流域,湾凼,02-25 09:00,3,<span title='原始值：14.58414'>14.6</span>,<span title='原始值：7.64744'>7.65</span>,<span title='原始值：8.911433'>8.91</span>,<span title='原始值：1041.937'>1041.9</span>,<span title='原始值：18.6825'>18.7</span>,<span title='原始值：4.577599'>4.58</span>,<span title='原始值：0.005'>0.005</span>,<span title='原始值：0.034'>0.034</span>,<span title='原始值：0.551561'>0.55</span>,--,--
四川省,长江流域,手爬岩,02-25 09:00,2,<span title='原始值：17.1'>17.1</span>,<span title='原始值：8.1678'>8.17</span>,<span title='原始值：9.6027'>9.60</span>,<span title='原始值：476.81'>476.8</span>,<span title='原始值：8.0047'>8.0</span>,<span title='原始值：0.8208'>0.82</span>,--,<span title='原始值：0.0358'>0.036</span>,<span title='原始值：1.2429'>1.24</span>,--,--
四川省,长江流域,沱江大桥(沱江二桥),02-25 09:00,2,<span title='原始值：16.52'>16.5</span>,<span title='原始值：8.343342'>8.34</span>,<span title='原始值：10.94995'>10.95</span>,<span title='原始值：617.3563'>617.4</span>,<span title='原始值：4.716582'>4.7</span>,<span title='原始值：1.56'>1.56</span>,<span title='原始值：0.009'>0.009</span>,<span title='原始值：0.0805649'>0.081</span>,<span title='原始值：2.994101'>2.99</span>,--,--
四川省,长江流域,醒觉溪,02-25 09:00,1,<span title='原始值：18.21'>18.2</span>,<span title='原始值：8.35'>8.35</span>,<span title='原始值：7.96'>7.96</span>,<span title='原始值：418'>418.0</span>,<span title='原始值：16.85'>16.8</span>,<span title='原始值：1.382'>1.38</span>,<span title='原始值：0.033'>0.033</span>,<span title='原始值：0.02'>0.020</span>,<span title='原始值：2.691'>2.69</span>,--,--
四川省,长江流域,胡市大桥,02-25 09:00,3,<span title='原始值：15.91'>15.9</span>,<span title='原始值：8.3651'>8.37</span>,<span title='原始值：15.0246'>15.02</span>,<span title='原始值：672.4692'>672.5</span>,<span title='原始值：3.7674'>3.8</span>,<span title='原始值：4.8606'>4.86</span>,<span title='原始值：0.0263'>0.026</span>,<span title='原始值：0.0343'>0.034</span>,<span title='原始值：2.7033'>2.70</span>,--,--
四川省,长江流域,大磨子,02-25 09:00,2,<span title='原始值：16.005'>16.0</span>,<span title='原始值：8.473'>8.47</span>,<span title='原始值：12.038'>12.04</span>,<span title='原始值：629.898'>629.9</span>,<span title='原始值：11.91'>11.9</span>,<span title='原始值：1.673'>1.67</span>,<span title='原始值：0.023'>0.023</span>,<span title='原始值：0.072'>0.072</span>,<span title='原始值：2.757'>2.76</span>,--,--
四川省,长江流域,泸天化大桥,02-25 09:00,2,<span title='原始值：16.89'>16.9</span>,<span title='原始值：7.9988'>8.00</span>,<span title='原始值：9.097'>9.10</span>,<span title='原始值：430.799'>430.8</span>,<span title='原始值：7.5125'>7.5</span>,<span title='原始值：1.4911'>1.49</span>,<span title='原始值：0.0354'>0.035</span>,<span title='原始值：0.0295'>0.030</span>,<span title='原始值：2.7363'>2.74</span>,--,--
四川省,长江流域,纳溪大渡口,02-25 09:00,2,<span title='原始值：16.58'>16.6</span>,<span title='原始值：8.055'>8.06</span>,<span title='原始值：9.241'>9.24</span>,<span title='原始值：449.56'>449.6</span>,<span title='原始值：6.484'>6.5</span>,<span title='原始值：0.9578'>0.96</span>,--,<span title='原始值：0.0305'>0.030</span>,<span title='原始值：1.2189'>1.22</span>,--,--
四川省,长江流域,两汇水,02-25 09:00,1,<span title='原始值：15.19885'>15.2</span>,<span title='原始值：7.594651'>7.59</span>,<span title='原始值：9.372171'>9.37</span>,<span title='原始值：138.912'>138.9</span>,<span title='原始值：4.660205'>4.7</span>,<span title='原始值：0.875796'>0.88</span>,<span title='原始值：0.032'>0.032</span>,<span title='原始值：0.012'>0.012</span>,<span title='原始值：1.227'>1.23</span>,--,--
四川省,长江流域,太平渡,02-25 09:00,2,<span title='原始值：18.29548'>18.3</span>,<span title='原始值：8.18161'>8.18</span>,<span title='原始值：8.922208'>8.92</span>,<span title='原始值：514.9561'>515.0</span>,<span title='原始值：22.53129'>22.5</span>,<span title='原始值：2.125274'>2.13</span>,<span title='原始值：0.108'>0.108</span>,<span title='原始值：0.090137'>0.090</span>,<span title='原始值：4.01'>4.01</span>,--,--
四川省,长江流域,八角,02-25 07:00,4,<span title='原始值：15.33'>15.3</span>,<span title='原始值：7.64'>7.64</span>,<span title='原始值：4.76'>4.76</span>,<span title='原始值：564.9'>564.9</span>,<span title='原始值：5.08'>5.1</span>,<span title='原始值：1.556'>1.56</span>,<span title='原始值：0.0226'>0.023</span>,<span title='原始值：0.0464'>0.046</span>,<span title='原始值：3.047'>3.05</span>,--,--
四川省,长江流域,象山,02-25 09:00,3,<span title='原始值：16.09'>16.1</span>,<span title='原始值：8.28'>8.28</span>,<span title='原始值：12.987'>12.99</span>,<span title='原始值：558.21'>558.2</span>,<span title='原始值：4'>4.0</span>,<span title='原始值：4.053'>4.05</span>,<span title='原始值：0.0351'>0.035</span>,<span title='原始值：0.0452'>0.045</span>,<span title='原始值：2.264'>2.26</span>,--,--
四川省,长江流域,双江桥,02-25 09:00,2,<span title='原始值：16.7'>16.7</span>,<span title='原始值：7.84'>7.84</span>,<span title='原始值：7.624'>7.62</span>,<span title='原始值：739.63'>739.6</span>,<span title='原始值：16.52'>16.5</span>,<span title='原始值：1.602'>1.60</span>,<span title='原始值：0.0004'>0.0004</span>,<span title='原始值：0.0729'>0.073</span>,<span title='原始值：2.294'>2.29</span>,--,--
四川省,长江流域,三川,02-25 09:00,2,<span title='原始值：16.4'>16.4</span>,<span title='原始值：8.1'>8.10</span>,<span title='原始值：8.6'>8.60</span>,<span title='原始值：703.8'>703.8</span>,<span title='原始值：6.32'>6.3</span>,<span title='原始值：0.9'>0.90</span>,--,<span title='原始值：0.067'>0.067</span>,<span title='原始值：2.312'>2.31</span>,--,--
四川省,长江流域,西平镇,02-25 09:00,2,<span title='原始值：15.72'>15.7</span>,<span title='原始值：7.94'>7.94</span>,<span title='原始值：9.736'>9.74</span>,<span title='原始值：795.94'>795.9</span>,<span title='原始值：7.89'>7.9</span>,<span title='原始值：2.981'>2.98</span>,<span title='原始值：0.0168'>0.017</span>,<span title='原始值：0.0352'>0.035</span>,<span title='原始值：4.105'>4.10</span>,--,--
四川省,长江流域,平武水文站,02-25 08:00,1,<span title='原始值：9.36048'>9.4</span>,<span title='原始值：8.32561'>8.33</span>,<span title='原始值：8.92482'>8.92</span>,<span title='原始值：353.0776'>353.1</span>,<span title='原始值：12.98591'>13.0</span>,<span title='原始值：0.21877'>0.22</span>,<span title='原始值：0.01316'>0.013</span>,<span title='原始值：0.00485'>0.005</span>,<span title='原始值：0.62909'>0.63</span>,--,--
四川省,长江流域,丰谷,02-25 08:00,2,<span title='原始值：13.60925'>13.6</span>,<span title='原始值：8.21106'>8.21</span>,<span title='原始值：10.01922'>10.02</span>,<span title='原始值：366.5266'>366.5</span>,<span title='原始值：7.90319'>7.9</span>,<span title='原始值：0.92207'>0.92</span>,<span title='原始值：0.00973'>0.010</span>,<span title='原始值：0.05101'>0.051</span>,<span title='原始值：1.05942'>1.06</span>,--,--
四川省,长江流域,鲁班岛,02-25 08:00,1,<span title='原始值：13.75381'>13.8</span>,<span title='原始值：8.74109'>8.74</span>,<span title='原始值：12.97841'>12.98</span>,<span title='原始值：298.3744'>298.4</span>,<span title='原始值：32.71335'>32.7</span>,--,--,--,--,<span title='原始值：0.00418'>0.004</span>,<span title='原始值：3146039'>3146039</span>
四川省,长江流域,北川通口,02-25 08:00,2,<span title='原始值：11.48422'>11.5</span>,<span title='原始值：8.21072'>8.21</span>,<span title='原始值：9.33454'>9.33</span>,<span title='原始值：332.0513'>332.1</span>,<span title='原始值：11.76471'>11.8</span>,<span title='原始值：0.30489'>0.30</span>,<span title='原始值：0.00329'>0.003</span>,<span title='原始值：0.02299'>0.023</span>,<span title='原始值：0.99274'>0.99</span>,--,--
四川省,长江流域,八庙沟,02-25 08:00,1,<span title='原始值：10.7'>10.7</span>,<span title='原始值：8.33575'>8.34</span>,<span title='原始值：10.58082'>10.58</span>,<span title='原始值：434.9035'>434.9</span>,<span title='原始值：3.82525'>3.8</span>,<span title='原始值：0.96691'>0.97</span>,<span title='原始值：0.00236'>0.002</span>,<span title='原始值：0.00969'>0.010</span>,<span title='原始值：1.82799'>1.83</span>,--,--
四川省,长江流域,姚渡,02-25 09:00,4,--,--,--,--,--,<span title='原始值：1.671'>1.67</span>,<span title='原始值：0.062'>0.062</span>,<span title='原始值：0.215'>0.215</span>,<span title='原始值：0.6'>0.60</span>,--,--
四川省,长江流域,苴国村,02-25 08:00,1,<span title='原始值：10.91'>10.9</span>,<span title='原始值：8.31303'>8.31</span>,<span title='原始值：10.46545'>10.47</span>,<span title='原始值：317.1734'>317.2</span>,<span title='原始值：1.9647'>2.0</span>,<span title='原始值：0.80811'>0.81</span>,<span title='原始值：0.0071'>0.007</span>,<span title='原始值：0.00556'>0.006</span>,<span title='原始值：1.02781'>1.03</span>,--,--
四川省,长江流域,上石盘,02-25 08:00,1,<span title='原始值：11.42'>11.4</span>,<span title='原始值：8.15915'>8.16</span>,<span title='原始值：10.7617'>10.76</span>,<span title='原始值：482.339'>482.3</span>,<span title='原始值：9.24013'>9.2</span>,<span title='原始值：1.10034'>1.10</span>,<span title='原始值：0.00761'>0.008</span>,<span title='原始值：0.01927'>0.019</span>,<span title='原始值：2.1212'>2.12</span>,--,--
四川省,长江流域,南渡,02-25 08:00,2,<span title='原始值：13.92'>13.9</span>,<span title='原始值：8.05453'>8.05</span>,<span title='原始值：9.847'>9.85</span>,<span title='原始值：583.1946'>583.2</span>,<span title='原始值：6.41132'>6.4</span>,<span title='原始值：1.56687'>1.57</span>,<span title='原始值：0.13684'>0.137</span>,<span title='原始值：0.03892'>0.039</span>,<span title='原始值：2.0267'>2.03</span>,--,--
四川省,长江流域,清泉乡（文成镇）,02-25 09:00,1,<span title='原始值：13.85'>13.8</span>,<span title='原始值：8.4789'>8.48</span>,<span title='原始值：11.328'>11.33</span>,<span title='原始值：341.8'>341.8</span>,<span title='原始值：8.6242'>8.6</span>,<span title='原始值：1.087'>1.09</span>,--,<span title='原始值：0.0104'>0.010</span>,<span title='原始值：0.676'>0.68</span>,--,--
四川省,长江流域,大安,02-25 09:00,3,<span title='原始值：16.07'>16.1</span>,<span title='原始值：8.36'>8.36</span>,<span title='原始值：18.71'>18.71</span>,<span title='原始值：756.737'>756.7</span>,<span title='原始值：8.5'>8.5</span>,<span title='原始值：5.8484'>5.85</span>,--,<span title='原始值：0.0563'>0.056</span>,<span title='原始值：2.2533'>2.25</span>,--,--
四川省,长江流域,百顷,02-25 09:00,2,<span title='原始值：13.33'>13.3</span>,<span title='原始值：8.34'>8.34</span>,<span title='原始值：10.86'>10.86</span>,<span title='原始值：413.43'>413.4</span>,<span title='原始值：4.72'>4.7</span>,<span title='原始值：0.88'>0.88</span>,<span title='原始值：0.029'>0.029</span>,<span title='原始值：0.025'>0.025</span>,<span title='原始值：1.899'>1.90</span>,--,--
四川省,长江流域,跑马滩,02-25 09:00,3,<span title='原始值：16.2'>16.2</span>,<span title='原始值：8.35'>8.35</span>,<span title='原始值：12.553'>12.55</span>,<span title='原始值：541.4'>541.4</span>,<span title='原始值：11.2'>11.2</span>,<span title='原始值：4.836'>4.84</span>,<span title='原始值：0.0043'>0.004</span>,<span title='原始值：0.0208'>0.021</span>,<span title='原始值：0.453'>0.45</span>,--,--
四川省,长江流域,梓江大桥,02-25 09:00,2,<span title='原始值：14.34'>14.3</span>,<span title='原始值：8.46'>8.46</span>,<span title='原始值：11.6'>11.60</span>,<span title='原始值：530.3'>530.3</span>,<span title='原始值：1.8'>1.8</span>,<span title='原始值：2.203'>2.20</span>,--,<span title='原始值：0.025'>0.025</span>,<span title='原始值：2.325'>2.32</span>,--,--
四川省,长江流域,大埂,02-25 09:00,3,<span title='原始值：17.57'>17.6</span>,<span title='原始值：8.2'>8.20</span>,<span title='原始值：12.96'>12.96</span>,<span title='原始值：585.9'>585.9</span>,<span title='原始值：6.48'>6.5</span>,<span title='原始值：4.488626'>4.49</span>,<span title='原始值：0.009'>0.009</span>,<span title='原始值：0.0207'>0.021</span>,<span title='原始值：0.764896'>0.76</span>,--,--
四川省,长江流域,球溪河口,02-25 09:00,3,<span title='原始值：15.46'>15.5</span>,<span title='原始值：8.45'>8.45</span>,<span title='原始值：12.65'>12.65</span>,<span title='原始值：671.15'>671.2</span>,<span title='原始值：22.1'>22.1</span>,<span title='原始值：5.03'>5.03</span>,<span title='原始值：0.0645'>0.064</span>,<span title='原始值：0.0746'>0.075</span>,<span title='原始值：3.861'>3.86</span>,--,--
四川省,长江流域,李码头,02-25 08:00,1,<span title='原始值：15.00746'>15.0</span>,<span title='原始值：8.35604'>8.36</span>,<span title='原始值：11.40929'>11.41</span>,<span title='原始值：322.3553'>322.4</span>,<span title='原始值：2.48657'>2.5</span>,<span title='原始值：0.84586'>0.85</span>,<span title='原始值：0.01006'>0.010</span>,<span title='原始值：0.01507'>0.015</span>,<span title='原始值：1.05529'>1.06</span>,--,--
四川省,长江流域,马边河河口,02-25 08:00,2,<span title='原始值：13.84651'>13.8</span>,<span title='原始值：7.85189'>7.85</span>,<span title='原始值：6.17455'>6.17</span>,<span title='原始值：304.8344'>304.8</span>,<span title='原始值：3.5262'>3.5</span>,<span title='原始值：1.91281'>1.91</span>,<span title='原始值：0.0014'>0.001</span>,<span title='原始值：0.0117'>0.012</span>,<span title='原始值：1.18633'>1.19</span>,--,--
四川省,长江流域,悦来渡口,02-25 09:00,2,<span title='原始值：15.808'>15.8</span>,<span title='原始值：8.365'>8.36</span>,<span title='原始值：10.541'>10.54</span>,<span title='原始值：512.909'>512.9</span>,<span title='原始值：7.561'>7.6</span>,<span title='原始值：2.236'>2.24</span>,<span title='原始值：0.004'>0.004</span>,<span title='原始值：0.045'>0.045</span>,<span title='原始值：2.419'>2.42</span>,--,--
四川省,长江流域,姜公堰,02-25 08:00,2,<span title='原始值：18.54485'>18.5</span>,<span title='原始值：7.9143'>7.91</span>,<span title='原始值：15.95469'>15.95</span>,<span title='原始值：740.0647'>740.1</span>,<span title='原始值：19.67809'>19.7</span>,<span title='原始值：2.53213'>2.53</span>,<span title='原始值：0.01361'>0.014</span>,<span title='原始值：0.01297'>0.013</span>,<span title='原始值：2.13533'>2.14</span>,--,--
四川省,长江流域,金溪电站,02-25 09:00,2,<span title='原始值：13.27'>13.3</span>,<span title='原始值：8.0594'>8.06</span>,<span title='原始值：10.069'>10.07</span>,<span title='原始值：346.24'>346.2</span>,<span title='原始值：9.4276'>9.4</span>,<span title='原始值：1.333'>1.33</span>,--,<span title='原始值：0.024'>0.024</span>,<span title='原始值：1.247'>1.25</span>,--,--
四川省,长江流域,升钟水库铁炉寺,02-25 09:00,2,<span title='原始值：13.62'>13.6</span>,<span title='原始值：8.42'>8.42</span>,<span title='原始值：11.282'>11.28</span>,<span title='原始值：419.67'>419.7</span>,<span title='原始值：4.45'>4.4</span>,<span title='原始值：2.859'>2.86</span>,<span title='原始值：0.0169'>0.017</span>,<span title='原始值：0.0161'>0.016</span>,<span title='原始值：1.736'>1.74</span>,--,--
四川省,长江流域,沙溪,02-25 09:00,1,<span title='原始值：11.28'>11.3</span>,<span title='原始值：8.15'>8.15</span>,<span title='原始值：8.39'>8.39</span>,<span title='原始值：341.68'>341.7</span>,<span title='原始值：5.01'>5.0</span>,<span title='原始值：1.104'>1.10</span>,<span title='原始值：0.0106'>0.011</span>,<span title='原始值：0.0078'>0.008</span>,<span title='原始值：1.291'>1.29</span>,--,--
四川省,长江流域,黄龙溪,02-25 09:00,2,<span title='原始值：16.611'>16.6</span>,<span title='原始值：8.5'>8.50</span>,<span title='原始值：9.585'>9.58</span>,<span title='原始值：513.446'>513.4</span>,<span title='原始值：3.587'>3.6</span>,<span title='原始值：1.731'>1.73</span>,<span title='原始值：0.012'>0.012</span>,<span title='原始值：0.058'>0.058</span>,<span title='原始值：2.575'>2.58</span>,--,--
四川省,长江流域,彭山岷江大桥,02-25 08:00,2,<span title='原始值：16.35'>16.4</span>,<span title='原始值：8.16665'>8.17</span>,<span title='原始值：10.05112'>10.05</span>,<span title='原始值：521.749'>521.7</span>,<span title='原始值：5.57471'>5.6</span>,<span title='原始值：1.73077'>1.73</span>,<span title='原始值：0.00083'>0.001</span>,<span title='原始值：0.02499'>0.025</span>,<span title='原始值：1.98665'>1.99</span>,--,--
四川省,长江流域,龟都府,02-25 09:00,2,<span title='原始值：13.54'>13.5</span>,<span title='原始值：8.388261'>8.39</span>,<span title='原始值：10.68937'>10.69</span>,<span title='原始值：300.26'>300.3</span>,<span title='原始值：5.420971'>5.4</span>,<span title='原始值：0.6004002'>0.60</span>,<span title='原始值：0.002654389'>0.003</span>,<span title='原始值：0.03472853'>0.035</span>,<span title='原始值：1.097316'>1.10</span>,--,--
四川省,长江流域,越溪河两河口,02-25 09:00,2,<span title='原始值：17.51'>17.5</span>,<span title='原始值：8.01'>8.01</span>,<span title='原始值：10.01'>10.01</span>,<span title='原始值：490.7'>490.7</span>,<span title='原始值：12'>12.0</span>,<span title='原始值：3.094'>3.09</span>,<span title='原始值：0.01'>0.010</span>,<span title='原始值：0.0225'>0.022</span>,<span title='原始值：1.087'>1.09</span>,--,--
四川省,长江流域,月波,02-25 09:00,2,<span title='原始值：15.5'>15.5</span>,<span title='原始值：7.78'>7.78</span>,<span title='原始值：8.621'>8.62</span>,<span title='原始值：375.6'>375.6</span>,<span title='原始值：10.5'>10.5</span>,<span title='原始值：0.764'>0.76</span>,<span title='原始值：0.2884'>0.288</span>,<span title='原始值：0.0705'>0.070</span>,<span title='原始值：1.863'>1.86</span>,--,--
四川省,长江流域,凉姜沟,02-25 09:00,2,<span title='原始值：16.24'>16.2</span>,<span title='原始值：7.688612'>7.69</span>,<span title='原始值：7.44457'>7.44</span>,<span title='原始值：377.6457'>377.6</span>,<span title='原始值：4.450189'>4.5</span>,<span title='原始值：1.945993'>1.95</span>,<span title='原始值：0.096'>0.096</span>,<span title='原始值：0.0859768'>0.086</span>,<span title='原始值：2.351417'>2.35</span>,--,--
四川省,长江流域,挂弓山,02-25 08:00,2,<span title='原始值：16.46107'>16.5</span>,<span title='原始值：8.1225'>8.12</span>,<span title='原始值：8.62422'>8.62</span>,<span title='原始值：443.5307'>443.5</span>,<span title='原始值：1.8816'>1.9</span>,<span title='原始值：0.64888'>0.65</span>,<span title='原始值：0.01447'>0.014</span>,<span title='原始值：0.036'>0.036</span>,<span title='原始值：1.32198'>1.32</span>,--,--
四川省,长江流域,蔡家渡口,02-25 08:00,2,<span title='原始值：17.66213'>17.7</span>,<span title='原始值：8.59119'>8.59</span>,<span title='原始值：11.38626'>11.39</span>,<span title='原始值：586.2077'>586.2</span>,<span title='原始值：16.01579'>16.0</span>,<span title='原始值：2.56853'>2.57</span>,<span title='原始值：0.00963'>0.010</span>,<span title='原始值：0.03927'>0.039</span>,<span title='原始值：2.23016'>2.23</span>,--,--
四川省,长江流域,三块石,02-25 09:00,2,<span title='原始值：17.24'>17.2</span>,<span title='原始值：8.2107'>8.21</span>,<span title='原始值：8.379'>8.38</span>,<span title='原始值：489.49'>489.5</span>,<span title='原始值：5.53'>5.5</span>,<span title='原始值：0.149'>0.15</span>,--,<span title='原始值：0.0211'>0.021</span>,<span title='原始值：1.102'>1.10</span>,--,--
四川省,长江流域,洛亥,02-25 09:00,3,<span title='原始值：14.73'>14.7</span>,<span title='原始值：8.098984'>8.10</span>,<span title='原始值：9.861998'>9.86</span>,<span title='原始值：337.2958'>337.3</span>,<span title='原始值：4.979471'>5.0</span>,<span title='原始值：1.309422'>1.31</span>,<span title='原始值：0.051'>0.051</span>,<span title='原始值：0.105455'>0.105</span>,<span title='原始值：3.306'>3.31</span>,--,--
四川省,长江流域,溪口镇平桥村,02-25 09:00,3,<span title='原始值：12.76'>12.8</span>,<span title='原始值：7.63'>7.63</span>,<span title='原始值：12.579'>12.58</span>,<span title='原始值：425.63'>425.6</span>,<span title='原始值：7.36'>7.4</span>,<span title='原始值：4.802'>4.80</span>,<span title='原始值：0.3078'>0.308</span>,<span title='原始值：0.0414'>0.041</span>,<span title='原始值：2.595'>2.60</span>,--,--
四川省,长江流域,清平镇大庙村（摇金）,02-25 09:00,3,<span title='原始值：17.94'>17.9</span>,<span title='原始值：8.18'>8.18</span>,<span title='原始值：10.016'>10.02</span>,<span title='原始值：487.58'>487.6</span>,<span title='原始值：5.52'>5.5</span>,<span title='原始值：4.525'>4.52</span>,<span title='原始值：0.034'>0.034</span>,<span title='原始值：0.105'>0.105</span>,<span title='原始值：1.102'>1.10</span>,--,--
四川省,长江流域,金子,02-25 09:00,1,<span title='原始值：13.7613'>13.8</span>,<span title='原始值：8.27'>8.27</span>,<span title='原始值：10.3463'>10.35</span>,<span title='原始值：345.8'>345.8</span>,<span title='原始值：15.5888'>15.6</span>,<span title='原始值：1.1649'>1.16</span>,<span title='原始值：0.0228'>0.023</span>,<span title='原始值：0.0127'>0.013</span>,<span title='原始值：1.474'>1.47</span>,--,--
四川省,长江流域,烈面,02-25 09:00,1,<span title='原始值：13.97'>14.0</span>,<span title='原始值：7.86'>7.86</span>,<span title='原始值：11.23'>11.23</span>,<span title='原始值：342.33'>342.3</span>,<span title='原始值：11.35'>11.4</span>,<span title='原始值：1.338'>1.34</span>,<span title='原始值：0.0133'>0.013</span>,<span title='原始值：0.0153'>0.015</span>,<span title='原始值：1.51'>1.51</span>,--,--
四川省,长江流域,幺滩,02-25 09:00,2,<span title='原始值：16.63'>16.6</span>,<span title='原始值：8.079'>8.08</span>,<span title='原始值：9.32'>9.32</span>,<span title='原始值：718.16'>718.2</span>,<span title='原始值：51.56'>51.6</span>,<span title='原始值：3.45'>3.45</span>,<span title='原始值：0.019'>0.019</span>,<span title='原始值：0.073'>0.073</span>,<span title='原始值：2.187'>2.19</span>,--,--
四川省,长江流域,团堡岭,02-25 09:00,2,<span title='原始值：13.55'>13.6</span>,<span title='原始值：8.46'>8.46</span>,<span title='原始值：11.53'>11.53</span>,<span title='原始值：389.81'>389.8</span>,<span title='原始值：3.059'>3.1</span>,<span title='原始值：2.516'>2.52</span>,<span title='原始值：0.0053'>0.005</span>,<span title='原始值：0.0259'>0.026</span>,<span title='原始值：1.484'>1.48</span>,--,--
四川省,长江流域,上河坝,02-25 09:00,3,<span title='原始值：13.77'>13.8</span>,<span title='原始值：8.34'>8.34</span>,<span title='原始值：14.46'>14.46</span>,<span title='原始值：715.1'>715.1</span>,<span title='原始值：11.15'>11.2</span>,<span title='原始值：5.71'>5.71</span>,<span title='原始值：0.0461'>0.046</span>,<span title='原始值：0.0619'>0.062</span>,<span title='原始值：1.125'>1.12</span>,--,--
四川省,长江流域,江陵,02-25 09:00,2,<span title='原始值：13.59'>13.6</span>,<span title='原始值：8.42'>8.42</span>,<span title='原始值：11.54'>11.54</span>,<span title='原始值：368.92'>368.9</span>,<span title='原始值：4.31'>4.3</span>,<span title='原始值：2.611'>2.61</span>,--,<span title='原始值：0.0404'>0.040</span>,<span title='原始值：1.573'>1.57</span>,--,--
四川省,长江流域,大蹬沟,02-25 09:00,1,<span title='原始值：12.62'>12.6</span>,<span title='原始值：8.43'>8.43</span>,<span title='原始值：12.335'>12.34</span>,<span title='原始值：245.1'>245.1</span>,<span title='原始值：9.5'>9.5</span>,<span data-toggle='tooltip' data-placement='right' title='当天质控不合格'>--</span>,--,<span title='原始值：0.0156'>0.016</span>,<span title='原始值：0.852'>0.85</span>,--,--
四川省,长江流域,白兔乡,02-25 09:00,4,<span title='原始值：14.7'>14.7</span>,<span title='原始值：8.75'>8.75</span>,<span title='原始值：12.366'>12.37</span>,<span title='原始值：453.5'>453.5</span>,<span title='原始值：5.34'>5.3</span>,<span title='原始值：6.085'>6.08</span>,<span title='原始值：0.017'>0.017</span>,<span title='原始值：0.0802'>0.080</span>,<span title='原始值：1.997'>2.00</span>,--,--
四川省,长江流域,联盟桥,02-25 09:00,4,<span title='原始值：14.1'>14.1</span>,<span title='原始值：7.4565'>7.46</span>,<span title='原始值：4.9801'>4.98</span>,<span title='原始值：434.46'>434.5</span>,<span title='原始值：9.87'>9.9</span>,<span title='原始值：5.2107'>5.21</span>,<span title='原始值：0.0864'>0.086</span>,<span title='原始值：0.0614'>0.061</span>,<span title='原始值：1.8404'>1.84</span>,--,--
四川省,长江流域,舵石盘,02-25 09:00,1,<span title='原始值：12.63'>12.6</span>,<span title='原始值：8.25'>8.25</span>,<span title='原始值：12.035'>12.04</span>,<span title='原始值：520.4'>520.4</span>,<span title='原始值：47.6'>47.6</span>,<span title='原始值：1.741'>1.74</span>,<span title='原始值：0.0095'>0.010</span>,<span title='原始值：0.0139'>0.014</span>,<span data-toggle='tooltip' data-placement='right' title='当天质控不合格'>--</span>,--,--
四川省,长江流域,车家河,02-25 09:00,2,<span title='原始值：13.85'>13.8</span>,<span title='原始值：8.287'>8.29</span>,<span title='原始值：11.186'>11.19</span>,<span title='原始值：478'>478.0</span>,<span title='原始值：19.74'>19.7</span>,<span title='原始值：1.604'>1.60</span>,<span title='原始值：0.0382'>0.038</span>,<span title='原始值：0.0337'>0.034</span>,<span title='原始值：1.485'>1.48</span>,--,--
四川省,长江流域,三谷庄,02-25 08:00,1,<span title='原始值：13.66189'>13.7</span>,<span title='原始值：8.30569'>8.31</span>,<span title='原始值：7.62237'>7.62</span>,<span title='原始值：255.3524'>255.4</span>,<span title='原始值：2.29508'>2.3</span>,<span title='原始值：0.49488'>0.49</span>,<span title='原始值：0.00577'>0.006</span>,<span title='原始值：0.01238'>0.012</span>,<span title='原始值：0.62315'>0.62</span>,--,--
四川省,长江流域,大岗山,02-25 08:00,1,<span title='原始值：8.62'>8.6</span>,<span title='原始值：8.28371'>8.28</span>,<span title='原始值：9.93018'>9.93</span>,<span title='原始值：278.1551'>278.2</span>,<span title='原始值：1.02597'>1.0</span>,<span title='原始值：0.47283'>0.47</span>,<span title='原始值：0.00527'>0.005</span>,<span title='原始值：0.00379'>0.004</span>,<span title='原始值：0.34229'>0.34</span>,--,--
四川省,长江流域,手傍岩,02-25 09:00,2,<span title='原始值：13.72'>13.7</span>,<span title='原始值：8.18'>8.18</span>,<span title='原始值：10.44'>10.44</span>,<span title='原始值：278.6'>278.6</span>,<span title='原始值：5.5'>5.5</span>,<span title='原始值：1.391'>1.39</span>,<span title='原始值：0.0073'>0.007</span>,<span title='原始值：0.0332'>0.033</span>,<span title='原始值：0.89'>0.89</span>,--,--
四川省,长江流域,幸福村（河东元坝）,02-25 09:00,2,<span title='原始值：15.79'>15.8</span>,<span title='原始值：8.37'>8.37</span>,<span title='原始值：11.63'>11.63</span>,<span title='原始值：650.1'>650.1</span>,<span title='原始值：12.3'>12.3</span>,<span title='原始值：1.721'>1.72</span>,<span title='原始值：0.0147'>0.015</span>,<span title='原始值：0.0548'>0.055</span>,<span title='原始值：2.749'>2.75</span>,--,--
四川省,长江流域,拱城铺渡口,02-25 08:00,2,<span title='原始值：15.75'>15.8</span>,<span title='原始值：8.431'>8.43</span>,<span title='原始值：12.631'>12.63</span>,<span title='原始值：604.18'>604.2</span>,<span title='原始值：5.98'>6.0</span>,<span title='原始值：2.198'>2.20</span>,<span title='原始值：0.0209'>0.021</span>,<span title='原始值：0.0478'>0.048</span>,<span title='原始值：2.426'>2.43</span>,--,--
四川省,长江流域,红光村,02-25 09:00,3,<span title='原始值：15.82'>15.8</span>,<span title='原始值：8'>8.00</span>,<span title='原始值：8.791'>8.79</span>,<span title='原始值：550.22'>550.2</span>,<span title='原始值：17.8'>17.8</span>,<span title='原始值：5.058'>5.06</span>,<span title='原始值：0.0053'>0.005</span>,<span title='原始值：0.0535'>0.054</span>,<span title='原始值：0.995'>1.00</span>,--,--
四川省,长江流域,两河,02-25 09:00,3,<span title='原始值：16.7'>16.7</span>,<span title='原始值：7.92'>7.92</span>,<span title='原始值：10.277'>10.28</span>,<span title='原始值：636.36'>636.4</span>,<span title='原始值：11.62'>11.6</span>,<span title='原始值：4.21'>4.21</span>,<span title='原始值：0.0239'>0.024</span>,<span title='原始值：0.0173'>0.017</span>,<span title='原始值：1.522'>1.52</span>,--,--
四川省,长江流域,县城马踏石点,02-25 08:00,6,<span title='原始值：10.38647'>10.4</span>,<span title='原始值：9.02485'>9.02</span>,<span title='原始值：8.96593'>8.97</span>,<span title='原始值：397.7669'>397.8</span>,<span title='原始值：2.58774'>2.6</span>,<span title='原始值：0.5'>0.50</span>,<span title='原始值：0.02739'>0.027</span>,<span title='原始值：0.00722'>0.007</span>,<span title='原始值：0.64163'>0.64</span>,--,--
四川省,长江流域,渭门桥,02-25 08:00,1,<span title='原始值：5.78115'>5.8</span>,<span title='原始值：8.27586'>8.28</span>,<span title='原始值：9.67336'>9.67</span>,<span title='原始值：272.1955'>272.2</span>,<span title='原始值：4.63459'>4.6</span>,<span title='原始值：0.54043'>0.54</span>,--,<span title='原始值：0.00668'>0.007</span>,<span title='原始值：0.44709'>0.45</span>,--,--
四川省,长江流域,小水沟,02-25 08:00,1,<span title='原始值：4.39164'>4.4</span>,<span title='原始值：8.41'>8.41</span>,<span title='原始值：8.79062'>8.79</span>,<span title='原始值：282.8072'>282.8</span>,<span title='原始值：12.23582'>12.2</span>,<span title='原始值：0.26864'>0.27</span>,<span title='原始值：0.02907'>0.029</span>,<span title='原始值：0.01073'>0.011</span>,<span title='原始值：0.68886'>0.69</span>,--,--
四川省,长江流域,水磨沟村,02-25 09:00,1,<span title='原始值：4.5'>4.5</span>,--,<span title='原始值：11.105'>11.10</span>,<span title='原始值：1256.61'>1256.6</span>,<span title='原始值：7.28'>7.3</span>,--,--,--,<span title='原始值：0.585'>0.58</span>,--,--
四川省,长江流域,金沙江岗托桥,02-25 06:00,1,<span title='原始值：5.8'>5.8</span>,<span title='原始值：7.59'>7.59</span>,<span title='原始值：11.74'>11.74</span>,--,<span title='原始值：13.1'>13.1</span>,<span title='原始值：0.284'>0.28</span>,<span title='原始值：0.0034'>0.003</span>,--,<span title='原始值：1'>1.00</span>,--,--
四川省,长江流域,昔街大桥,02-25 09:00,2,<span title='原始值：14.53'>14.5</span>,<span title='原始值：7.83'>7.83</span>,<span title='原始值：8.05'>8.05</span>,<span title='原始值：283.57'>283.6</span>,<span title='原始值：19.51'>19.5</span>,<span title='原始值：1.19'>1.19</span>,<span title='原始值：0.079'>0.079</span>,<span title='原始值：0.038'>0.038</span>,<span title='原始值：0.528'>0.53</span>,--,--
四川省,长江流域,阿七大桥,02-25 08:00,2,<span title='原始值：14.83'>14.8</span>,<span title='原始值：7.38397'>7.38</span>,<span title='原始值：6.1143'>6.11</span>,<span title='原始值：273.5906'>273.6</span>,<span title='原始值：11.80905'>11.8</span>,<span title='原始值：0.97763'>0.98</span>,<span title='原始值：0.03949'>0.039</span>,<span title='原始值：0.03867'>0.039</span>,<span title='原始值：2.04123'>2.04</span>,--,--
四川省,长江流域,邛海湖心,02-25 08:00,2,<span title='原始值：15.18'>15.2</span>,<span title='原始值：8.3586'>8.36</span>,<span title='原始值：8.19874'>8.20</span>,<span title='原始值：343.7639'>343.8</span>,<span title='原始值：2.80334'>2.8</span>,<span title='原始值：2.04858'>2.05</span>,<span title='原始值：0.00615'>0.006</span>,<span data-toggle='tooltip' data-placement='right' title='当天质控不合格'>--</span>,<span title='原始值：0.38314'>0.38</span>,<span title='原始值：0.00135'>0.001</span>,<span title='原始值：25907.91'>25908</span>
贵州省,长江流域,棉花渡,02-25 09:00,2,<span title='原始值：13.858'>13.9</span>,<span title='原始值：8.401'>8.40</span>,<span title='原始值：9.6297'>9.63</span>,<span title='原始值：513.46'>513.5</span>,<span title='原始值：5.5454'>5.5</span>,<span title='原始值：0.9296'>0.93</span>,<span title='原始值：0.0266'>0.027</span>,<span title='原始值：0.0637'>0.064</span>,<span title='原始值：3.1817'>3.18</span>,--,--
贵州省,长江流域,贵铝泵房,02-25 09:00,2,<span title='原始值：14.2845'>14.3</span>,<span title='原始值：8.52'>8.52</span>,<span title='原始值：13.4775'>13.48</span>,<span title='原始值：453.37'>453.4</span>,<span title='原始值：10.0928'>10.1</span>,<span title='原始值：2.1469'>2.15</span>,<span title='原始值：0.0131'>0.013</span>,<span title='原始值：0.0153'>0.015</span>,<span title='原始值：1.8491'>1.85</span>,<span title='原始值：0.00748'>0.007</span>,<span title='原始值：1585302'>1585302</span>
贵州省,长江流域,花鱼洞,02-25 09:00,1,<span title='原始值：12.3366'>12.3</span>,<span title='原始值：7.9356'>7.94</span>,<span title='原始值：7.7862'>7.79</span>,<span title='原始值：425.6903'>425.7</span>,<span title='原始值：6.9556'>7.0</span>,<span title='原始值：1.4067'>1.41</span>,<span title='原始值：0.0001'>0.0001</span>,<span title='原始值：0.0093'>0.009</span>,<span title='原始值：1.5459'>1.55</span>,<span title='原始值：0.01007'>0.010</span>,<span title='原始值：903169.7'>903170</span>
贵州省,长江流域,麦穰,02-25 09:00,4,<span title='原始值：15.91'>15.9</span>,<span title='原始值：7.81'>7.81</span>,<span title='原始值：6.676'>6.68</span>,<span title='原始值：668.91'>668.9</span>,<span title='原始值：7.87'>7.9</span>,<span title='原始值：2.866'>2.87</span>,<span title='原始值：0.206'>0.206</span>,<span title='原始值：0.2074'>0.207</span>,<span title='原始值：6.345'>6.34</span>,--,--
贵州省,珠江流域,青岩,02-25 09:00,4,<span title='原始值：16.8'>16.8</span>,<span title='原始值：7.6221'>7.62</span>,<span title='原始值：4.1722'>4.17</span>,<span title='原始值：513.7442'>513.7</span>,<span title='原始值：1.9313'>1.9</span>,<span title='原始值：2.4575'>2.46</span>,--,<span data-toggle='tooltip' data-placement='right' title='当天质控不合格'>--</span>,<span title='原始值：3.033'>3.03</span>,--,--
贵州省,长江流域,龙场,02-25 09:00,1,<span title='原始值：13.68'>13.7</span>,<span title='原始值：8.586'>8.59</span>,<span title='原始值：9.05'>9.05</span>,<span title='原始值：421.73'>421.7</span>,<span title='原始值：4.21'>4.2</span>,<span title='原始值：0.519'>0.52</span>,<span title='原始值：0.0218'>0.022</span>,<span title='原始值：0.0163'>0.016</span>,<span data-toggle='tooltip' data-placement='right' title='当天质控不合格'>--</span>,--,--
贵州省,珠江流域,发耳,02-25 08:00,-1,--,--,--,--,--,--,--,--,--,--,--
贵州省,长江流域,打秋坪,02-25 09:00,3,<span title='原始值：14.87'>14.9</span>,<span title='原始值：8.213'>8.21</span>,<span title='原始值：9.88'>9.88</span>,<span title='原始值：702.2'>702.2</span>,<span title='原始值：8.8'>8.8</span>,<span title='原始值：2.36'>2.36</span>,<span title='原始值：0.018'>0.018</span>,<span title='原始值：0.132'>0.132</span>,<span title='原始值：5.147'>5.15</span>,--,--
贵州省,长江流域,鱼塘大桥,02-25 09:00,1,<span title='原始值：12.43'>12.4</span>,<span title='原始值：8.049'>8.05</span>,<span title='原始值：10.341'>10.34</span>,<span title='原始值：364.15'>364.2</span>,<span title='原始值：2.517'>2.5</span>,<span title='原始值：0.813'>0.81</span>,<span title='原始值：0.021'>0.021</span>,<span title='原始值：0.0042'>0.004</span>,<span title='原始值：1.772'>1.77</span>,--,--
贵州省,长江流域,沿江渡,02-25 08:00,2,<span title='原始值：14.82'>14.8</span>,<span title='原始值：8.08'>8.08</span>,<span title='原始值：9.76'>9.76</span>,<span title='原始值：439.67'>439.7</span>,<span title='原始值：19.78'>19.8</span>,<span title='原始值：1.02'>1.02</span>,--,<span title='原始值：0.0381'>0.038</span>,<span title='原始值：4.044'>4.04</span>,--,--
贵州省,长江流域,鲤鱼塘,02-25 08:00,2,<span title='原始值：12.16'>12.2</span>,<span title='原始值：7.766'>7.77</span>,<span title='原始值：9.568'>9.57</span>,<span title='原始值：553.58'>553.6</span>,<span title='原始值：2.092'>2.1</span>,<span title='原始值：1.233'>1.23</span>,--,<span title='原始值：0.056'>0.056</span>,<span title='原始值：4.645'>4.64</span>,--,--
贵州省,长江流域,坡渡,02-25 09:00,1,<span title='原始值：16.75'>16.8</span>,<span title='原始值：8.171'>8.17</span>,<span title='原始值：9.518'>9.52</span>,<span title='原始值：320.66'>320.7</span>,<span title='原始值：9.85'>9.8</span>,<span title='原始值：0.54'>0.54</span>,--,<span title='原始值：0.0116'>0.012</span>,<span title='原始值：0.769'>0.77</span>,--,--
贵州省,长江流域,余庆河暗溪坪,02-25 09:00,1,<span title='原始值：12.58'>12.6</span>,<span title='原始值：8.08'>8.08</span>,<span title='原始值：13.58'>13.58</span>,<span title='原始值：364.25'>364.2</span>,<span title='原始值：10.97'>11.0</span>,<span title='原始值：0.96'>0.96</span>,<span title='原始值：0.013'>0.013</span>,<span title='原始值：0.016'>0.016</span>,<span title='原始值：2.176'>2.18</span>,--,--
贵州省,长江流域,羊柱头渡口,02-25 09:00,4,<span title='原始值：15.93'>15.9</span>,<span title='原始值：7.7079'>7.71</span>,<span title='原始值：7.636'>7.64</span>,<span title='原始值：799.83'>799.8</span>,<span title='原始值：5.144'>5.1</span>,<span title='原始值：3.683'>3.68</span>,<span title='原始值：0.373'>0.373</span>,<span title='原始值：0.26'>0.260</span>,<span title='原始值：7.405'>7.40</span>,--,--
贵州省,长江流域,鲢鱼溪,02-25 09:00,2,<span title='原始值：16.23'>16.2</span>,<span title='原始值：8.305'>8.30</span>,<span title='原始值：10.012'>10.01</span>,<span title='原始值：437.905'>437.9</span>,<span title='原始值：6.41'>6.4</span>,<span title='原始值：1.433'>1.43</span>,<span title='原始值：0.059'>0.059</span>,<span title='原始值：0.022'>0.022</span>,<span title='原始值：3.203'>3.20</span>,--,--
贵州省,长江流域,长沙,02-25 08:00,2,<span title='原始值：16.6642'>16.7</span>,<span title='原始值：8.052'>8.05</span>,<span title='原始值：8.6967'>8.70</span>,<span title='原始值：257.1391'>257.1</span>,<span title='原始值：5.7252'>5.7</span>,<span title='原始值：1.2613'>1.26</span>,<span title='原始值：0.044'>0.044</span>,<span title='原始值：0.0389'>0.039</span>,<span title='原始值：1.7747'>1.77</span>,--,--
贵州省,长江流域,茅台,02-25 09:00,2,<span title='原始值：16.74'>16.7</span>,<span title='原始值：8.42'>8.42</span>,<span title='原始值：8.306'>8.31</span>,<span title='原始值：436.14'>436.1</span>,<span title='原始值：4.55'>4.6</span>,<span title='原始值：1.06'>1.06</span>,--,<span title='原始值：0.025'>0.025</span>,<span title='原始值：4.023'>4.02</span>,--,--
贵州省,珠江流域,黄果树,02-25 09:00,1,<span title='原始值：16.4349'>16.4</span>,<span title='原始值：8.2285'>8.23</span>,<span title='原始值：9.348'>9.35</span>,<span title='原始值：556.7'>556.7</span>,<span title='原始值：9.03'>9.0</span>,<span title='原始值：1.224'>1.22</span>,<span title='原始值：0.0023'>0.002</span>,<span title='原始值：0.0142'>0.014</span>,<span title='原始值：3.781'>3.78</span>,--,--
贵州省,长江流域,斯拉河大桥,02-25 09:00,1,<span title='原始值：13.97'>14.0</span>,<span title='原始值：8.564'>8.56</span>,<span title='原始值：9.918'>9.92</span>,<span title='原始值：424.32'>424.3</span>,<span title='原始值：5.36'>5.4</span>,<span title='原始值：0.347'>0.35</span>,--,<span title='原始值：0.0105'>0.010</span>,<span title='原始值：3.077'>3.08</span>,--,--
贵州省,珠江流域,打邦,02-25 09:00,1,<span title='原始值：20.93'>20.9</span>,<span title='原始值：8.3163'>8.32</span>,<span title='原始值：12.486'>12.49</span>,<span title='原始值：388.12'>388.1</span>,<span title='原始值：7.362'>7.4</span>,<span title='原始值：0.86'>0.86</span>,--,<span title='原始值：0.0149'>0.015</span>,<span title='原始值：2.98'>2.98</span>,--,--
贵州省,长江流域,大关桥,02-25 09:00,1,<span title='原始值：14.337'>14.3</span>,<span title='原始值：7.984'>7.98</span>,<span title='原始值：7.953'>7.95</span>,<span title='原始值：430.286'>430.3</span>,<span title='原始值：1.471'>1.5</span>,<span title='原始值：0.715'>0.72</span>,<span title='原始值：0.079'>0.079</span>,<span title='原始值：0.009'>0.009</span>,<span title='原始值：3.929'>3.93</span>,--,--
贵州省,长江流域,小屯,02-25 09:00,2,<span title='原始值：14.4'>14.4</span>,<span title='原始值：7.8096'>7.81</span>,<span title='原始值：7.95'>7.95</span>,<span title='原始值：516.0561'>516.1</span>,<span title='原始值：35.865'>35.9</span>,<span data-toggle='tooltip' data-placement='right' title='当天质控不合格'>--</span>,<span title='原始值：0.12'>0.120</span>,<span title='原始值：0.074'>0.074</span>,<span title='原始值：6.062'>6.06</span>,--,--
贵州省,长江流域,清水铺,02-25 08:00,2,<span title='原始值：16.06623'>16.1</span>,<span title='原始值：8.23931'>8.24</span>,<span title='原始值：8.57902'>8.58</span>,<span title='原始值：422.3184'>422.3</span>,<span title='原始值：7.00516'>7.0</span>,<span title='原始值：1.15015'>1.15</span>,<span title='原始值：0.002'>0.002</span>,<span title='原始值：0.03936'>0.039</span>,<span title='原始值：4.05'>4.05</span>,--,--
贵州省,长江流域,大桥边,02-25 09:00,1,<span title='原始值：12.786'>12.8</span>,<span title='原始值：8.05'>8.05</span>,<span title='原始值：8.729'>8.73</span>,<span title='原始值：382.033'>382.0</span>,<span title='原始值：1.684'>1.7</span>,<span data-toggle='tooltip' data-placement='right' title='当天质控不合格'>--</span>,<span title='原始值：0.032'>0.032</span>,<span title='原始值：0.019'>0.019</span>,<span title='原始值：3.458'>3.46</span>,--,--
贵州省,长江流域,下干溪,02-25 08:00,2,<span title='原始值：15.03'>15.0</span>,<span title='原始值：7.9'>7.90</span>,<span title='原始值：8.725'>8.72</span>,<span title='原始值：376.66'>376.7</span>,<span title='原始值：8.68'>8.7</span>,<span title='原始值：0.709'>0.71</span>,<span title='原始值：0.178'>0.178</span>,<span title='原始值：0.0197'>0.020</span>,<span title='原始值：3.053'>3.05</span>,--,--
贵州省,珠江流域,坝草,02-25 09:00,1,<span title='原始值：18.0463'>18.0</span>,<span title='原始值：8.3284'>8.33</span>,<span title='原始值：10.2293'>10.23</span>,<span title='原始值：402.577'>402.6</span>,<span title='原始值：3.2614'>3.3</span>,<span title='原始值：0.7246'>0.72</span>,<span data-toggle='tooltip' data-placement='right' title='当天质控不合格'>--</span>,<span title='原始值：0.0091'>0.009</span>,<span title='原始值：2.046'>2.05</span>,--,--
贵州省,珠江流域,南盘江三江口,02-25 09:00,2,<span title='原始值：18.27'>18.3</span>,<span title='原始值：8.14'>8.14</span>,<span title='原始值：8.96'>8.96</span>,<span title='原始值：397.92'>397.9</span>,<span title='原始值：1.2'>1.2</span>,<span title='原始值：0.527'>0.53</span>,<span title='原始值：0.014'>0.014</span>,<span title='原始值：0.03'>0.030</span>,<span title='原始值：3.455'>3.46</span>,<span title='原始值：0.00148'>0.001</span>,--
贵州省,珠江流域,万峰湖(万峰湖湖心),02-25 09:00,2,<span title='原始值：21.6941'>21.7</span>,<span title='原始值：8.2743'>8.27</span>,<span title='原始值：9.5907'>9.59</span>,<span title='原始值：446.1888'>446.2</span>,<span title='原始值：3.3985'>3.4</span>,<span title='原始值：0.8835'>0.88</span>,<span title='原始值：0.005'>0.005</span>,<span title='原始值：0.0116'>0.012</span>,<span title='原始值：2.512'>2.51</span>,<span title='原始值：0.0293'>0.029</span>,<span title='原始值：361133.1'>361133</span>
贵州省,珠江流域,岔河口,02-25 09:00,1,<span title='原始值：18.081'>18.1</span>,<span title='原始值：8.3235'>8.32</span>,<span title='原始值：9.7981'>9.80</span>,<span title='原始值：379.3088'>379.3</span>,<span title='原始值：4.5777'>4.6</span>,<span title='原始值：1.3028'>1.30</span>,<span title='原始值：0.0229'>0.023</span>,<span title='原始值：0.018'>0.018</span>,<span title='原始值：2.554'>2.55</span>,--,--
贵州省,珠江流域,蔗香北,02-25 09:00,1,<span title='原始值：20'>20.0</span>,<span title='原始值：8.1467'>8.15</span>,<span title='原始值：12.1174'>12.12</span>,<span title='原始值：390.5706'>390.6</span>,<span title='原始值：3.0902'>3.1</span>,<span title='原始值：0.7375'>0.74</span>,--,<span title='原始值：0.0186'>0.019</span>,<span title='原始值：2.9931'>2.99</span>,--,--
贵州省,珠江流域,黄泥河,02-25 09:00,2,<span title='原始值：15.87'>15.9</span>,<span title='原始值：8.0281'>8.03</span>,<span title='原始值：8.94'>8.94</span>,<span title='原始值：450.3365'>450.3</span>,<span title='原始值：2.2949'>2.3</span>,<span title='原始值：0.8591'>0.86</span>,<span title='原始值：0.0011'>0.001</span>,<span title='原始值：0.0244'>0.024</span>,<span title='原始值：1.7902'>1.79</span>,--,--
贵州省,珠江流域,赵家渡,02-25 09:00,2,<span title='原始值：17.11'>17.1</span>,<span title='原始值：8.041'>8.04</span>,<span title='原始值：6.948'>6.95</span>,<span title='原始值：494.902'>494.9</span>,<span title='原始值：3.62'>3.6</span>,<span title='原始值：0.392'>0.39</span>,<span title='原始值：0.1045'>0.104</span>,<span title='原始值：0.0589'>0.059</span>,<span title='原始值：5.103'>5.10</span>,--,--
贵州省,珠江流域,坡脚,02-25 09:00,2,<span title='原始值：19.84'>19.8</span>,<span title='原始值：8.4561'>8.46</span>,<span title='原始值：12.982'>12.98</span>,<span title='原始值：400.5665'>400.6</span>,<span title='原始值：28.7787'>28.8</span>,<span title='原始值：0.9302'>0.93</span>,<span title='原始值：0.0042'>0.004</span>,<span title='原始值：0.0279'>0.028</span>,<span title='原始值：3.4601'>3.46</span>,--,--
贵州省,珠江流域,蔗香南,02-25 09:00,1,<span title='原始值：19.5717'>19.6</span>,<span title='原始值：8.5002'>8.50</span>,<span title='原始值：9.9278'>9.93</span>,<span title='原始值：413.95'>414.0</span>,<span title='原始值：3.1578'>3.2</span>,<span title='原始值：0.9841'>0.98</span>,<span title='原始值：0.0127'>0.013</span>,<span title='原始值：0.0185'>0.018</span>,<span title='原始值：3.2723'>3.27</span>,--,--
贵州省,长江流域,金紫,02-25 08:00,2,<span title='原始值：13.84'>13.8</span>,<span title='原始值：7.97'>7.97</span>,<span title='原始值：9.457'>9.46</span>,<span title='原始值：263.9556'>264.0</span>,<span title='原始值：2.29'>2.3</span>,<span title='原始值：1.01'>1.01</span>,--,<span title='原始值：0.0272'>0.027</span>,<span title='原始值：1.247'>1.25</span>,--,--
贵州省,珠江流域,从江大桥,02-25 09:00,1,<span title='原始值：13.405'>13.4</span>,<span title='原始值：7.559'>7.56</span>,<span title='原始值：9.382'>9.38</span>,<span title='原始值：110.514'>110.5</span>,<span title='原始值：7.244'>7.2</span>,<span title='原始值：1.035'>1.04</span>,<span title='原始值：0.054'>0.054</span>,<span title='原始值：0.015'>0.015</span>,<span title='原始值：0.905'>0.90</span>,--,--
贵州省,长江流域,平敏大桥,02-25 08:00,2,<span title='原始值：14.61'>14.6</span>,<span title='原始值：7.671'>7.67</span>,<span title='原始值：9.054'>9.05</span>,<span title='原始值：189.51'>189.5</span>,<span title='原始值：10.5'>10.5</span>,<span data-toggle='tooltip' data-placement='right' title='当天质控不合格'>--</span>,--,<span title='原始值：0.0533'>0.053</span>,<span title='原始值：1.96'>1.96</span>,--,--
贵州省,长江流域,旁海,02-25 08:00,2,<span title='原始值：14.52'>14.5</span>,<span title='原始值：8.269'>8.27</span>,<span title='原始值：9.305'>9.30</span>,<span title='原始值：510.49'>510.5</span>,<span title='原始值：4.62'>4.6</span>,<span title='原始值：0.99'>0.99</span>,<span title='原始值：0.041'>0.041</span>,<span title='原始值：0.0408'>0.041</span>,<span title='原始值：2.521'>2.52</span>,--,--
贵州省,长江流域,重安江大桥,02-25 09:00,3,<span title='原始值：15.126'>15.1</span>,<span title='原始值：8.33'>8.33</span>,<span title='原始值：8.728'>8.73</span>,<span title='原始值：636.928'>636.9</span>,<span title='原始值：4.079'>4.1</span>,<span title='原始值：1.252'>1.25</span>,<span title='原始值：0.053'>0.053</span>,<span title='原始值：0.11'>0.110</span>,<span title='原始值：2.786'>2.79</span>,--,--
贵州省,珠江流域,榕江,02-25 08:00,2,<span title='原始值：16.19'>16.2</span>,<span title='原始值：7.301'>7.30</span>,<span title='原始值：7.233'>7.23</span>,<span title='原始值：146.36'>146.4</span>,<span title='原始值：13.45'>13.4</span>,<span title='原始值：1.42'>1.42</span>,<span title='原始值：0.201'>0.201</span>,<span title='原始值：0.059'>0.059</span>,<span title='原始值：1.556'>1.56</span>,--,--
贵州省,珠江流域,新华,02-25 09:00,1,<span title='原始值：16.329'>16.3</span>,<span title='原始值：7.664'>7.66</span>,<span title='原始值：9.846'>9.85</span>,<span title='原始值：182.95'>183.0</span>,<span title='原始值：14.775'>14.8</span>,<span title='原始值：0.784'>0.78</span>,<span title='原始值：0.019'>0.019</span>,<span title='原始值：0.011'>0.011</span>,<span title='原始值：1.44'>1.44</span>,--,--
贵州省,长江流域,甘溪高碑,02-25 08:00,2,<span title='原始值：14.39'>14.4</span>,<span title='原始值：8.037'>8.04</span>,<span title='原始值：8.8'>8.80</span>,<span title='原始值：382.1'>382.1</span>,<span title='原始值：7.9'>7.9</span>,<span title='原始值：0.915'>0.92</span>,<span title='原始值：0.1447'>0.145</span>,<span title='原始值：0.0412'>0.041</span>,<span title='原始值：1.0746'>1.07</span>,--,--
贵州省,长江流域,跳鱼洞,02-25 09:00,4,<span title='原始值：14.4'>14.4</span>,<span title='原始值：8.145'>8.14</span>,<span title='原始值：7.995'>8.00</span>,<span title='原始值：530.64'>530.6</span>,<span title='原始值：13.5'>13.5</span>,<span title='原始值：2.492'>2.49</span>,<span title='原始值：0.2556'>0.256</span>,<span title='原始值：0.2309'>0.231</span>,<span title='原始值：3.335'>3.34</span>,--,--
贵州省,长江流域,凤山桥边,02-25 09:00,3,<span title='原始值：15.7511'>15.8</span>,<span title='原始值：7.6894'>7.69</span>,<span title='原始值：6.807'>6.81</span>,<span title='原始值：839.67'>839.7</span>,<span title='原始值：1.8889'>1.9</span>,<span title='原始值：1.874'>1.87</span>,<span title='原始值：0.3086'>0.309</span>,<span title='原始值：0.1832'>0.183</span>,<span title='原始值：7.253'>7.25</span>,--,--
贵州省,珠江流域,边外河,02-25 09:00,2,<span title='原始值：16.98'>17.0</span>,<span title='原始值：7.75'>7.75</span>,<span title='原始值：7.14'>7.14</span>,<span title='原始值：338.83'>338.8</span>,<span title='原始值：3.62'>3.6</span>,<span title='原始值：1.26'>1.26</span>,<span title='原始值：0.01'>0.010</span>,<span title='原始值：0.02'>0.020</span>,<span title='原始值：1.772'>1.77</span>,--,--
贵州省,珠江流域,界牌,02-25 09:00,1,<span title='原始值：16.541'>16.5</span>,<span title='原始值：8.07'>8.07</span>,<span title='原始值：9.455'>9.46</span>,<span title='原始值：318.913'>318.9</span>,<span title='原始值：1.624'>1.6</span>,<span title='原始值：0.792'>0.79</span>,<span title='原始值：0.021'>0.021</span>,<span title='原始值：0.012'>0.012</span>,<span title='原始值：0.844'>0.84</span>,--,--
贵州省,珠江流域,甲茶,02-25 09:00,1,<span title='原始值：17.9833'>18.0</span>,<span title='原始值：7.8432'>7.84</span>,<span title='原始值：7.886'>7.89</span>,<span title='原始值：330.8549'>330.9</span>,<span title='原始值：5.5298'>5.5</span>,<span title='原始值：1.0024'>1.00</span>,<span title='原始值：0.002'>0.002</span>,<span title='原始值：0.0066'>0.007</span>,<span title='原始值：1.1536'>1.15</span>,--,--
云南省,长江流域,通仙桥,02-25 08:00,3,<span title='原始值：14.31'>14.3</span>,<span title='原始值：8.081'>8.08</span>,<span title='原始值：5.251'>5.25</span>,<span title='原始值：694.597'>694.6</span>,<span title='原始值：3.07'>3.1</span>,<span title='原始值：1.947'>1.95</span>,<span title='原始值：0.0162'>0.016</span>,<span title='原始值：0.112'>0.112</span>,<span title='原始值：4.853'>4.85</span>,--,--
云南省,长江流域,普渡河桥,02-25 08:00,2,<span title='原始值：15.12'>15.1</span>,<span title='原始值：8.0793'>8.08</span>,<span title='原始值：7.1687'>7.17</span>,<span title='原始值：672.7451'>672.7</span>,<span title='原始值：5.3375'>5.3</span>,<span title='原始值：2.9597'>2.96</span>,<span title='原始值：0.0298'>0.030</span>,<span title='原始值：0.0652'>0.065</span>,<span title='原始值：2.4132'>2.41</span>,--,--
云南省,珠江流域,禄丰村,02-25 09:00,2,<span title='原始值：16.51'>16.5</span>,<span title='原始值：8.2575'>8.26</span>,<span title='原始值：7.6625'>7.66</span>,<span title='原始值：485.599'>485.6</span>,<span title='原始值：3.0764'>3.1</span>,<span title='原始值：1.145'>1.14</span>,<span title='原始值：0.0279'>0.028</span>,<span title='原始值：0.0328'>0.033</span>,<span title='原始值：3.835'>3.84</span>,--,--
云南省,滇池流域,回龙村,02-25 09:00,4,<span title='原始值：15.65'>15.6</span>,<span title='原始值：7.87'>7.87</span>,<span title='原始值：4.595'>4.60</span>,<span title='原始值：757.334'>757.3</span>,<span title='原始值：6.235'>6.2</span>,<span title='原始值：4.199'>4.20</span>,<span title='原始值：0.0516'>0.052</span>,<span title='原始值：0.0845'>0.084</span>,<span title='原始值：2.641'>2.64</span>,--,--
云南省,滇池流域,船房五社桥头(一检站),02-25 09:00,2,<span title='原始值：16.36'>16.4</span>,<span title='原始值：8.6351'>8.64</span>,<span title='原始值：13.5711'>13.57</span>,<span title='原始值：543.9025'>543.9</span>,<span title='原始值：7.6602'>7.7</span>,<span title='原始值：3.4083'>3.41</span>,<span title='原始值：0.0201'>0.020</span>,<span title='原始值：0.0352'>0.035</span>,<span title='原始值：9.2185'>9.22</span>,--,--
云南省,滇池流域,王大桥,02-25 09:00,3,<span title='原始值：16.78'>16.8</span>,<span title='原始值：7.1078'>7.11</span>,<span title='原始值：6.0165'>6.02</span>,<span title='原始值：551.6237'>551.6</span>,<span title='原始值：4.715'>4.7</span>,<span title='原始值：3.2222'>3.22</span>,<span title='原始值：0.0366'>0.037</span>,<span title='原始值：0.1532'>0.153</span>,<span title='原始值：8.8725'>8.87</span>,--,--
云南省,滇池流域,大观河入湖口,02-25 09:00,3,<span title='原始值：14.61'>14.6</span>,<span title='原始值：8.1682'>8.17</span>,<span title='原始值：5.998'>6.00</span>,<span title='原始值：436.3264'>436.3</span>,<span title='原始值：12.389'>12.4</span>,<span title='原始值：1.1835'>1.18</span>,<span title='原始值：0.0461'>0.046</span>,<span title='原始值：0.0356'>0.036</span>,<span title='原始值：3.2957'>3.30</span>,--,--
云南省,滇池流域,大渔乡土罗村入湖口,02-25 08:00,-1,--,--,--,--,--,--,--,--,--,--,--
云南省,滇池流域,新河村入湖口（金属筛片厂小桥）,02-25 09:00,2,<span title='原始值：15.12'>15.1</span>,<span title='原始值：8.53'>8.53</span>,<span title='原始值：8.233'>8.23</span>,<span title='原始值：389.34'>389.3</span>,<span title='原始值：13.651'>13.7</span>,<span title='原始值：1.1201'>1.12</span>,<span title='原始值：0.0579'>0.058</span>,<span title='原始值：0.04'>0.040</span>,<span title='原始值：2.6258'>2.63</span>,--,--
云南省,珠江流域,阳宗海中,02-25 09:00,2,<span title='原始值：15.14'>15.1</span>,<span title='原始值：8.456'>8.46</span>,<span title='原始值：8.623'>8.62</span>,<span title='原始值：439.933'>439.9</span>,<span title='原始值：2.072'>2.1</span>,<span title='原始值：3.624'>3.62</span>,<span title='原始值：0.0806'>0.081</span>,<span title='原始值：0.0239'>0.024</span>,<span title='原始值：0.776'>0.78</span>,<span title='原始值：0.00757'>0.008</span>,<span title='原始值：1197990'>1197990</span>
云南省,长江流域,富民大桥,02-25 08:00,4,<span title='原始值：14.87'>14.9</span>,<span title='原始值：7.9365'>7.94</span>,<span title='原始值：4.9533'>4.95</span>,<span title='原始值：658.4585'>658.5</span>,<span title='原始值：48.5211'>48.5</span>,<span title='原始值：5.8582'>5.86</span>,<span title='原始值：0.1162'>0.116</span>,<span title='原始值：0.162'>0.162</span>,<span title='原始值：2.6366'>2.64</span>,--,--
云南省,滇池流域,严家村桥(盘龙江),02-25 09:00,2,<span title='原始值：14.01724'>14.0</span>,<span title='原始值：8.054159'>8.05</span>,<span title='原始值：7.408463'>7.41</span>,<span title='原始值：411.656'>411.7</span>,<span title='原始值：17.82561'>17.8</span>,<span title='原始值：0.6666663'>0.67</span>,<span title='原始值：0.03046913'>0.030</span>,<span title='原始值：0.03794254'>0.038</span>,<span title='原始值：3.6999'>3.70</span>,--,--
云南省,滇池流域,宝丰村入湖口,02-25 09:00,2,<span title='原始值：15.5'>15.5</span>,<span title='原始值：7.932'>7.93</span>,<span title='原始值：6.181'>6.18</span>,<span title='原始值：609.16'>609.2</span>,<span title='原始值：1.76'>1.8</span>,<span title='原始值：1.948'>1.95</span>,<span title='原始值：0.0412'>0.041</span>,<span title='原始值：0.0524'>0.052</span>,<span title='原始值：2.603'>2.60</span>,--,--
云南省,滇池流域,江尾下闸,02-25 09:00,4,<span title='原始值：16.29'>16.3</span>,<span title='原始值：7.9597'>7.96</span>,<span title='原始值：4.2892'>4.29</span>,<span title='原始值：364.6523'>364.7</span>,<span title='原始值：16.2621'>16.3</span>,<span title='原始值：1.149'>1.15</span>,<span title='原始值：0.0338'>0.034</span>,<span title='原始值：0.0384'>0.038</span>,<span title='原始值：1.406'>1.41</span>,--,--
云南省,滇池流域,茨巷河入湖口(牛恋乡),02-25 09:00,4,<span title='原始值：13.96'>14.0</span>,<span title='原始值：7.6959'>7.70</span>,<span title='原始值：4.529'>4.53</span>,<span title='原始值：323.7179'>323.7</span>,<span title='原始值：5.4255'>5.4</span>,<span title='原始值：3.584'>3.58</span>,<span title='原始值：0.0262'>0.026</span>,<span title='原始值：0.0238'>0.024</span>,<span title='原始值：1.245'>1.24</span>,--,--
云南省,滇池流域,东大河滇池入湖口,02-25 09:00,4,<span title='原始值：13.98'>14.0</span>,<span title='原始值：7.9626'>7.96</span>,<span title='原始值：4.5268'>4.53</span>,<span title='原始值：650.7301'>650.7</span>,<span title='原始值：8.8882'>8.9</span>,<span title='原始值：6.155'>6.16</span>,<span title='原始值：0.0283'>0.028</span>,<span title='原始值：0.0413'>0.041</span>,<span title='原始值：1.458'>1.46</span>,--,--
云南省,滇池流域,草海中心,02-25 09:00,3,<span title='原始值：15.37'>15.4</span>,<span title='原始值：8.349'>8.35</span>,<span title='原始值：6.785'>6.78</span>,<span title='原始值：457.89'>457.9</span>,<span title='原始值：10.62'>10.6</span>,<span title='原始值：4.301'>4.30</span>,<span title='原始值：0.0396'>0.040</span>,<span title='原始值：0.0362'>0.036</span>,<span title='原始值：3.481'>3.48</span>,<span title='原始值：0.01368'>0.014</span>,<span title='原始值：1.3689E+07'>13689000</span>
云南省,滇池流域,灰湾中,02-25 09:00,3,<span title='原始值：13.79'>13.8</span>,<span title='原始值：8.585'>8.58</span>,<span title='原始值：9.229'>9.23</span>,<span title='原始值：496.028'>496.0</span>,<span title='原始值：83.234'>83.2</span>,<span title='原始值：4.491'>4.49</span>,<span title='原始值：0.1217'>0.122</span>,<span title='原始值：0.0309'>0.031</span>,<span title='原始值：2.469'>2.47</span>,--,<span title='原始值：1.425533E+07'>14255330</span>
云南省,滇池流域,观音山中,02-25 08:00,2,<span title='原始值：14.75'>14.8</span>,<span title='原始值：8.628'>8.63</span>,<span title='原始值：7.186'>7.19</span>,<span title='原始值：510.094'>510.1</span>,<span title='原始值：69.989'>70.0</span>,<span data-toggle='tooltip' data-placement='right' title='当天质控不合格'>--</span>,<span title='原始值：0.1836'>0.184</span>,<span data-toggle='tooltip' data-placement='right' title='当天质控不合格'>--</span>,<span title='原始值：1.672'>1.67</span>,<span title='原始值：0.00816'>0.008</span>,<span title='原始值：6.88685E+07'>68868500</span>
云南省,滇池流域,观音山西,02-25 09:00,3,<span title='原始值：14.58'>14.6</span>,<span title='原始值：8.873'>8.87</span>,<span title='原始值：8.222'>8.22</span>,<span title='原始值：512.52'>512.5</span>,<span title='原始值：19.07'>19.1</span>,<span title='原始值：5.808'>5.81</span>,<span title='原始值：0.2691'>0.269</span>,<span title='原始值：0.0391'>0.039</span>,<span title='原始值：1.87'>1.87</span>,<span title='原始值：0.00439'>0.004</span>,<span title='原始值：1.49124E+07'>14912400</span>
云南省,滇池流域,海口西,02-25 09:00,6,<span title='原始值：14.31'>14.3</span>,<span title='原始值：9.24'>9.24</span>,<span title='原始值：6.768'>6.77</span>,<span title='原始值：557.15'>557.2</span>,<span title='原始值：28.43'>28.4</span>,<span data-toggle='tooltip' data-placement='right' title='当天质控不合格'>--</span>,<span data-toggle='tooltip' data-placement='right' title='当天质控不合格'>--</span>,<span data-toggle='tooltip' data-placement='right' title='当天质控不合格'>--</span>,<span data-toggle='tooltip' data-placement='right' title='当天质控不合格'>--</span>,<span title='原始值：0.029'>0.029</span>,<span title='原始值：7600910'>7600910</span>
云南省,滇池流域,滇池南,02-25 09:00,3,<span title='原始值：13.63'>13.6</span>,<span title='原始值：8.711'>8.71</span>,<span title='原始值：9.559'>9.56</span>,<span title='原始值：514.88'>514.9</span>,<span title='原始值：30.82'>30.8</span>,<span title='原始值：5.444'>5.44</span>,<span title='原始值：0.1697'>0.170</span>,<span title='原始值：0.0369'>0.037</span>,<span title='原始值：1.77'>1.77</span>,<span title='原始值：0.04788'>0.048</span>,<span title='原始值：6035490'>6035490</span>
云南省,滇池流域,白鱼口,02-25 09:00,2,<span title='原始值：14.14'>14.1</span>,<span title='原始值：8.753'>8.75</span>,<span title='原始值：6.766'>6.77</span>,<span title='原始值：441.95'>442.0</span>,<span title='原始值：30.061'>30.1</span>,<span data-toggle='tooltip' data-placement='right' title='当天质控不合格'>--</span>,<span data-toggle='tooltip' data-placement='right' title='当天质控不合格'>--</span>,<span data-toggle='tooltip' data-placement='right' title='当天质控不合格'>--</span>,<span data-toggle='tooltip' data-placement='right' title='当天质控不合格'>--</span>,<span title='原始值：0.00959'>0.010</span>,<span title='原始值：2.658811E+07'>26588110</span>
云南省,滇池流域,晋城小寨,02-25 09:00,4,<span title='原始值：13.97'>14.0</span>,<span title='原始值：7.581'>7.58</span>,<span title='原始值：4.4583'>4.46</span>,<span title='原始值：593.3513'>593.4</span>,<span title='原始值：5.6156'>5.6</span>,<span title='原始值：3.274'>3.27</span>,<span title='原始值：0.0261'>0.026</span>,<span title='原始值：0.0342'>0.034</span>,<span title='原始值：5.046'>5.05</span>,--,--
云南省,长江流域,牛栏江河口(象鼻山吊桥),02-25 09:00,2,<span title='原始值：14.54'>14.5</span>,<span title='原始值：7.98'>7.98</span>,<span title='原始值：6.373'>6.37</span>,<span title='原始值：404.508'>404.5</span>,<span title='原始值：5.579'>5.6</span>,<span title='原始值：2.507'>2.51</span>,--,<span title='原始值：0.0242'>0.024</span>,<span title='原始值：2.691'>2.69</span>,--,--
云南省,珠江流域,狗街,02-25 09:00,2,<span title='原始值：16.17'>16.2</span>,<span title='原始值：8.2383'>8.24</span>,<span title='原始值：7.7078'>7.71</span>,<span title='原始值：479.4488'>479.4</span>,<span title='原始值：38.8382'>38.8</span>,<span title='原始值：1.5897'>1.59</span>,<span title='原始值：0.0535'>0.054</span>,<span title='原始值：0.0979'>0.098</span>,<span title='原始值：4.6885'>4.69</span>,--,--
云南省,珠江流域,花山水库出水口,02-25 09:00,1,<span title='原始值：12.93'>12.9</span>,<span title='原始值：8.2961'>8.30</span>,<span title='原始值：9.2088'>9.21</span>,<span title='原始值：346.9407'>346.9</span>,<span title='原始值：2.0949'>2.1</span>,<span title='原始值：1.284'>1.28</span>,<span title='原始值：0.0121'>0.012</span>,<span title='原始值：0.0065'>0.006</span>,<span title='原始值：2.8431'>2.84</span>,--,--
云南省,长江流域,以礼河水文站,02-25 09:00,2,<span title='原始值：12.15'>12.2</span>,<span title='原始值：7.8632'>7.86</span>,<span title='原始值：7.9987'>8.00</span>,<span title='原始值：266.7434'>266.7</span>,<span title='原始值：4.2706'>4.3</span>,<span title='原始值：1.0459'>1.05</span>,<span title='原始值：0.1156'>0.116</span>,<span title='原始值：0.0539'>0.054</span>,<span title='原始值：1.5916'>1.59</span>,--,--
云南省,珠江流域,厂房大桥,02-25 09:00,2,<span title='原始值：15.3'>15.3</span>,<span title='原始值：8.2408'>8.24</span>,<span title='原始值：8.7468'>8.75</span>,<span title='原始值：377.33'>377.3</span>,<span title='原始值：18.4161'>18.4</span>,<span title='原始值：1.355'>1.36</span>,<span title='原始值：0.0669'>0.067</span>,<span title='原始值：0.0689'>0.069</span>,<span title='原始值：3.026'>3.03</span>,--,--
云南省,长江流域,牛栏江大桥,02-25 09:00,2,<span title='原始值：14.28'>14.3</span>,<span title='原始值：8.41'>8.41</span>,<span title='原始值：7.785'>7.78</span>,<span title='原始值：393.513'>393.5</span>,<span title='原始值：5.687'>5.7</span>,<span title='原始值：0.891'>0.89</span>,--,<span title='原始值：0.027'>0.027</span>,<span title='原始值：2.276'>2.28</span>,--,--
云南省,珠江流域,盘溪大桥,02-25 08:00,2,<span title='原始值：17.55'>17.6</span>,<span title='原始值：8.20893'>8.21</span>,<span title='原始值：8.62723'>8.63</span>,<span title='原始值：493.171'>493.2</span>,<span title='原始值：14.44944'>14.4</span>,<span title='原始值：1.5106'>1.51</span>,<span title='原始值：0.00466'>0.005</span>,<span title='原始值：0.08292'>0.083</span>,<span title='原始值：4.66888'>4.67</span>,--,--
云南省,珠江流域,九甸大桥,02-25 08:00,2,<span title='原始值：18.48212'>18.5</span>,<span title='原始值：8.29821'>8.30</span>,<span title='原始值：7.49288'>7.49</span>,<span title='原始值：621.4894'>621.5</span>,<span title='原始值：9.2865'>9.3</span>,<span title='原始值：3.30134'>3.30</span>,<span title='原始值：0.00314'>0.003</span>,<span title='原始值：0.07029'>0.070</span>,<span title='原始值：3.49014'>3.49</span>,--,--
云南省,西南诸河,坝洪村,02-25 08:00,2,<span title='原始值：22.77'>22.8</span>,<span title='原始值：7.97065'>7.97</span>,<span title='原始值：7.38335'>7.38</span>,<span title='原始值：384.7446'>384.7</span>,<span title='原始值：17.25904'>17.3</span>,<span data-toggle='tooltip' data-placement='right' title='当天质控不合格'>--</span>,<span title='原始值：0.00856'>0.009</span>,<span title='原始值：0.01222'>0.012</span>,<span title='原始值：0.65611'>0.66</span>,--,--
云南省,珠江流域,抚仙湖心,02-25 09:00,2,<span title='原始值：14.64'>14.6</span>,<span title='原始值：8.355'>8.36</span>,<span title='原始值：8.355'>8.36</span>,<span title='原始值：325.55'>325.6</span>,<span title='原始值：0.034'>0.03</span>,<span data-toggle='tooltip' data-placement='right' title='当天质控不合格'>--</span>,--,<span title='原始值：0.0142'>0.014</span>,<span title='原始值：0.128'>0.13</span>,<span title='原始值：0.00421'>0.004</span>,<span title='原始值：3943802'>3943802</span>
云南省,西南诸河,绿汁江大桥,02-25 08:00,2,<span title='原始值：16.15421'>16.2</span>,<span title='原始值：8.26581'>8.27</span>,<span title='原始值：7.58774'>7.59</span>,<span title='原始值：597.528'>597.5</span>,<span title='原始值：6.51032'>6.5</span>,<span title='原始值：1.227'>1.23</span>,<span title='原始值：0.0147'>0.015</span>,<span title='原始值：0.03578'>0.036</span>,<span title='原始值：1.70709'>1.71</span>,--,--
云南省,珠江流域,杞麓湖心,02-25 09:00,6,<span title='原始值：16.43'>16.4</span>,<span title='原始值：9.296'>9.30</span>,<span title='原始值：7.891'>7.89</span>,<span title='原始值：722.41'>722.4</span>,<span title='原始值：24.87'>24.9</span>,<span title='原始值：8.93'>8.93</span>,--,--,<span title='原始值：1.835'>1.84</span>,<span title='原始值：0.02792'>0.028</span>,<span title='原始值：1.418105E+07'>14181050</span>
云南省,珠江流域,星云湖心,02-25 09:00,6,<span title='原始值：16.04'>16.0</span>,<span title='原始值：9.176'>9.18</span>,<span title='原始值：8.391'>8.39</span>,<span title='原始值：669.862'>669.9</span>,<span title='原始值：115.33'>115.3</span>,<span title='原始值：6.377'>6.38</span>,<span data-toggle='tooltip' data-placement='right' title='当天质控不合格'>--</span>,<span title='原始值：0.0213'>0.021</span>,<span title='原始值：0.948'>0.95</span>,--,<span title='原始值：6.926846E+07'>69268460</span>
云南省,西南诸河,红旗桥,02-25 09:00,1,<span title='原始值：15.2071'>15.2</span>,<span title='原始值：8.218269'>8.22</span>,<span title='原始值：9.159015'>9.16</span>,<span title='原始值：377.5523'>377.6</span>,<span title='原始值：3.32547'>3.3</span>,<span title='原始值：0.5988222'>0.60</span>,--,<span title='原始值：0.005165241'>0.005</span>,<span title='原始值：0.5669663'>0.57</span>,--,--
云南省,西南诸河,湾甸,02-25 08:00,1,<span title='原始值：17.51081'>17.5</span>,<span title='原始值：8.07738'>8.08</span>,<span title='原始值：9.06357'>9.06</span>,<span title='原始值：415.1814'>415.2</span>,<span title='原始值：43.90178'>43.9</span>,<span title='原始值：0.56005'>0.56</span>,<span title='原始值：0.00827'>0.008</span>,<span title='原始值：0.01957'>0.020</span>,<span title='原始值：2.02863'>2.03</span>,--,--
云南省,西南诸河,永保桥,02-25 08:00,1,<span title='原始值：13.19052'>13.2</span>,<span title='原始值：8.27406'>8.27</span>,<span title='原始值：9.25863'>9.26</span>,<span title='原始值：507.7413'>507.7</span>,<span title='原始值：77.5648'>77.6</span>,<span title='原始值：0.54121'>0.54</span>,<span title='原始值：0.00122'>0.001</span>,<span title='原始值：0.00671'>0.007</span>,<span title='原始值：0.33723'>0.34</span>,--,--
云南省,西南诸河,龙江桥,02-25 08:00,1,<span title='原始值：14.57'>14.6</span>,<span title='原始值：7.87054'>7.87</span>,<span title='原始值：7.91815'>7.92</span>,<span title='原始值：145.5258'>145.5</span>,<span title='原始值：7.28483'>7.3</span>,<span title='原始值：1.30425'>1.30</span>,<span title='原始值：0.01015'>0.010</span>,<span title='原始值：0.01566'>0.016</span>,<span title='原始值：0.84806'>0.85</span>,--,--
云南省,长江流域,云贵桥,02-25 09:00,1,<span title='原始值：14.74'>14.7</span>,<span title='原始值：8.509'>8.51</span>,<span title='原始值：8.377'>8.38</span>,<span title='原始值：378.536'>378.5</span>,<span title='原始值：8.374'>8.4</span>,<span data-toggle='tooltip' data-placement='right' title='当天质控不合格'>--</span>,<span title='原始值：0.008'>0.008</span>,<span title='原始值：0.005'>0.005</span>,<span title='原始值：2.652'>2.65</span>,--,--
云南省,长江流域,头屯河,02-25 08:00,2,<span title='原始值：13.37'>13.4</span>,<span title='原始值：7.956'>7.96</span>,<span title='原始值：6.418'>6.42</span>,<span title='原始值：405.227'>405.2</span>,<span title='原始值：7.37'>7.4</span>,<span title='原始值：0.82'>0.82</span>,<span title='原始值：0.0586'>0.059</span>,<span title='原始值：0.042'>0.042</span>,<span title='原始值：4.456'>4.46</span>,--,--
云南省,长江流域,邓家河,02-25 09:00,2,<span title='原始值：15.31'>15.3</span>,<span title='原始值：7.989'>7.99</span>,<span title='原始值：7.838'>7.84</span>,<span title='原始值：406.782'>406.8</span>,<span title='原始值：6.669'>6.7</span>,<span title='原始值：0.641'>0.64</span>,<span title='原始值：0.038'>0.038</span>,<span title='原始值：0.033'>0.033</span>,<span title='原始值：2.573'>2.57</span>,--,--
云南省,长江流域,横江桥,02-25 08:00,2,<span title='原始值：15.35'>15.4</span>,<span title='原始值：8.101'>8.10</span>,<span title='原始值：9.679'>9.68</span>,<span title='原始值：284.76'>284.8</span>,<span title='原始值：9.76'>9.8</span>,<span title='原始值：0.815'>0.82</span>,--,<span title='原始值：0.0235'>0.024</span>,<span title='原始值：1.912'>1.91</span>,--,--
云南省,长江流域,程海湖中,02-25 08:00,6,<span title='原始值：15.4875'>15.5</span>,<span title='原始值：9.32972'>9.33</span>,<span title='原始值：7.633'>7.63</span>,<span title='原始值：1383.568'>1383.6</span>,<span title='原始值：9.15355'>9.2</span>,<span title='原始值：4.67461'>4.67</span>,<span title='原始值：0.02304'>0.023</span>,<span title='原始值：0.03207'>0.032</span>,<span title='原始值：1.01406'>1.01</span>,<span title='原始值：0.00728'>0.007</span>,<span title='原始值：9333.947'>9334</span>
云南省,长江流域,新华,02-25 08:00,1,<span title='原始值：9.10054'>9.1</span>,<span title='原始值：8.4081'>8.41</span>,<span title='原始值：9.02062'>9.02</span>,<span title='原始值：847.1419'>847.1</span>,<span title='原始值：12.62586'>12.6</span>,<span title='原始值：0.74386'>0.74</span>,<span title='原始值：0.0066'>0.007</span>,<span title='原始值：0.00507'>0.005</span>,<span title='原始值：0.53656'>0.54</span>,--,--
云南省,长江流域,金江桥,02-25 08:00,1,<span title='原始值：14.51'>14.5</span>,<span title='原始值：8.21719'>8.22</span>,<span title='原始值：9.26729'>9.27</span>,<span title='原始值：728.4248'>728.4</span>,<span title='原始值：6.6644'>6.7</span>,<span title='原始值：1.04'>1.04</span>,<span title='原始值：0.00367'>0.004</span>,<span title='原始值：0.00432'>0.004</span>,<span title='原始值：0.53735'>0.54</span>,--,--
云南省,长江流域,龙兴村,02-25 08:00,3,<span title='原始值：11.86'>11.9</span>,<span title='原始值：7.60113'>7.60</span>,<span title='原始值：7.46351'>7.46</span>,<span title='原始值：471.0213'>471.0</span>,<span title='原始值：17.04812'>17.0</span>,<span title='原始值：2.03212'>2.03</span>,<span title='原始值：0.14793'>0.148</span>,<span title='原始值：0.16417'>0.164</span>,<span title='原始值：5.61203'>5.61</span>,--,--
云南省,西南诸河,土卡河水文站(土卡河),02-25 09:00,1,<span title='原始值：20.999'>21.0</span>,<span title='原始值：8.118263'>8.12</span>,<span title='原始值：8.752307'>8.75</span>,<span title='原始值：242.8049'>242.8</span>,<span title='原始值：1.552632'>1.6</span>,<span title='原始值：0.7846739'>0.78</span>,<span title='原始值：0.004197069'>0.004</span>,<span title='原始值：0.003165225'>0.003</span>,<span data-toggle='tooltip' data-placement='right' title='当天质控不合格'>--</span>,--,--
云南省,西南诸河,思茅港,02-25 08:00,2,<span title='原始值：20.01916'>20.0</span>,<span title='原始值：7.72874'>7.73</span>,<span title='原始值：6.13627'>6.14</span>,<span title='原始值：316.3262'>316.3</span>,<span title='原始值：5.5857'>5.6</span>,<span title='原始值：0.86953'>0.87</span>,<span title='原始值：0.00573'>0.006</span>,<span title='原始值：0.01347'>0.013</span>,<span title='原始值：0.66743'>0.67</span>,--,--
云南省,西南诸河,芒东桥,02-25 08:00,4,<span title='原始值：17.97838'>18.0</span>,<span title='原始值：7.48254'>7.48</span>,<span title='原始值：4.94523'>4.95</span>,<span title='原始值：256.702'>256.7</span>,<span title='原始值：6.41388'>6.4</span>,<span data-toggle='tooltip' data-placement='right' title='当天质控不合格'>--</span>,<span data-toggle='tooltip' data-placement='right' title='当天质控不合格'>--</span>,<span title='原始值：0.25922'>0.259</span>,<span title='原始值：2.49726'>2.50</span>,--,--
云南省,西南诸河,孟拉桥,02-25 08:00,1,<span title='原始值：18.64'>18.6</span>,<span title='原始值：7.65928'>7.66</span>,<span title='原始值：7.64227'>7.64</span>,<span title='原始值：150.8714'>150.9</span>,<span title='原始值：26.37581'>26.4</span>,<span title='原始值：1.20231'>1.20</span>,<span title='原始值：0.00245'>0.002</span>,<span title='原始值：0.01285'>0.013</span>,<span title='原始值：0.24212'>0.24</span>,--,--
云南省,西南诸河,莲花乡,02-25 08:00,3,<span title='原始值：19.76693'>19.8</span>,<span title='原始值：7.7151'>7.72</span>,<span title='原始值：7.51806'>7.52</span>,<span title='原始值：425.8336'>425.8</span>,<span title='原始值：6.38108'>6.4</span>,<span title='原始值：3.0935'>3.09</span>,<span title='原始值：0.05176'>0.052</span>,<span title='原始值：0.15383'>0.154</span>,<span title='原始值：4.88136'>4.88</span>,--,--
云南省,西南诸河,嘎旧,02-25 08:00,2,<span title='原始值：17.12'>17.1</span>,<span title='原始值：7.78663'>7.79</span>,<span title='原始值：7.01201'>7.01</span>,<span title='原始值：360.788'>360.8</span>,<span title='原始值：11.26743'>11.3</span>,<span title='原始值：1.08853'>1.09</span>,<span title='原始值：0.008'>0.008</span>,<span title='原始值：0.01981'>0.020</span>,<span title='原始值：0.81177'>0.81</span>,--,--
云南省,西南诸河,景临桥,02-25 08:00,1,<span title='原始值：19.76'>19.8</span>,<span title='原始值：8.19716'>8.20</span>,<span title='原始值：8.7004'>8.70</span>,<span title='原始值：268.5969'>268.6</span>,<span title='原始值：10.67549'>10.7</span>,<span title='原始值：1.28141'>1.28</span>,<span title='原始值：0.009'>0.009</span>,<span title='原始值：0.01497'>0.015</span>,<span title='原始值：0.77898'>0.78</span>,--,--
云南省,西南诸河,孟定大桥,02-25 08:00,2,<span title='原始值：19.02'>19.0</span>,<span title='原始值：7.76212'>7.76</span>,<span title='原始值：8.64994'>8.65</span>,<span title='原始值：290.2652'>290.3</span>,<span title='原始值：27.89165'>27.9</span>,<span title='原始值：0.3184'>0.32</span>,<span title='原始值：0.00844'>0.008</span>,<span title='原始值：0.0217'>0.022</span>,<span title='原始值：1.17646'>1.18</span>,--,--
云南省,西南诸河,黑箐,02-25 08:00,-1,--,--,--,--,--,--,--,--,--,--,--
云南省,西南诸河,小黑江检查站,02-25 08:00,1,<span title='原始值：17.8898'>17.9</span>,<span title='原始值：7.98281'>7.98</span>,<span title='原始值：8.14099'>8.14</span>,<span title='原始值：234.0539'>234.1</span>,<span title='原始值：10.70557'>10.7</span>,<span title='原始值：0.91151'>0.91</span>,<span title='原始值：0.01816'>0.018</span>,<span title='原始值：0.01973'>0.020</span>,<span title='原始值：0.80993'>0.81</span>,--,--
云南省,西南诸河,水文站,02-25 08:00,3,<span title='原始值：14.69'>14.7</span>,<span title='原始值：7.78461'>7.78</span>,<span title='原始值：5.69293'>5.69</span>,<span title='原始值：459.6967'>459.7</span>,<span title='原始值：4.62691'>4.6</span>,<span title='原始值：2.97425'>2.97</span>,<span title='原始值：0.33901'>0.339</span>,<span title='原始值：0.05774'>0.058</span>,<span title='原始值：3.96153'>3.96</span>,--,--
云南省,长江流域,西观桥,02-25 08:00,4,<span title='原始值：15.75'>15.8</span>,<span title='原始值：7.45575'>7.46</span>,<span title='原始值：3.66531'>3.67</span>,<span title='原始值：611.8357'>611.8</span>,<span title='原始值：96.76064'>96.8</span>,<span title='原始值：2.94737'>2.95</span>,<span title='原始值：0.17627'>0.176</span>,<span title='原始值：0.02995'>0.030</span>,<span title='原始值：6.53728'>6.54</span>,--,--
云南省,西南诸河,那发出境,02-25 09:00,2,<span title='原始值：21.17'>21.2</span>,<span title='原始值：7.259'>7.26</span>,<span title='原始值：7.0778'>7.08</span>,<span title='原始值：155.7528'>155.8</span>,<span title='原始值：4.67'>4.7</span>,<span title='原始值：0.7613'>0.76</span>,<span title='原始值：0.0599'>0.060</span>,<span title='原始值：0.0409'>0.041</span>,<span title='原始值：0.4368'>0.44</span>,--,--
云南省,西南诸河,中越桥,02-25 09:00,2,<span title='原始值：23.01'>23.0</span>,<span title='原始值：7.9317'>7.93</span>,<span title='原始值：6.6574'>6.66</span>,<span title='原始值：272.756'>272.8</span>,<span title='原始值：14.4528'>14.5</span>,<span title='原始值：0.8883'>0.89</span>,<span title='原始值：0.0369'>0.037</span>,<span title='原始值：0.0538'>0.054</span>,<span title='原始值：1.9083'>1.91</span>,--,--
云南省,西南诸河,蚂蟥堡桥,02-25 09:00,2,<span title='原始值：22.82'>22.8</span>,<span title='原始值：8.1622'>8.16</span>,<span title='原始值：7.5325'>7.53</span>,<span title='原始值：267.5306'>267.5</span>,<span title='原始值：22.9205'>22.9</span>,<span title='原始值：0.7452'>0.75</span>,<span title='原始值：0.0458'>0.046</span>,<span title='原始值：0.0404'>0.040</span>,<span title='原始值：1.9089'>1.91</span>,--,--
云南省,西南诸河,龙脖渡口,02-25 09:00,2,<span title='原始值：21.79'>21.8</span>,<span title='原始值：8.1804'>8.18</span>,<span title='原始值：9.0617'>9.06</span>,<span title='原始值：342.695'>342.7</span>,<span title='原始值：6.1423'>6.1</span>,<span data-toggle='tooltip' data-placement='right' title='当天质控不合格'>--</span>,<span title='原始值：0.0056'>0.006</span>,<span title='原始值：0.0368'>0.037</span>,<span title='原始值：1.3196'>1.32</span>,--,--
云南省,西南诸河,河口县医院(河口),02-25 09:00,2,<span title='原始值：23.01425'>23.0</span>,<span title='原始值：7.537377'>7.54</span>,<span title='原始值：8.071393'>8.07</span>,<span title='原始值：283.7819'>283.8</span>,<span title='原始值：14.71624'>14.7</span>,<span title='原始值：0.679466'>0.68</span>,<span title='原始值：0.00455673'>0.005</span>,<span title='原始值：0.05000413'>0.050</span>,<span title='原始值：1.475479'>1.48</span>,--,--
云南省,西南诸河,小河底河,02-25 08:00,2,<span title='原始值：22.73'>22.7</span>,<span title='原始值：7.8784'>7.88</span>,<span title='原始值：8.4083'>8.41</span>,<span title='原始值：513.4008'>513.4</span>,<span title='原始值：56.662'>56.7</span>,<span data-toggle='tooltip' data-placement='right' title='当天质控不合格'>--</span>,--,<span title='原始值：0.0232'>0.023</span>,<span title='原始值：1.0246'>1.02</span>,--,--
云南省,珠江流域,异龙湖中,02-25 09:00,4,<span title='原始值：18.83'>18.8</span>,<span title='原始值：8.0081'>8.01</span>,<span title='原始值：5.967'>5.97</span>,<span title='原始值：505.57'>505.6</span>,<span title='原始值：10.177'>10.2</span>,<span title='原始值：7.573'>7.57</span>,<span title='原始值：0.0495'>0.050</span>,<span title='原始值：0.0146'>0.015</span>,<span title='原始值：0.921'>0.92</span>,<span title='原始值：0.00941'>0.009</span>,<span title='原始值：34334.5'>34334</span>
云南省,珠江流域,长虹桥,02-25 08:00,3,<span title='原始值：19.37'>19.4</span>,<span title='原始值：8.391'>8.39</span>,<span title='原始值：7.0903'>7.09</span>,<span title='原始值：531.304'>531.3</span>,<span title='原始值：22.881'>22.9</span>,<span title='原始值：2.767'>2.77</span>,<span title='原始值：0.0137'>0.014</span>,<span title='原始值：0.1038'>0.104</span>,<span title='原始值：4.2871'>4.29</span>,--,--
云南省,珠江流域,江边桥,02-25 08:00,2,<span title='原始值：20.64'>20.6</span>,<span title='原始值：7.733'>7.73</span>,<span title='原始值：7.175'>7.18</span>,<span title='原始值：538.53'>538.5</span>,<span title='原始值：33.62'>33.6</span>,<span title='原始值：1.8254'>1.83</span>,--,<span title='原始值：0.0744'>0.074</span>,<span title='原始值：3.4596'>3.46</span>,--,--
云南省,西南诸河,天保农场,02-25 09:00,2,<span title='原始值：18.57'>18.6</span>,<span title='原始值：7.9754'>7.98</span>,<span title='原始值：9.3579'>9.36</span>,<span title='原始值：357.8322'>357.8</span>,<span title='原始值：2.1704'>2.2</span>,<span title='原始值：0.2371'>0.24</span>,<span title='原始值：0.003'>0.003</span>,<span title='原始值：0.025'>0.025</span>,<span title='原始值：2.9038'>2.90</span>,--,--
云南省,西南诸河,南利大桥,02-25 08:00,3,<span title='原始值：20.43'>20.4</span>,<span title='原始值：8.216'>8.22</span>,<span title='原始值：5.92'>5.92</span>,<span title='原始值：323.9'>323.9</span>,<span title='原始值：1.98'>2.0</span>,<span title='原始值：0.78'>0.78</span>,--,<span title='原始值：0.011'>0.011</span>,<span title='原始值：1.149'>1.15</span>,--,--
云南省,珠江流域,谷拉河大桥,02-25 08:00,1,<span title='原始值：21.83'>21.8</span>,<span title='原始值：8.219'>8.22</span>,<span title='原始值：9.726'>9.73</span>,<span title='原始值：264.2'>264.2</span>,<span title='原始值：2.852'>2.9</span>,<span title='原始值：0.98'>0.98</span>,--,<span title='原始值：0.004'>0.004</span>,<span title='原始值：1.344'>1.34</span>,--,--
云南省,西南诸河,关累码头,02-25 08:00,1,--,--,--,--,--,<span title='原始值：0.65816'>0.66</span>,<span title='原始值：0.00678'>0.007</span>,<span title='原始值：0.0121'>0.012</span>,--,--,--
云南省,西南诸河,勐仑大桥,02-25 08:00,2,<span title='原始值：22.21'>22.2</span>,<span title='原始值：8.22447'>8.22</span>,<span title='原始值：7.17424'>7.17</span>,<span title='原始值：279.0356'>279.0</span>,<span title='原始值：14.23222'>14.2</span>,<span title='原始值：0.72587'>0.73</span>,<span title='原始值：0.01045'>0.010</span>,<span title='原始值：0.0059'>0.006</span>,<span title='原始值：0.10517'>0.11</span>,--,--
云南省,西南诸河,风情园大桥,02-25 08:00,1,<span title='原始值：18.64'>18.6</span>,<span title='原始值：7.62522'>7.63</span>,<span title='原始值：8.50609'>8.51</span>,<span title='原始值：110.3777'>110.4</span>,<span title='原始值：193.6673'>193.7</span>,<span title='原始值：1.00986'>1.01</span>,<span title='原始值：0.00956'>0.010</span>,<span title='原始值：0.01494'>0.015</span>,<span title='原始值：1.26279'>1.26</span>,--,--
云南省,西南诸河,勐捧岔河,02-25 08:00,2,<span title='原始值：22.69'>22.7</span>,<span title='原始值：7.99696'>8.00</span>,<span title='原始值：7.39572'>7.40</span>,<span title='原始值：367.2332'>367.2</span>,<span title='原始值：4.22236'>4.2</span>,<span title='原始值：1.7561'>1.76</span>,<span title='原始值：0.0023'>0.002</span>,<span title='原始值：0.0328'>0.033</span>,<span title='原始值：0.41962'>0.42</span>,--,--
云南省,西南诸河,打洛江大桥,02-25 08:00,1,<span title='原始值：20.46723'>20.5</span>,<span title='原始值：7.95979'>7.96</span>,<span title='原始值：8.17099'>8.17</span>,<span title='原始值：184.0284'>184.0</span>,<span title='原始值：8.69916'>8.7</span>,<span title='原始值：1.49018'>1.49</span>,<span title='原始值：0.00518'>0.005</span>,<span title='原始值：0.0066'>0.007</span>,<span title='原始值：0.435'>0.44</span>,--,--
云南省,西南诸河,洱海湖心,02-25 09:00,2,<span title='原始值：12.46'>12.5</span>,<span title='原始值：8.447'>8.45</span>,<span title='原始值：7.434'>7.43</span>,<span title='原始值：287.73'>287.7</span>,<span title='原始值：5.26'>5.3</span>,<span title='原始值：3.251'>3.25</span>,<span title='原始值：0.0401'>0.040</span>,<span title='原始值：0.0189'>0.019</span>,<span title='原始值：0.466'>0.47</span>,<span title='原始值：0.0042'>0.004</span>,<span title='原始值：1.31583E+07'>13158300</span>
云南省,西南诸河,交汇口,02-25 08:00,1,<span title='原始值：13.5087'>13.5</span>,<span title='原始值：7.9608'>7.96</span>,<span title='原始值：8.25088'>8.25</span>,<span title='原始值：521.9852'>522.0</span>,<span title='原始值：18.94457'>18.9</span>,<span title='原始值：1.46923'>1.47</span>,<span title='原始值：0.0061'>0.006</span>,<span title='原始值：0.00861'>0.009</span>,<span data-toggle='tooltip' data-placement='right' title='当天质控不合格'>--</span>,--,--
云南省,西南诸河,徐村桥,02-25 08:00,2,<span title='原始值：14.67'>14.7</span>,<span title='原始值：7.65616'>7.66</span>,<span title='原始值：7.56374'>7.56</span>,<span title='原始值：278.3827'>278.4</span>,<span title='原始值：12.73169'>12.7</span>,<span title='原始值：1.46327'>1.46</span>,<span title='原始值：0.0387'>0.039</span>,<span title='原始值：0.08789'>0.088</span>,<span title='原始值：1.9589'>1.96</span>,--,--
云南省,西南诸河,江尾,02-25 08:00,3,<span title='原始值：15.59428'>15.6</span>,<span title='原始值：7.83848'>7.84</span>,<span title='原始值：5.30596'>5.31</span>,<span title='原始值：481.9329'>481.9</span>,<span title='原始值：7.42681'>7.4</span>,<span title='原始值：2.28829'>2.29</span>,<span title='原始值：0.00583'>0.006</span>,<span title='原始值：0.01363'>0.014</span>,<span title='原始值：1.48936'>1.49</span>,--,--
云南省,西南诸河,汇流电站,02-25 08:00,1,<span title='原始值：16.86668'>16.9</span>,<span title='原始值：7.23969'>7.24</span>,<span title='原始值：9.04419'>9.04</span>,<span title='原始值：97.01498'>97.0</span>,<span title='原始值：9.95464'>10.0</span>,<span title='原始值：0.92337'>0.92</span>,<span title='原始值：0.00341'>0.003</span>,<span title='原始值：0.01951'>0.020</span>,<span title='原始值：0.50022'>0.50</span>,--,--
云南省,西南诸河,姐告大桥,02-25 08:00,2,<span title='原始值：18.25'>18.2</span>,<span title='原始值：7.76193'>7.76</span>,<span title='原始值：7.95026'>7.95</span>,<span title='原始值：189.1189'>189.1</span>,<span title='原始值：7.5628'>7.6</span>,<span title='原始值：1.31711'>1.32</span>,<span title='原始值：0.01849'>0.018</span>,<span title='原始值：0.02054'>0.021</span>,<span title='原始值：1.03915'>1.04</span>,--,--
云南省,西南诸河,迭撒大桥,02-25 08:00,2,<span title='原始值：17.28'>17.3</span>,<span title='原始值：6.96763'>6.97</span>,<span title='原始值：7.20306'>7.20</span>,<span title='原始值：182.417'>182.4</span>,<span title='原始值：19.68026'>19.7</span>,<span title='原始值：1.93198'>1.93</span>,<span title='原始值：0.13006'>0.130</span>,<span title='原始值：0.04967'>0.050</span>,<span title='原始值：1.84975'>1.85</span>,--,--
云南省,西南诸河,风平,02-25 08:00,5,<span title='原始值：17.99788'>18.0</span>,<span title='原始值：7.6114'>7.61</span>,<span title='原始值：6.73762'>6.74</span>,<span title='原始值：308.8289'>308.8</span>,<span title='原始值：8.54483'>8.5</span>,<span title='原始值：2.66197'>2.66</span>,<span title='原始值：1.74698'>1.747</span>,<span title='原始值：0.20843'>0.208</span>,<span title='原始值：3.65177'>3.65</span>,--,--
云南省,西南诸河,拉甲木底桥,02-25 08:00,1,<span title='原始值：11.96695'>12.0</span>,<span title='原始值：8.35425'>8.35</span>,<span title='原始值：9.58675'>9.59</span>,<span title='原始值：397.772'>397.8</span>,<span title='原始值：4.42073'>4.4</span>,<span title='原始值：0.60194'>0.60</span>,<span title='原始值：0.00181'>0.002</span>,<span title='原始值：0.00421'>0.004</span>,<span title='原始值：0.28438'>0.28</span>,--,--
云南省,西南诸河,丙舍桥,02-25 08:00,1,<span title='原始值：12.74096'>12.7</span>,<span title='原始值：8.30721'>8.31</span>,<span title='原始值：9.0584'>9.06</span>,<span title='原始值：380.35'>380.4</span>,<span title='原始值：29.36906'>29.4</span>,<span title='原始值：0.64785'>0.65</span>,<span title='原始值：0.00669'>0.007</span>,<span title='原始值：0.0032'>0.003</span>,<span title='原始值：0.42128'>0.42</span>,--,--
云南省,长江流域,贺龙桥,02-25 08:00,1,<span title='原始值：7.69338'>7.7</span>,<span title='原始值：8.50117'>8.50</span>,<span title='原始值：8.91288'>8.91</span>,<span title='原始值：903.1806'>903.2</span>,<span title='原始值：16.12139'>16.1</span>,<span title='原始值：0.5094'>0.51</span>,<span title='原始值：0.008'>0.008</span>,<span title='原始值：0.00287'>0.003</span>,<span title='原始值：0.57685'>0.58</span>,--,--
云南省,西南诸河,中路村,02-25 08:00,1,<span title='原始值：7.82'>7.8</span>,<span title='原始值：8.26857'>8.27</span>,<span title='原始值：9.18697'>9.19</span>,<span title='原始值：593.9184'>593.9</span>,<span title='原始值：16.32981'>16.3</span>,<span title='原始值：0.72888'>0.73</span>,<span title='原始值：0.00431'>0.004</span>,<span title='原始值：0.00293'>0.003</span>,<span title='原始值：0.42716'>0.43</span>,--,--
西藏自治区,西南诸河,才纳(帮布布),02-25 09:00,2,<span title='原始值：5.547'>5.5</span>,<span title='原始值：7.721'>7.72</span>,<span title='原始值：7.036'>7.04</span>,<span title='原始值：263.197'>263.2</span>,<span title='原始值：3'>3.0</span>,<span title='原始值：0.707'>0.71</span>,<span title='原始值：0.014'>0.014</span>,<span title='原始值：0.012'>0.012</span>,<span data-toggle='tooltip' data-placement='right' title='当天质控不合格'>--</span>,--,--
陕西省,黄河流域,灞河口,02-25 09:00,3,<span title='原始值：9.6'>9.6</span>,<span title='原始值：8.39'>8.39</span>,<span title='原始值：15.5429'>15.54</span>,<span title='原始值：539.9745'>540.0</span>,<span title='原始值：5.8092'>5.8</span>,<span title='原始值：4.7445'>4.74</span>,--,<span title='原始值：0.0311'>0.031</span>,<span title='原始值：4.4902'>4.49</span>,--,--
陕西省,黄河流域,三郎村,02-25 09:00,2,<span title='原始值：11.29'>11.3</span>,<span title='原始值：7.755'>7.76</span>,<span title='原始值：10.344'>10.34</span>,<span title='原始值：741.785'>741.8</span>,<span title='原始值：12.643'>12.6</span>,<span title='原始值：3.8056'>3.81</span>,<span title='原始值：0.2738'>0.274</span>,<span title='原始值：0.074'>0.074</span>,<span data-toggle='tooltip' data-placement='right' title='当天质控不合格'>--</span>,--,--
陕西省,黄河流域,沙王渡,02-25 07:00,4,<span title='原始值：9.64'>9.6</span>,<span title='原始值：7.6651'>7.67</span>,<span title='原始值：7.1839'>7.18</span>,<span title='原始值：1272.284'>1272.3</span>,<span title='原始值：51.2567'>51.3</span>,<span title='原始值：6.574'>6.57</span>,<span title='原始值：1.4997'>1.500</span>,<span title='原始值：0.2261'>0.226</span>,<span title='原始值：8.8266'>8.83</span>,--,--
陕西省,黄河流域,下桃水电站,02-25 09:00,1,<span title='原始值：6.664'>6.7</span>,<span title='原始值：8.71'>8.71</span>,<span title='原始值：12.254'>12.25</span>,<span title='原始值：1733.4'>1733.4</span>,<span title='原始值：16.095'>16.1</span>,<span data-toggle='tooltip' data-placement='right' title='当天质控不合格'>--</span>,<span title='原始值：0.125'>0.125</span>,<span title='原始值：0.02'>0.020</span>,<span title='原始值：5.172'>5.17</span>,--,--
陕西省,长江流域,黄牛铺,02-25 09:00,1,<span title='原始值：6.8'>6.8</span>,<span title='原始值：7.9965'>8.00</span>,<span title='原始值：9.5829'>9.58</span>,<span title='原始值：181.8014'>181.8</span>,<span title='原始值：1.2597'>1.3</span>,<span title='原始值：1.314'>1.31</span>,<span title='原始值：0.0075'>0.008</span>,<span title='原始值：0.0077'>0.008</span>,<span data-toggle='tooltip' data-placement='right' title='当天质控不合格'>--</span>,--,--
陕西省,黄河流域,魏家堡,02-25 09:00,4,<span title='原始值：10.23'>10.2</span>,<span title='原始值：8.1073'>8.11</span>,<span title='原始值：9.897'>9.90</span>,<span title='原始值：868.6451'>868.6</span>,<span title='原始值：8.2615'>8.3</span>,<span title='原始值：4.262'>4.26</span>,<span title='原始值：1.087'>1.087</span>,<span title='原始值：0.0952'>0.095</span>,<span title='原始值：8.908'>8.91</span>,--,--
陕西省,黄河流域,千河公路桥,02-25 09:00,2,<span title='原始值：10.01'>10.0</span>,<span title='原始值：8.3989'>8.40</span>,<span title='原始值：9.35'>9.35</span>,<span title='原始值：492.5612'>492.6</span>,<span title='原始值：6.6606'>6.7</span>,<span title='原始值：1.238'>1.24</span>,<span title='原始值：0.045'>0.045</span>,<span title='原始值：0.0262'>0.026</span>,<span title='原始值：4.775'>4.78</span>,--,--
陕西省,黄河流域,卧龙寺桥,02-25 09:00,2,<span title='原始值：8.88'>8.9</span>,<span title='原始值：8.3735'>8.37</span>,<span title='原始值：10.106'>10.11</span>,<span title='原始值：1001.754'>1001.8</span>,<span title='原始值：9.6897'>9.7</span>,<span title='原始值：2.718'>2.72</span>,<span title='原始值：0.0228'>0.023</span>,<span title='原始值：0.0196'>0.020</span>,<span title='原始值：6.488'>6.49</span>,--,--
陕西省,长江流域,灶火庵,02-25 09:00,1,<span title='原始值：8.86'>8.9</span>,<span title='原始值：8.1529'>8.15</span>,<span title='原始值：9.8507'>9.85</span>,<span title='原始值：405.1787'>405.2</span>,<span title='原始值：3.6532'>3.7</span>,<span title='原始值：0.6583'>0.66</span>,<span title='原始值：0.0207'>0.021</span>,<span title='原始值：0.0125'>0.012</span>,<span title='原始值：1.7432'>1.74</span>,--,--
陕西省,黄河流域,咸阳铁桥,02-25 08:00,3,<span title='原始值：11.03'>11.0</span>,<span title='原始值：8.1712'>8.17</span>,<span title='原始值：8.9836'>8.98</span>,<span title='原始值：828.9302'>828.9</span>,<span title='原始值：15.4789'>15.5</span>,<span title='原始值：4.5841'>4.58</span>,<span title='原始值：0.1512'>0.151</span>,<span title='原始值：0.0725'>0.072</span>,<span title='原始值：9.4775'>9.48</span>,--,--
陕西省,黄河流域,兴平,02-25 08:00,2,<span title='原始值：10.41'>10.4</span>,<span title='原始值：8.0389'>8.04</span>,<span title='原始值：9.3263'>9.33</span>,<span title='原始值：901.48'>901.5</span>,<span title='原始值：12.8247'>12.8</span>,<span title='原始值：3.4244'>3.42</span>,<span title='原始值：0.043'>0.043</span>,<span title='原始值：0.0499'>0.050</span>,<span title='原始值：10.1129'>10.11</span>,--,--
陕西省,黄河流域,泾河桥,02-25 08:00,1,<span title='原始值：7.87'>7.9</span>,<span title='原始值：8.2912'>8.29</span>,<span title='原始值：11.3334'>11.33</span>,<span title='原始值：1835.34'>1835.3</span>,<span title='原始值：11.5159'>11.5</span>,<span title='原始值：1.5492'>1.55</span>,<span title='原始值：0.1083'>0.108</span>,<span title='原始值：0.0197'>0.020</span>,<span title='原始值：5.8924'>5.89</span>,--,--
陕西省,黄河流域,黑河张家桥,02-25 09:00,2,<span title='原始值：7.28'>7.3</span>,<span title='原始值：8.4146'>8.41</span>,<span title='原始值：10.0264'>10.03</span>,<span title='原始值：728.9825'>729.0</span>,<span title='原始值：122.7849'>122.8</span>,<span title='原始值：1.2683'>1.27</span>,<span title='原始值：0.1629'>0.163</span>,<span title='原始值：0.0397'>0.040</span>,<span title='原始值：4.0707'>4.07</span>,--,--
陕西省,黄河流域,潼关吊桥,02-25 07:00,-1,--,--,--,--,--,--,--,--,--,--,--
陕西省,黄河流域,王谦村,02-25 09:00,3,<span title='原始值：7.677'>7.7</span>,<span title='原始值：8.39'>8.39</span>,<span title='原始值：10.57'>10.57</span>,<span title='原始值：2225.5'>2225.5</span>,<span title='原始值：738.2'>738.2</span>,<span title='原始值：5.829'>5.83</span>,<span title='原始值：0.309'>0.309</span>,<span title='原始值：0.18'>0.180</span>,<span title='原始值：6.431'>6.43</span>,--,--
陕西省,黄河流域,张家庄,02-25 07:00,4,<span title='原始值：9.37'>9.4</span>,<span title='原始值：7.8885'>7.89</span>,<span title='原始值：6.4906'>6.49</span>,<span title='原始值：715.6545'>715.7</span>,<span title='原始值：52.1641'>52.2</span>,<span title='原始值：5.7543'>5.75</span>,<span title='原始值：1.0304'>1.030</span>,<span title='原始值：0.1495'>0.150</span>,<span title='原始值：7.7662'>7.77</span>,--,--
陕西省,黄河流域,杨家畔村,02-25 09:00,3,<span title='原始值：4.88'>4.9</span>,<span title='原始值：8.611919'>8.61</span>,<span title='原始值：9.700872'>9.70</span>,<span title='原始值：1482.085'>1482.1</span>,<span title='原始值：5.725403'>5.7</span>,<span title='原始值：3.371'>3.37</span>,<span title='原始值：0.5501'>0.550</span>,<span title='原始值：0.0301'>0.030</span>,<span title='原始值：8.6941'>8.69</span>,--,--
陕西省,黄河流域,昝家山,02-25 09:00,2,<span title='原始值：6.22'>6.2</span>,<span title='原始值：8.515202'>8.52</span>,<span title='原始值：11.41964'>11.42</span>,<span title='原始值：700.934'>700.9</span>,<span title='原始值：2.917645'>2.9</span>,<span title='原始值：1.651'>1.65</span>,<span title='原始值：0.0211'>0.021</span>,<span title='原始值：0.0241'>0.024</span>,<span title='原始值：5.1261'>5.13</span>,--,--
陕西省,黄河流域,寺滩（阎家滩）,02-25 09:00,2,<span title='原始值：5.81'>5.8</span>,<span title='原始值：8.665456'>8.67</span>,<span title='原始值：10.08959'>10.09</span>,<span title='原始值：1196.425'>1196.4</span>,<span title='原始值：27.98394'>28.0</span>,<span title='原始值：2.091'>2.09</span>,<span title='原始值：0.1511'>0.151</span>,<span title='原始值：0.0301'>0.030</span>,<span title='原始值：6.7311'>6.73</span>,--,--
陕西省,黄河流域,朱家沟,02-25 09:00,5,<span title='原始值：5.65'>5.6</span>,<span title='原始值：8.30409'>8.30</span>,<span title='原始值：10.48988'>10.49</span>,<span title='原始值：1037.739'>1037.7</span>,<span title='原始值：32.28723'>32.3</span>,<span title='原始值：2.771'>2.77</span>,<span title='原始值：1.9731'>1.973</span>,<span title='原始值：0.05151'>0.052</span>,<span title='原始值：7.6921'>7.69</span>,--,--
陕西省,长江流域,烈金坝,02-25 09:00,1,<span title='原始值：9.47'>9.5</span>,<span title='原始值：7.9769'>7.98</span>,<span title='原始值：9.1695'>9.17</span>,<span title='原始值：350.03'>350.0</span>,<span title='原始值：9.107'>9.1</span>,<span title='原始值：0.767'>0.77</span>,--,<span title='原始值：0.0117'>0.012</span>,<span title='原始值：1.1283'>1.13</span>,--,--
陕西省,长江流域,南柳渡,02-25 08:00,2,<span title='原始值：13.15'>13.2</span>,<span title='原始值：7.6877'>7.69</span>,<span title='原始值：6.841'>6.84</span>,<span title='原始值：367.9665'>368.0</span>,<span title='原始值：15.089'>15.1</span>,<span title='原始值：3.039'>3.04</span>,<span title='原始值：0.129'>0.129</span>,<span title='原始值：0.082'>0.082</span>,<span title='原始值：3.079'>3.08</span>,--,--
陕西省,长江流域,白水江,02-25 09:00,1,<span title='原始值：10.66'>10.7</span>,<span title='原始值：8.2651'>8.27</span>,<span title='原始值：9.4896'>9.49</span>,<span title='原始值：378.3672'>378.4</span>,<span title='原始值：14.455'>14.5</span>,<span title='原始值：0.8553'>0.86</span>,<span title='原始值：0.0016'>0.002</span>,<span title='原始值：0.015'>0.015</span>,<span title='原始值：1.5629'>1.56</span>,--,--
陕西省,黄河流域,柏树坪,02-25 09:00,1,<span title='原始值：2.461046'>2.5</span>,<span title='原始值：8.504865'>8.50</span>,<span title='原始值：12.64261'>12.64</span>,<span title='原始值：1146.559'>1146.6</span>,<span title='原始值：32.23252'>32.2</span>,<span title='原始值：1.451'>1.45</span>,<span title='原始值：0.0271'>0.027</span>,<span title='原始值：0.0191'>0.019</span>,<span title='原始值：4.2421'>4.24</span>,--,--
陕西省,黄河流域,温家川(神木窟野河),02-25 09:00,4,<span title='原始值：3.66'>3.7</span>,<span title='原始值：8.662294'>8.66</span>,<span title='原始值：10.1565'>10.16</span>,<span title='原始值：1475.806'>1475.8</span>,<span title='原始值：21.6905'>21.7</span>,<span title='原始值：2.971'>2.97</span>,<span title='原始值：1.4061'>1.406</span>,<span title='原始值：0.1321'>0.132</span>,<span title='原始值：5.1551'>5.16</span>,--,--
陕西省,黄河流域,碛塄,02-25 09:00,1,<span title='原始值：2.87'>2.9</span>,<span title='原始值：8.143522'>8.14</span>,<span title='原始值：10.80309'>10.80</span>,<span title='原始值：1104.275'>1104.3</span>,<span title='原始值：17.06674'>17.1</span>,<span title='原始值：0.721'>0.72</span>,<span title='原始值：0.0381'>0.038</span>,<span title='原始值：0.0171'>0.017</span>,<span title='原始值：3.8111'>3.81</span>,--,--
陕西省,黄河流域,高家川,02-25 09:00,2,<span title='原始值：3.07'>3.1</span>,<span title='原始值：8.567464'>8.57</span>,<span title='原始值：11.56315'>11.56</span>,<span title='原始值：870.779'>870.8</span>,<span title='原始值：101.1306'>101.1</span>,<span title='原始值：1.591'>1.59</span>,<span title='原始值：0.0631'>0.063</span>,<span title='原始值：0.0571'>0.057</span>,<span title='原始值：2.5091'>2.51</span>,--,--
陕西省,黄河流域,鱼河,02-25 09:00,3,<span title='原始值：5.8'>5.8</span>,<span title='原始值：8.448496'>8.45</span>,<span title='原始值：9.597767'>9.60</span>,<span title='原始值：803.641'>803.6</span>,<span title='原始值：38.27115'>38.3</span>,<span title='原始值：2.191'>2.19</span>,<span title='原始值：0.2191'>0.219</span>,<span title='原始值：0.1001'>0.100</span>,<span title='原始值：3.6381'>3.64</span>,--,--
陕西省,长江流域,白河城关,02-25 08:00,1,<span title='原始值：10.87'>10.9</span>,<span title='原始值：8.27'>8.27</span>,<span title='原始值：10.62'>10.62</span>,<span title='原始值：295.8536'>295.9</span>,<span title='原始值：3.11'>3.1</span>,<span title='原始值：1.236'>1.24</span>,<span title='原始值：0.0204'>0.020</span>,<span title='原始值：0.01'>0.010</span>,<span title='原始值：1.229'>1.23</span>,<span title='原始值：0.09614'>0.096</span>,--
陕西省,长江流域,小钢桥,02-25 08:00,1,<span title='原始值：9.83'>9.8</span>,<span title='原始值：8.103'>8.10</span>,<span title='原始值：11.2'>11.20</span>,<span title='原始值：335.67'>335.7</span>,<span title='原始值：9.12'>9.1</span>,<span title='原始值：1.802'>1.80</span>,<span title='原始值：0.0162'>0.016</span>,<span title='原始值：0.0153'>0.015</span>,<span title='原始值：2.285'>2.28</span>,--,--
陕西省,长江流域,老君关,02-25 09:00,2,<span title='原始值：11.1'>11.1</span>,<span title='原始值：8.0916'>8.09</span>,<span title='原始值：10.537'>10.54</span>,<span title='原始值：302.3726'>302.4</span>,<span title='原始值：6.9841'>7.0</span>,<span title='原始值：1.872'>1.87</span>,<span title='原始值：0.0183'>0.018</span>,<span title='原始值：0.0213'>0.021</span>,<span title='原始值：1.46'>1.46</span>,--,--
陕西省,长江流域,瀛湖坝前,02-25 08:00,3,<span title='原始值：12.08'>12.1</span>,<span title='原始值：8.6046'>8.60</span>,<span title='原始值：13.407'>13.41</span>,<span title='原始值：209.3416'>209.3</span>,<span title='原始值：10.6546'>10.7</span>,<span title='原始值：2.053'>2.05</span>,--,<span title='原始值：0.0276'>0.028</span>,<span title='原始值：1.243'>1.24</span>,<span title='原始值：0.05'>0.050</span>,<span title='原始值：4098317'>4098317</span>
陕西省,长江流域,构峪口,02-25 09:00,1,<span title='原始值：6.51'>6.5</span>,<span title='原始值：8.3681'>8.37</span>,<span title='原始值：12.633'>12.63</span>,<span title='原始值：376.0493'>376.0</span>,<span title='原始值：19.0077'>19.0</span>,<span title='原始值：0.899'>0.90</span>,<span title='原始值：0.002'>0.002</span>,<span title='原始值：0.0077'>0.008</span>,<span title='原始值：1.63'>1.63</span>,--,--
陕西省,长江流域,丹凤下,02-25 09:00,2,<span title='原始值：10.64'>10.6</span>,<span title='原始值：8.1267'>8.13</span>,<span title='原始值：9.2654'>9.27</span>,<span title='原始值：480.2402'>480.2</span>,<span title='原始值：11.5621'>11.6</span>,<span title='原始值：2.3418'>2.34</span>,<span title='原始值：0.2213'>0.221</span>,<span title='原始值：0.0867'>0.087</span>,<span title='原始值：5.6565'>5.66</span>,--,--
陕西省,黄河流域,灵口,02-25 09:00,1,<span title='原始值：9.23'>9.2</span>,<span title='原始值：8.2017'>8.20</span>,<span title='原始值：11.2017'>11.20</span>,<span title='原始值：420.582'>420.6</span>,<span title='原始值：4.0547'>4.1</span>,<span title='原始值：1.1613'>1.16</span>,<span title='原始值：0.0211'>0.021</span>,<span title='原始值：0.0135'>0.014</span>,<span title='原始值：1.4916'>1.49</span>,--,--
甘肃省,黄河流域,扶和桥,02-25 08:00,1,<span title='原始值：6.24'>6.2</span>,<span title='原始值：8.03469'>8.03</span>,<span title='原始值：11.1859'>11.19</span>,<span title='原始值：581.1127'>581.1</span>,<span title='原始值：3.47975'>3.5</span>,<span title='原始值：1.09679'>1.10</span>,<span title='原始值：0.04441'>0.044</span>,<span title='原始值：0.00835'>0.008</span>,<span title='原始值：1.57145'>1.57</span>,--,--
甘肃省,黄河流域,新城桥,02-25 09:00,1,<span title='原始值：5.22'>5.2</span>,<span title='原始值：8.2684'>8.27</span>,<span title='原始值：8.9415'>8.94</span>,<span title='原始值：666.934'>666.9</span>,<span title='原始值：4.43'>4.4</span>,<span title='原始值：0.9222'>0.92</span>,<span title='原始值：0.0458'>0.046</span>,<span title='原始值：0.0124'>0.012</span>,<span title='原始值：2.0934'>2.09</span>,--,--
甘肃省,西北诸河,冰沟,02-25 08:00,1,<span title='原始值：2.83'>2.8</span>,<span title='原始值：8.45869'>8.46</span>,<span title='原始值：10.15163'>10.15</span>,<span title='原始值：585.5521'>585.6</span>,<span title='原始值：13.01381'>13.0</span>,<span title='原始值：0.14004'>0.14</span>,<span title='原始值：0.01168'>0.012</span>,<span title='原始值：0.00214'>0.002</span>,<span title='原始值：1.22176'>1.22</span>,--,--
甘肃省,西北诸河,火车站,02-25 08:00,-1,--,--,--,--,--,--,--,--,--,--,--
甘肃省,西北诸河,迎山坡,02-25 08:00,1,<span title='原始值：4.63678'>4.6</span>,<span title='原始值：8.11307'>8.11</span>,<span title='原始值：10.07732'>10.08</span>,<span title='原始值：768.5273'>768.5</span>,<span title='原始值：2.90023'>2.9</span>,<span title='原始值：0.55872'>0.56</span>,<span title='原始值：0.02986'>0.030</span>,<span title='原始值：0.00593'>0.006</span>,<span title='原始值：2.09857'>2.10</span>,--,--
甘肃省,黄河流域,青城桥,02-25 08:00,1,<span title='原始值：5.15308'>5.2</span>,<span title='原始值：8.42758'>8.43</span>,<span title='原始值：9.80697'>9.81</span>,<span title='原始值：764.6043'>764.6</span>,<span title='原始值：1.60032'>1.6</span>,<span title='原始值：0.37338'>0.37</span>,<span title='原始值：0.01867'>0.019</span>,<span title='原始值：0.00377'>0.004</span>,<span title='原始值：2.69495'>2.69</span>,--,--
甘肃省,黄河流域,五佛寺,02-25 09:00,1,<span title='原始值：5.408142'>5.4</span>,<span title='原始值：8.718546'>8.72</span>,<span title='原始值：11.67631'>11.68</span>,<span title='原始值：876.3593'>876.4</span>,<span title='原始值：3.441042'>3.4</span>,<span data-toggle='tooltip' data-placement='right' title='当天质控不合格'>--</span>,<span data-toggle='tooltip' data-placement='right' title='当天质控不合格'>--</span>,<span title='原始值：0.019'>0.019</span>,<span title='原始值：2.819'>2.82</span>,--,--
甘肃省,黄河流域,靖远桥,02-25 08:00,1,<span title='原始值：5.07'>5.1</span>,<span title='原始值：8.27099'>8.27</span>,<span title='原始值：9.26243'>9.26</span>,<span title='原始值：773.0995'>773.1</span>,<span title='原始值：2.33339'>2.3</span>,<span title='原始值：1.2963'>1.30</span>,<span title='原始值：0.0064'>0.006</span>,<span title='原始值：0.00364'>0.004</span>,<span title='原始值：3.09705'>3.10</span>,--,--
甘肃省,黄河流域,桦林,02-25 09:00,3,<span title='原始值：6.3'>6.3</span>,<span title='原始值：8.235'>8.24</span>,<span title='原始值：10.66'>10.66</span>,<span title='原始值：1122'>1122.0</span>,<span title='原始值：27.4'>27.4</span>,<span title='原始值：4.464'>4.46</span>,<span title='原始值：0.128'>0.128</span>,<span title='原始值：0.058'>0.058</span>,<span title='原始值：6.884'>6.88</span>,--,--
甘肃省,黄河流域,葡萄园(牛背),02-25 09:00,2,<span title='原始值：8.44'>8.4</span>,<span title='原始值：8.4452'>8.45</span>,<span title='原始值：10.2806'>10.28</span>,<span title='原始值：1132.837'>1132.8</span>,<span title='原始值：15.3406'>15.3</span>,<span title='原始值：1.954'>1.95</span>,<span title='原始值：0.03'>0.030</span>,<span title='原始值：0.029'>0.029</span>,<span title='原始值：7.378'>7.38</span>,--,--
甘肃省,西北诸河,红崖山水库,02-25 08:00,1,<span title='原始值：3.66092'>3.7</span>,<span title='原始值：8.40861'>8.41</span>,<span title='原始值：10.36337'>10.36</span>,<span title='原始值：680.1143'>680.1</span>,<span title='原始值：6.87764'>6.9</span>,<span title='原始值：1.71554'>1.72</span>,<span title='原始值：0.00701'>0.007</span>,<span title='原始值：0.00752'>0.008</span>,<span title='原始值：2.39856'>2.40</span>,<span title='原始值：0.00346'>0.003</span>,<span title='原始值：217013'>217013</span>
甘肃省,黄河流域,先明峡桥,02-25 08:00,1,<span title='原始值：1.30397'>1.3</span>,<span title='原始值：8.42952'>8.43</span>,<span title='原始值：10.62882'>10.63</span>,<span title='原始值：468.2948'>468.3</span>,<span title='原始值：12.04177'>12.0</span>,<span title='原始值：0.29231'>0.29</span>,<span title='原始值：0.00213'>0.002</span>,<span title='原始值：0.0011'>0.001</span>,<span title='原始值：1.5346'>1.53</span>,--,--
甘肃省,西北诸河,莺落峡,02-25 08:00,1,<span title='原始值：1.58'>1.6</span>,<span title='原始值：8.32753'>8.33</span>,<span title='原始值：10.83713'>10.84</span>,<span title='原始值：749.2512'>749.3</span>,<span title='原始值：4.05772'>4.1</span>,--,--,--,--,--,--
甘肃省,西北诸河,皇城水库,02-25 08:00,1,<span title='原始值：3.96614'>4.0</span>,<span title='原始值：8.03976'>8.04</span>,<span title='原始值：9.9221'>9.92</span>,<span title='原始值：694.7932'>694.8</span>,<span title='原始值：5.52783'>5.5</span>,<span title='原始值：0.27077'>0.27</span>,--,<span title='原始值：0.00217'>0.002</span>,<span title='原始值：1.48311'>1.48</span>,--,--
甘肃省,西北诸河,六坝桥,02-25 08:00,1,<span title='原始值：5.44402'>5.4</span>,<span title='原始值：8.4002'>8.40</span>,<span title='原始值：10.97463'>10.97</span>,<span title='原始值：728.8463'>728.8</span>,<span title='原始值：9.3542'>9.4</span>,<span title='原始值：0.71821'>0.72</span>,<span title='原始值：0.03252'>0.033</span>,<span title='原始值：0.01855'>0.019</span>,<span title='原始值：3.17282'>3.17</span>,--,--
甘肃省,黄河流域,长庆桥,02-25 09:00,2,<span title='原始值：6.72'>6.7</span>,<span title='原始值：8.405876'>8.41</span>,<span title='原始值：9.571091'>9.57</span>,<span title='原始值：942.803'>942.8</span>,<span title='原始值：10.8378'>10.8</span>,<span title='原始值：2.401'>2.40</span>,<span title='原始值：0.0121'>0.012</span>,<span title='原始值：0.0511'>0.051</span>,<span title='原始值：5.3001'>5.30</span>,--,--
甘肃省,长江流域,固水子村,02-25 09:00,2,<span title='原始值：10.26'>10.3</span>,<span title='原始值：8.299'>8.30</span>,<span title='原始值：9.64'>9.64</span>,<span title='原始值：463.9'>463.9</span>,<span title='原始值：49.1'>49.1</span>,<span title='原始值：0.66'>0.66</span>,<span title='原始值：0.152'>0.152</span>,<span title='原始值：0.058'>0.058</span>,<span title='原始值：1.303'>1.30</span>,--,--
甘肃省,长江流域,两水桥,02-25 09:00,1,<span title='原始值：9.34'>9.3</span>,<span title='原始值：8.446874'>8.45</span>,<span title='原始值：9.555033'>9.56</span>,<span title='原始值：423.885'>423.9</span>,<span title='原始值：39.64323'>39.6</span>,<span data-toggle='tooltip' data-placement='right' title='当天质控不合格'>--</span>,--,<span data-toggle='tooltip' data-placement='right' title='当天质控不合格'>--</span>,<span title='原始值：1.2351'>1.24</span>,--,--
甘肃省,黄河流域,折桥,02-25 08:00,2,<span title='原始值：2.8'>2.8</span>,<span title='原始值：8.33441'>8.33</span>,<span title='原始值：9.88861'>9.89</span>,<span title='原始值：486.2267'>486.2</span>,<span title='原始值：19.68719'>19.7</span>,<span title='原始值：2.23835'>2.24</span>,<span title='原始值：0.07026'>0.070</span>,<span title='原始值：0.0287'>0.029</span>,<span title='原始值：3.35503'>3.36</span>,--,--
甘肃省,黄河流域,地沟桥,02-25 08:00,2,<span title='原始值：1.99'>2.0</span>,<span title='原始值：8.52757'>8.53</span>,<span title='原始值：9.19228'>9.19</span>,<span title='原始值：485.635'>485.6</span>,<span title='原始值：46.5203'>46.5</span>,<span title='原始值：2.69081'>2.69</span>,<span title='原始值：0.04834'>0.048</span>,<span title='原始值：0.02641'>0.026</span>,<span title='原始值：3.39107'>3.39</span>,--,--
青海省,黄河流域,小峡桥,02-25 08:00,2,<span title='原始值：4.62234'>4.6</span>,<span title='原始值：8.15025'>8.15</span>,<span title='原始值：8.4581'>8.46</span>,<span title='原始值：965.4368'>965.4</span>,<span title='原始值：31.262'>31.3</span>,<span title='原始值：2.62822'>2.63</span>,<span title='原始值：0.40726'>0.407</span>,<span title='原始值：0.06922'>0.069</span>,<span title='原始值：5.99058'>5.99</span>,--,--
青海省,黄河流域,润泽桥,02-25 08:00,2,<span title='原始值：3.07758'>3.1</span>,<span title='原始值：8.20323'>8.20</span>,<span title='原始值：8.18851'>8.19</span>,<span title='原始值：663.309'>663.3</span>,<span title='原始值：9.82359'>9.8</span>,<span data-toggle='tooltip' data-placement='right' title='当天质控不合格'>--</span>,<span data-toggle='tooltip' data-placement='right' title='当天质控不合格'>--</span>,<span title='原始值：0.02061'>0.021</span>,<span data-toggle='tooltip' data-placement='right' title='当天质控不合格'>--</span>,--,--
青海省,黄河流域,大河家,02-25 07:00,1,<span title='原始值：5.72205'>5.7</span>,<span title='原始值：8.43224'>8.43</span>,<span title='原始值：9.38118'>9.38</span>,<span title='原始值：512.4784'>512.5</span>,<span title='原始值：9.88461'>9.9</span>,<span title='原始值：1.1601'>1.16</span>,<span title='原始值：0.01433'>0.014</span>,<span title='原始值：0.00294'>0.003</span>,<span title='原始值：0.7405'>0.74</span>,--,--
青海省,黄河流域,边墙村（民和桥）,02-25 08:00,2,<span title='原始值：5.79837'>5.8</span>,<span title='原始值：8.43852'>8.44</span>,<span title='原始值：8.93755'>8.94</span>,<span title='原始值：1007.57'>1007.6</span>,<span title='原始值：24.04239'>24.0</span>,<span title='原始值：1.89427'>1.89</span>,<span title='原始值：0.11815'>0.118</span>,<span title='原始值：0.02489'>0.025</span>,<span title='原始值：3.74056'>3.74</span>,--,--
青海省,黄河流域,峡塘,02-25 08:00,1,<span title='原始值：1.38535'>1.4</span>,<span title='原始值：8.42705'>8.43</span>,<span title='原始值：9.05629'>9.06</span>,<span title='原始值：527.0591'>527.1</span>,<span title='原始值：755.5454'>755.5</span>,--,<span title='原始值：0.00272'>0.003</span>,<span title='原始值：0.00325'>0.003</span>,<span title='原始值：1.18224'>1.18</span>,--,--
青海省,黄河流域,金滩,02-25 08:00,1,<span title='原始值：3.62902'>3.6</span>,<span title='原始值：8.34946'>8.35</span>,<span title='原始值：7.54591'>7.55</span>,<span title='原始值：571.4489'>571.4</span>,<span title='原始值：3.05784'>3.1</span>,<span title='原始值：1.52827'>1.53</span>,<span title='原始值：0.00535'>0.005</span>,<span title='原始值：0.00455'>0.005</span>,<span title='原始值：1.93486'>1.93</span>,--,--
青海省,西北诸河,布哈河入青海湖口,02-25 08:00,1,<span title='原始值：1.39096'>1.4</span>,<span title='原始值：7.97482'>7.97</span>,<span title='原始值：7.72818'>7.73</span>,<span title='原始值：501.279'>501.3</span>,<span title='原始值：2.51836'>2.5</span>,<span title='原始值：0.28372'>0.28</span>,<span title='原始值：0.01019'>0.010</span>,<span title='原始值：0.00335'>0.003</span>,<span title='原始值：0.97095'>0.97</span>,--,--
青海省,黄河流域,唐乃亥,02-25 08:00,1,<span title='原始值：1.81596'>1.8</span>,<span title='原始值：8.51268'>8.51</span>,<span title='原始值：9.57983'>9.58</span>,<span title='原始值：495.3161'>495.3</span>,<span title='原始值：27.55259'>27.6</span>,<span title='原始值：0.77459'>0.77</span>,<span title='原始值：0.00368'>0.004</span>,<span title='原始值：0.00616'>0.006</span>,<span title='原始值：0.97767'>0.98</span>,--,--
青海省,黄河流域,龙羊峡库区出水口,02-25 08:00,1,<span title='原始值：6.22284'>6.2</span>,<span title='原始值：8.40784'>8.41</span>,<span title='原始值：9.95142'>9.95</span>,<span title='原始值：468.6382'>468.6</span>,<span title='原始值：2.66285'>2.7</span>,<span title='原始值：1.18189'>1.18</span>,<span title='原始值：0.00697'>0.007</span>,<span title='原始值：0.00724'>0.007</span>,<span title='原始值：0.7221'>0.72</span>,<span title='原始值：0.00205'>0.002</span>,<span title='原始值：265754.1'>265754</span>
青海省,长江流域,直门达,02-25 07:00,1,<span title='原始值：0.945'>0.9</span>,<span title='原始值：8.6163'>8.62</span>,<span title='原始值：10.0038'>10.00</span>,<span title='原始值：2375.625'>2375.6</span>,<span title='原始值：0.31'>0.3</span>,<span title='原始值：0.208'>0.21</span>,<span title='原始值：0.0414'>0.041</span>,<span title='原始值：0.0004'>0.0004</span>,<span title='原始值：0.9056183'>0.91</span>,--,--
青海省,西北诸河,总场水闸,02-25 08:00,1,<span title='原始值：3.06'>3.1</span>,<span title='原始值：8.48181'>8.48</span>,<span title='原始值：9.64514'>9.65</span>,<span title='原始值：956.9937'>957.0</span>,<span title='原始值：38.79877'>38.8</span>,<span title='原始值：0.09365'>0.09</span>,<span title='原始值：0.00338'>0.003</span>,<span title='原始值：0.00484'>0.005</span>,<span title='原始值：0.58266'>0.58</span>,--,--
青海省,西北诸河,纳赤台,02-25 08:00,1,<span title='原始值：1.87'>1.9</span>,<span title='原始值：8.32987'>8.33</span>,<span title='原始值：9.04871'>9.05</span>,<span title='原始值：763.9503'>764.0</span>,<span title='原始值：6.35533'>6.4</span>,<span title='原始值：0.10966'>0.11</span>,<span title='原始值：0.00579'>0.006</span>,<span title='原始值：0.01032'>0.010</span>,<span title='原始值：0.69706'>0.70</span>,--,--
青海省,西北诸河,德令哈市水厂旁,02-25 08:00,1,<span title='原始值：4.30224'>4.3</span>,<span title='原始值：8.12596'>8.13</span>,<span title='原始值：8.60871'>8.61</span>,<span title='原始值：763.4184'>763.4</span>,<span title='原始值：0.40531'>0.4</span>,<span title='原始值：0.194'>0.19</span>,<span title='原始值：0.0036'>0.004</span>,<span title='原始值：0.00385'>0.004</span>,<span title='原始值：1.20188'>1.20</span>,--,--
宁夏回族自治区,黄河流域,叶盛公路桥,02-25 08:00,1,<span title='原始值：5.81'>5.8</span>,<span title='原始值：8.39'>8.39</span>,<span title='原始值：9.341'>9.34</span>,<span title='原始值：944.8'>944.8</span>,<span title='原始值：1.48'>1.5</span>,<span title='原始值：1.422'>1.42</span>,<span title='原始值：0.0075'>0.008</span>,<span title='原始值：0.0095'>0.010</span>,<span title='原始值：3.394'>3.39</span>,--,--
宁夏回族自治区,黄河流域,银古公路桥,02-25 08:00,1,<span title='原始值：19.45985'>19.5</span>,<span title='原始值：8.74445'>8.74</span>,<span title='原始值：8.06706'>8.07</span>,<span title='原始值：959.4863'>959.5</span>,<span title='原始值：143.2006'>143.2</span>,<span title='原始值：1.27945'>1.28</span>,<span title='原始值：0.00722'>0.007</span>,<span title='原始值：0.00874'>0.009</span>,<span title='原始值：3.71096'>3.71</span>,--,--
宁夏回族自治区,黄河流域,平罗黄河大桥,02-25 09:00,2,<span title='原始值：10.11'>10.1</span>,<span title='原始值：8.51'>8.51</span>,<span title='原始值：7.15'>7.15</span>,<span title='原始值：1203.46'>1203.5</span>,<span title='原始值：62.13'>62.1</span>,<span title='原始值：1.91'>1.91</span>,<span title='原始值：0.208'>0.208</span>,<span title='原始值：0.026'>0.026</span>,<span title='原始值：3.263'>3.26</span>,--,--
宁夏回族自治区,黄河流域,沙湖,02-25 09:00,4,<span title='原始值：5.47'>5.5</span>,<span title='原始值：8.45'>8.45</span>,<span title='原始值：11.721'>11.72</span>,<span title='原始值：1972.6'>1972.6</span>,<span title='原始值：9.28'>9.3</span>,<span title='原始值：6.032'>6.03</span>,<span title='原始值：0.1302'>0.130</span>,<span title='原始值：0.0172'>0.017</span>,<span title='原始值：0.974'>0.97</span>,<span title='原始值：0.00286'>0.003</span>,<span title='原始值：794000'>794000</span>
宁夏回族自治区,黄河流域,金沙湾,02-25 09:00,1,<span title='原始值：7.193'>7.2</span>,<span title='原始值：8.57'>8.57</span>,<span title='原始值：11.1148'>11.11</span>,<span title='原始值：1078.2'>1078.2</span>,<span title='原始值：3.4375'>3.4</span>,<span title='原始值：1.472'>1.47</span>,<span title='原始值：0.002'>0.002</span>,<span title='原始值：0.013'>0.013</span>,<span title='原始值：3.021'>3.02</span>,--,--
宁夏回族自治区,黄河流域,弹筝峡,02-25 09:00,2,<span title='原始值：2.84'>2.8</span>,<span title='原始值：8.45'>8.45</span>,<span title='原始值：12.108'>12.11</span>,<span title='原始值：754.2'>754.2</span>,<span title='原始值：7.528'>7.5</span>,<span title='原始值：0.941'>0.94</span>,<span title='原始值：0.012'>0.012</span>,<span title='原始值：0.056'>0.056</span>,<span title='原始值：4.31'>4.31</span>,--,--
宁夏回族自治区,黄河流域,沟圈,02-25 09:00,1,<span title='原始值：1.01'>1.0</span>,<span title='原始值：8.547233'>8.55</span>,<span title='原始值：10.70775'>10.71</span>,<span title='原始值：1619.166'>1619.2</span>,<span title='原始值：26.64573'>26.6</span>,<span data-toggle='tooltip' data-placement='right' title='当天质控不合格'>--</span>,<span title='原始值：0.0431'>0.043</span>,<span title='原始值：0.0111'>0.011</span>,<span title='原始值：1.8121'>1.81</span>,--,--
宁夏回族自治区,黄河流域,中卫下河沿(新墩),02-25 09:00,1,<span title='原始值：6.2'>6.2</span>,<span title='原始值：8.49'>8.49</span>,<span title='原始值：10.65'>10.65</span>,<span title='原始值：876'>876.0</span>,<span title='原始值：17'>17.0</span>,<span title='原始值：1.64'>1.64</span>,--,<span title='原始值：0.0151'>0.015</span>,<span title='原始值：3.414'>3.41</span>,--,--
宁夏回族自治区,黄河流域,泉眼山,02-25 09:00,2,<span title='原始值：6.38'>6.4</span>,<span title='原始值：8.326039'>8.33</span>,<span title='原始值：10.3083'>10.31</span>,<span title='原始值：8956.059'>8956.1</span>,<span title='原始值：99.46558'>99.5</span>,<span title='原始值：3.701'>3.70</span>,<span title='原始值：0.2371'>0.237</span>,<span title='原始值：0.04441'>0.044</span>,<span title='原始值：24.6371'>24.64</span>,--,--
新疆维吾尔自治区,西北诸河,青年渠,02-25 08:00,1,<span title='原始值：6.1'>6.1</span>,<span title='原始值：8.34851'>8.35</span>,<span title='原始值：12.23832'>12.24</span>,<span title='原始值：478.8231'>478.8</span>,<span title='原始值：13.72076'>13.7</span>,<span title='原始值：0.26'>0.26</span>,<span title='原始值：0.00458'>0.005</span>,<span title='原始值：0.0026'>0.003</span>,<span title='原始值：1.52278'>1.52</span>,--,--
新疆维吾尔自治区,西北诸河,七纺桥,02-25 08:00,1,<span title='原始值：9.59'>9.6</span>,<span title='原始值：8.35534'>8.36</span>,<span title='原始值：9.12614'>9.13</span>,<span title='原始值：1931.079'>1931.1</span>,<span title='原始值：1.12264'>1.1</span>,<span title='原始值：0.91032'>0.91</span>,<span title='原始值：0.03151'>0.032</span>,<span title='原始值：0.01898'>0.019</span>,<span title='原始值：10.68116'>10.68</span>,--,--
新疆维吾尔自治区,西北诸河,哈尔莫墩,02-25 08:00,1,<span title='原始值：2.5'>2.5</span>,<span title='原始值：8.38584'>8.39</span>,<span title='原始值：10.54918'>10.55</span>,<span title='原始值：361.1865'>361.2</span>,<span title='原始值：2.8019'>2.8</span>,<span title='原始值：0.11388'>0.11</span>,<span title='原始值：0.00113'>0.001</span>,<span title='原始值：0.00263'>0.003</span>,<span title='原始值：0.66782'>0.67</span>,--,--
新疆维吾尔自治区,西北诸河,汇合口,02-25 08:00,1,<span title='原始值：21'>21.0</span>,<span title='原始值：8.41674'>8.42</span>,<span title='原始值：7.53373'>7.53</span>,<span title='原始值：1241.022'>1241.0</span>,<span title='原始值：3.58341'>3.6</span>,--,--,--,--,--,--
新疆维吾尔自治区,西北诸河,塔提让,02-25 08:00,1,<span title='原始值：4.5'>4.5</span>,<span title='原始值：8.43403'>8.43</span>,<span title='原始值：11.37954'>11.38</span>,<span title='原始值：1328.647'>1328.6</span>,<span title='原始值：163.6497'>163.6</span>,<span title='原始值：0.146'>0.15</span>,<span title='原始值：0.00092'>0.001</span>,<span title='原始值：0.00412'>0.004</span>,<span title='原始值：0.82043'>0.82</span>,--,--
新疆维吾尔自治区,西北诸河,龙口,02-25 08:00,1,<span title='原始值：5.89187'>5.9</span>,<span title='原始值：8.41715'>8.42</span>,<span title='原始值：10.37872'>10.38</span>,<span title='原始值：722.587'>722.6</span>,<span title='原始值：19.61162'>19.6</span>,<span title='原始值：0.16622'>0.17</span>,<span title='原始值：0.00385'>0.004</span>,<span title='原始值：0.00073'>0.001</span>,<span title='原始值：1.38438'>1.38</span>,--,--
新疆维吾尔自治区,西北诸河,塔里木拦河闸,02-25 08:00,1,<span title='原始值：7.12938'>7.1</span>,<span title='原始值：8.19016'>8.19</span>,<span title='原始值：9.63506'>9.64</span>,<span title='原始值：902.384'>902.4</span>,<span title='原始值：12.03554'>12.0</span>,<span title='原始值：0.61475'>0.61</span>,<span title='原始值：0.00354'>0.004</span>,<span title='原始值：0.00277'>0.003</span>,<span title='原始值：1.17236'>1.17</span>,--,--
新疆维吾尔自治区,西北诸河,十二医院,02-25 08:00,1,<span title='原始值：9.77'>9.8</span>,<span title='原始值：7.8616'>7.86</span>,<span title='原始值：9.42941'>9.43</span>,<span title='原始值：1287.078'>1287.1</span>,<span title='原始值：23.80347'>23.8</span>,<span title='原始值：0.42514'>0.43</span>,<span title='原始值：0.0205'>0.020</span>,<span title='原始值：0.00583'>0.006</span>,<span title='原始值：0.90374'>0.90</span>,--,--
新疆维吾尔自治区,西北诸河,依干其渡口,02-25 08:00,1,<span title='原始值：7.7'>7.7</span>,<span title='原始值：8.47275'>8.47</span>,<span title='原始值：9.93404'>9.93</span>,<span title='原始值：580.2773'>580.3</span>,<span title='原始值：1.06028'>1.1</span>,<span title='原始值：0.143'>0.14</span>,<span title='原始值：0.00539'>0.005</span>,<span title='原始值：0.00193'>0.002</span>,<span title='原始值：0.64664'>0.65</span>,--,--
新疆维吾尔自治区,西北诸河,喀河大桥,02-25 08:00,1,<span title='原始值：6.59829'>6.6</span>,<span title='原始值：8.01681'>8.02</span>,<span title='原始值：8.74325'>8.74</span>,<span title='原始值：1182.212'>1182.2</span>,<span title='原始值：0.33059'>0.3</span>,<span title='原始值：1.05242'>1.05</span>,<span title='原始值：0.00952'>0.010</span>,<span title='原始值：0.00281'>0.003</span>,<span title='原始值：0.69036'>0.69</span>,--,--
新疆维吾尔自治区,西北诸河,科布大桥,02-25 08:00,1,<span title='原始值：3.16597'>3.2</span>,<span title='原始值：8.40521'>8.41</span>,<span title='原始值：11.62723'>11.63</span>,<span title='原始值：405.6988'>405.7</span>,<span title='原始值：38.32576'>38.3</span>,<span title='原始值：1.25092'>1.25</span>,<span title='原始值：0.00855'>0.009</span>,<span title='原始值：0.01312'>0.013</span>,<span title='原始值：1.46441'>1.46</span>,--,--
新疆维吾尔自治区,西北诸河,龙口大桥,02-25 08:00,1,<span title='原始值：2.62888'>2.6</span>,<span title='原始值：7.8597'>7.86</span>,<span title='原始值：11.92807'>11.93</span>,<span title='原始值：414.6911'>414.7</span>,<span title='原始值：4.78689'>4.8</span>,<span title='原始值：0.25'>0.25</span>,<span title='原始值：0.00098'>0.001</span>,<span title='原始值：0.00455'>0.005</span>,--,--,--
新疆维吾尔自治区,西北诸河,羊场大桥,02-25 08:00,2,<span title='原始值：5.93'>5.9</span>,<span title='原始值：8.10964'>8.11</span>,<span title='原始值：10.23826'>10.24</span>,<span title='原始值：897.5705'>897.6</span>,<span title='原始值：100.1624'>100.2</span>,<span title='原始值：2.87709'>2.88</span>,<span title='原始值：0.08597'>0.086</span>,<span title='原始值：0.04879'>0.049</span>,<span title='原始值：2.35799'>2.36</span>,--,--
新疆维吾尔自治区,西北诸河,喀什河大桥,02-25 08:00,1,<span title='原始值：3.46'>3.5</span>,<span title='原始值：7.88087'>7.88</span>,<span title='原始值：13.03435'>13.03</span>,<span title='原始值：371.9461'>371.9</span>,<span title='原始值：9.85848'>9.9</span>,<span title='原始值：0.199'>0.20</span>,<span title='原始值：0.00359'>0.004</span>,<span title='原始值：0.00608'>0.006</span>,<span title='原始值：1.23426'>1.23</span>,--,--
新疆维吾尔自治区,西北诸河,霍城63团伊犁河大桥,02-25 08:00,1,<span title='原始值：4.668'>4.7</span>,<span title='原始值：8.075'>8.08</span>,<span title='原始值：12.17'>12.17</span>,<span title='原始值：563.05'>563.0</span>,<span title='原始值：20.46'>20.5</span>,<span title='原始值：1.339'>1.34</span>,<span title='原始值：0.015'>0.015</span>,<span title='原始值：0.014'>0.014</span>,<span title='原始值：2.024'>2.02</span>,--,--
新疆维吾尔自治区,西北诸河,英牙尔乡,02-25 08:00,1,<span title='原始值：5.06401'>5.1</span>,<span title='原始值：8.25563'>8.26</span>,<span title='原始值：12.78021'>12.78</span>,<span title='原始值：535.5895'>535.6</span>,<span title='原始值：109.5032'>109.5</span>,<span title='原始值：0.60759'>0.61</span>,<span title='原始值：0.00822'>0.008</span>,<span title='原始值：0.00973'>0.010</span>,<span title='原始值：1.78067'>1.78</span>,--,--
新疆维吾尔自治区,西北诸河,雅马渡大桥,02-25 09:00,1,<span title='原始值：4.276'>4.3</span>,<span title='原始值：8.056'>8.06</span>,<span title='原始值：9.419'>9.42</span>,<span title='原始值：361.149'>361.1</span>,<span title='原始值：6.454'>6.5</span>,<span title='原始值：0.812'>0.81</span>,<span title='原始值：0.013'>0.013</span>,<span title='原始值：0.009'>0.009</span>,<span title='原始值：1.856'>1.86</span>,--,--
新疆维吾尔自治区,西北诸河,布尔津河大桥,02-25 08:00,1,<span title='原始值：3.03'>3.0</span>,<span title='原始值：7.25476'>7.25</span>,<span title='原始值：11.46052'>11.46</span>,<span title='原始值：70.66886'>70.7</span>,<span title='原始值：29.83438'>29.8</span>,<span title='原始值：0.66818'>0.67</span>,<span title='原始值：0.00517'>0.005</span>,<span title='原始值：0.00378'>0.004</span>,<span title='原始值：0.50609'>0.51</span>,--,--
新疆维吾尔自治区,西北诸河,乌伦古湖码头,02-25 08:00,3,<span title='原始值：2.87154'>2.9</span>,<span title='原始值：8.74823'>8.75</span>,<span title='原始值：10.86244'>10.86</span>,<span title='原始值：4540.222'>4540.2</span>,<span title='原始值：8.51574'>8.5</span>,<span title='原始值：4.04853'>4.05</span>,<span title='原始值：0.02033'>0.020</span>,<span title='原始值：0.01007'>0.010</span>,<span title='原始值：0.34873'>0.35</span>,<span title='原始值：0.00297'>0.003</span>,<span title='原始值：514284.5'>514284</span>
新疆维吾尔自治区,西北诸河,北屯大桥,02-25 08:00,1,<span title='原始值：9.10857'>9.1</span>,<span title='原始值：7.4112'>7.41</span>,<span title='原始值：10.32918'>10.33</span>,<span title='原始值：244.632'>244.6</span>,<span title='原始值：8.89608'>8.9</span>,<span title='原始值：1.67496'>1.67</span>,<span title='原始值：0.01168'>0.012</span>,<span title='原始值：0.00592'>0.006</span>,<span title='原始值：0.53984'>0.54</span>,--,--
新疆维吾尔自治区,西北诸河,布尔津水文站,02-25 08:00,1,<span title='原始值：4.54'>4.5</span>,<span title='原始值：6.87812'>6.88</span>,<span title='原始值：7.91083'>7.91</span>,<span title='原始值：1000.354'>1000.4</span>,<span title='原始值：13.86059'>13.9</span>,<span title='原始值：0.98765'>0.99</span>,<span title='原始值：0.0224'>0.022</span>,<span title='原始值：0.00803'>0.008</span>,<span title='原始值：4.67464'>4.67</span>,--,--
新疆维吾尔自治区,西北诸河,额河南湾,02-25 09:00,6,<span title='原始值：1.008'>1.0</span>,<span title='原始值：4.165'>4.16</span>,<span title='原始值：10.565'>10.56</span>,--,<span title='原始值：83.851'>83.9</span>,<span title='原始值：1.631'>1.63</span>,<span title='原始值：0.006'>0.006</span>,--,--,--,--
